ticker,name,market,locale,primary_exchange,type,active,currency_name,cik,composite_figi,share_class_figi,last_updated_utc
A,Agilent Technologies Inc.,stocks,us,XNYS,CS,True,usd,0001090872,BBG000C2V3D6,BBG001SCTQY4,2025-10-05T06:05:16.272214662Z
AA,Alcoa Corporation,stocks,us,XNYS,CS,True,usd,0001675149,BBG00B3T3HD3,BBG00B3T3HF1,2025-10-05T06:05:16.272215594Z
AAA,Alternative Access First Priority CLO Bond ETF,stocks,us,ARCX,ETF,True,usd,0001776878,BBG01B0JRCS6,BBG01B0JRCT5,2025-10-05T06:05:16.272215794Z
AAAA,Amplius Aggressive Asset Allocation ETF,stocks,us,BATS,ETF,True,usd,,BBG01W275XX6,BBG01W275ZB5,2025-10-05T06:05:16.272215975Z
AAAU,Goldman Sachs Physical Gold ETF Shares,stocks,us,BATS,ETF,True,usd,0001708646,BBG00LPXX872,BBG00LPXX8Z1,2025-10-05T06:05:16.272216305Z
AACB,Artius II Acquisition Inc. Class A Ordinary Shares,stocks,us,XNAS,CS,True,usd,0002034334,,,2025-10-05T06:05:16.272216496Z
AACBR,Artius II Acquisition Inc. Rights,stocks,us,XNAS,RIGHT,True,usd,0002034334,,,2025-10-05T06:05:16.272216696Z
AACBU,Artius II Acquisition Inc. Units,stocks,us,XNAS,UNIT,True,usd,0002034334,,,2025-10-05T06:05:16.272216876Z
AACG,ATA Creativity Global American Depositary Shares,stocks,us,XNAS,ADRC,True,usd,0001420529,BBG000V2S3P6,BBG001T125S9,2025-10-05T06:05:16.272217067Z
AACI,Armada Acquisition Corp. II Class A Ordinary Shares,stocks,us,XNAS,CS,True,usd,0002044009,,,2025-10-05T06:05:16.272217257Z
AACIU,Armada Acquisition Corp. II Units,stocks,us,XNAS,UNIT,True,usd,0002044009,,,2025-10-05T06:05:16.272217337Z
AACIW,Armada Acquisition Corp. II Warrant,stocks,us,XNAS,WARRANT,True,usd,0002044009,,,2025-10-05T06:05:16.272217538Z
AADR,AdvisorShares Dorsey Wright ADR ETF,stocks,us,XNAS,ETF,True,usd,0001408970,BBG000BDYRW6,BBG001T9B1Y4,2025-10-05T06:05:16.272217678Z
AAL,American Airlines Group Inc.,stocks,us,XNAS,CS,True,usd,0000006201,BBG005P7Q881,BBG005P7Q907,2025-10-05T06:05:16.272217758Z
AALG,Leverage Shares 2X Long AAL Daily ETF,stocks,us,XNAS,ETF,True,usd,0001976322,BBG01VH49P35,BBG01VH49Q06,2025-10-05T06:05:16.272217848Z
AAM,AA Mission Acquisition Corp.,stocks,us,XNYS,CS,True,usd,0002012964,,,2025-10-05T06:05:16.272217928Z
AAM.U,"AA Mission Acquisition Corp. Units, each consisting of one Class A Ordinary Share and one-half of one redeemable warrant",stocks,us,XNYS,UNIT,True,usd,0002012964,,,2025-10-05T06:05:16.272218009Z
AAM.WS,"AA Mission Acquisition Corp. Warrants, each whole warrant entitles the holder to purchase one Class A ordinary share at a price of $11.50 per share",stocks,us,XNYS,WARRANT,True,usd,0002012964,,,2025-10-05T06:05:16.272218339Z
AAME,Atlantic American Corp,stocks,us,XNAS,CS,True,usd,0000008177,BBG000B9XB24,BBG001S5N8T1,2025-10-05T06:05:16.272218419Z
AAMI,Acadian Asset Management Inc.,stocks,us,XNYS,CS,True,usd,0001748824,BBG00P2HLNY3,BBG00P2HLNZ2,2025-10-05T06:05:16.27221857Z
AAOI,"Applied Optoelectronics, Inc.",stocks,us,XNAS,CS,True,usd,0001158114,BBG000D6VW15,BBG001SG47G4,2025-10-05T06:05:16.27221875Z
AAON,Aaon Inc,stocks,us,XNAS,CS,True,usd,0000824142,BBG000C2LZP3,BBG001S6CZK0,2025-10-05T06:05:16.27221883Z
AAP,ADVANCE AUTO PARTS INC,stocks,us,XNYS,CS,True,usd,0001158449,BBG000F7RCJ1,BBG001SD2SB2,2025-10-05T06:05:16.27221891Z
AAPB,GraniteShares ETF Trust GraniteShares 2x Long AAPL Daily ETF,stocks,us,XNAS,ETF,True,usd,0001689873,BBG0193F21N2,BBG0193F22H7,2025-10-05T06:05:16.27221899Z
AAPD,Direxion Daily AAPL Bear 1X Shares,stocks,us,XNAS,ETF,True,usd,,BBG0193YGJ57,BBG0193YGK09,2025-10-05T06:05:16.272219071Z
AAPG,Ascentage Pharma Group International American Depository Shares,stocks,us,XNAS,ADRC,True,usd,0002023311,BBG01RJXM9C9,BBG01RJXMB89,2025-10-05T06:05:16.272219151Z
AAPL,Apple Inc.,stocks,us,XNAS,CS,True,usd,0000320193,BBG000B9XRY4,BBG001S5N8V8,2025-10-05T06:05:16.272219231Z
AAPR,Innovator Equity Defined Protection ETF - 2 Yr to April 2026,stocks,us,BATS,ETF,True,usd,0001415726,BBG01M698CQ1,BBG01M698DK5,2025-10-05T06:05:16.272219321Z
AAPU,Direxion Shares ETF Trust Direxion Daily AAPL Bull 2X Shares,stocks,us,XNAS,ETF,True,usd,,BBG0193YBZ92,BBG0193YC043,2025-10-05T06:05:16.272219471Z
AAPW,Roundhill AAPL WeeklyPay ETF,stocks,us,BATS,ETF,True,usd,,BBG01SCFVRC3,BBG01SCFVS86,2025-10-05T06:05:16.272219541Z
AAPX,T-Rex 2X Long Apple Daily Target ETF,stocks,us,BATS,ETF,True,usd,,BBG01KY72SD3,BBG01KY72T78,2025-10-05T06:05:16.272219622Z
AAPY,Kurv Yield Premium Strategy Apple (AAPL) ETF,stocks,us,BATS,ETF,True,usd,0001848758,BBG01QY0GMH9,BBG01QY0GNH7,2025-10-05T06:05:16.272219702Z
AARD,"Aardvark Therapeutics, Inc. Common Stock",stocks,us,XNAS,CS,True,usd,0001774857,BBG01223DLB2,BBG01223DLC1,2025-10-05T06:05:16.272219792Z
AAT,"AMERICAN ASSETS TRUST, INC.",stocks,us,XNYS,CS,True,usd,0001500217,BBG00161BCR0,BBG001TCBJS5,2025-10-05T06:05:16.272220143Z
AAUC,Allied Gold Corporation,stocks,us,XNYS,CS,True,usd,0001993344,BBG01K0WWT59,BBG01J3PPZ58,2025-10-05T06:05:16.272220223Z
AAUM,Tema Alternative Asset Managers ETF,stocks,us,BATS,ETF,True,usd,0002056807,BBG01X2NVVB8,BBG01X2NVW80,2025-10-05T06:05:16.272220353Z
AAUS,Alpha Architect US Equity ETF,stocks,us,XNAS,ETF,True,usd,,BBG01W26H9C1,BBG01W26HBL6,2025-10-05T06:05:16.272220433Z
AAVM,EA Series Trust Alpha Architect Global Factor Equity ETF,stocks,us,XNAS,ETF,True,usd,,BBG00GM1DQV1,BBG00GM1DRK1,2025-10-05T06:05:16.272220573Z
AAXJ,iShares MSCI All Country Asia ex Japan ETF,stocks,us,XNAS,ETF,True,usd,0001100663,BBG000G6GXC5,BBG001T2V2D8,2025-10-05T06:05:16.272220754Z
AB,"AllianceBernstein Holding, L.P.",stocks,us,XNYS,CS,True,usd,0000825313,BBG000B9WM03,BBG001S5N9S0,2025-10-05T06:05:16.272220844Z
ABAT,American Battery Technology Company Common Stock,stocks,us,XNAS,CS,True,usd,0001576873,BBG004M1KJN5,BBG004M1KJP3,2025-10-05T06:05:16.272220914Z
ABBV,ABBVIE INC.,stocks,us,XNYS,CS,True,usd,0001551152,BBG0025Y4RY4,BBG0025Y4RZ3,2025-10-05T06:05:16.272221004Z
ABCB,Ameris Bancorp,stocks,us,XNYS,CS,True,usd,0000351569,BBG000CDY3H5,BBG001S80PX7,2025-10-05T06:05:16.272221084Z
ABCL,AbCellera Biologics Inc. Common Shares,stocks,us,XNAS,CS,True,usd,0001703057,BBG00LLW2MF2,BBG00LLW2MH0,2025-10-05T06:05:16.272221165Z
ABCS,Alpha Blue Capital US Small-Mid Cap Dynamic ETF,stocks,us,XNAS,ETF,True,usd,,BBG01KMFQRF2,BBG01KMFQS88,2025-10-05T06:05:16.272221355Z
ABEO,Abeona Therapeutics Inc. Common Stock,stocks,us,XNAS,CS,True,usd,0000318306,BBG000DT5D52,BBG001S8T7K0,2025-10-05T06:05:16.272221445Z
ABEQ,Absolute Select Value ETF,stocks,us,ARCX,ETF,True,usd,0001199046,BBG00RHHGQY2,BBG00RHHGRP0,2025-10-05T06:05:16.272221525Z
ABEV,AMBEV S.A.,stocks,us,XNYS,ADRC,True,usd,0001565025,BBG000BN5VZ4,BBG005KLVT74,2025-10-05T06:05:16.272221605Z
ABFL,Abacus FCF Leaders ETF,stocks,us,BATS,ETF,True,usd,,BBG00DW3P010,BBG00DW3P029,2025-10-05T06:05:16.272221686Z
ABG,"Asbury Automotive Group, Inc.",stocks,us,XNYS,CS,True,usd,0001144980,BBG000BKDWB5,BBG001S9B5H5,2025-10-05T06:05:16.272222066Z
ABI,VictoryShares Pioneer Asset-Based Income ETF,stocks,us,XNAS,ETF,True,usd,,BBG01VCKWDB6,BBG01VCKWFN8,2025-10-05T06:05:16.272222146Z
ABIG,Argent Large Cap ETF,stocks,us,XNAS,ETF,True,usd,,BBG01TCJ3701,BBG01TCJ37Z3,2025-10-05T06:05:16.272222267Z
ABL,"Abacus Global Management, Inc. Class A Common Stock",stocks,us,XNAS,CS,True,usd,0001814287,BBG00VY1KB95,BBG00VY1KBC1,2025-10-05T06:05:16.272222347Z
ABLD,Abacus FCF Real Assets Leaders ETF,stocks,us,BATS,ETF,True,usd,,BBG0141PBK24,BBG0141PBL04,2025-10-05T06:05:16.272222427Z
ABLG,Abacus FCF International Leaders ETF,stocks,us,BATS,ETF,True,usd,,BBG00H1J5D96,BBG00H1J5FN5,2025-10-05T06:05:16.272222507Z
ABLLL,"Abacus Global Management, Inc. 9.875% Fixed Rate Senior Notes due 2028",stocks,us,XNAS,CS,True,usd,0001814287,,,2025-10-05T06:05:16.272222718Z
ABLS,Abacus FCF Small Cap Leaders ETF,stocks,us,BATS,ETF,True,usd,,BBG01SCGBTV8,BBG01SCGBVT6,2025-10-05T06:05:16.272222798Z
ABLV,Able View Global Inc. Class B Ordinary Shares,stocks,us,XNAS,CS,True,usd,0001957489,,,2025-10-05T06:05:16.272222878Z
ABLVW,Able View Global Inc. Warrant,stocks,us,XNAS,WARRANT,True,usd,0001957489,,,2025-10-05T06:05:16.272222968Z
ABM,"ABM Industries, Inc.",stocks,us,XNYS,CS,True,usd,0000771497,BBG000B9YYH7,BBG001S5N9B8,2025-10-05T06:05:16.272223279Z
ABNB,"Airbnb, Inc. Class A Common Stock",stocks,us,XNAS,CS,True,usd,0001559720,BBG001Y2XS07,BBG001Y2XS16,2025-10-05T06:05:16.272223359Z
ABNY,YieldMax ABNB Option Income Strategy ETF,stocks,us,ARCX,ETS,True,usd,,BBG01JHFMD75,BBG01JHFMF34,2025-10-05T06:05:16.272223439Z
ABOS,"Acumen Pharmaceuticals, Inc. Common Stock",stocks,us,XNAS,CS,True,usd,0001576885,BBG0058YJ317,BBG0058YJ326,2025-10-05T06:05:16.272223519Z
ABOT,Abacus FCF Innovation Leaders ETF,stocks,us,BATS,ETF,True,usd,,BBG00YC69CJ2,BBG00YC69DC7,2025-10-05T06:05:16.272223609Z
ABP,"Abpro Holdings, Inc Common Stock",stocks,us,XNAS,CS,True,usd,0001893219,BBG013X0S7F3,BBG013X0S889,2025-10-05T06:05:16.272223689Z
ABPWW,"Abpro Holdings, Inc. Warrant",stocks,us,XNAS,WARRANT,True,usd,,BBG0142NHSW2,,2025-10-05T06:05:16.27222387Z
ABR,"Arbor Realty Trust, Inc.",stocks,us,XNYS,CS,True,usd,0001253986,BBG000KMVDV1,BBG001SJP3G4,2025-10-05T06:05:16.27222395Z
ABRpD,"Arbor Realty Trust, Inc. 6.375% Series D Cumulative Redeemable Preferred Stock, Liquidation Preference $25.00 per Share",stocks,us,XNYS,PFD,True,usd,0001253986,,,2025-10-05T06:05:16.27222403Z
ABRpE,"Arbor Realty Trust, Inc. 6.25% Series E Cumulative Redeemable Preferred Stock",stocks,us,XNYS,PFD,True,usd,0001253986,,,2025-10-05T06:05:16.27222411Z
ABRpF,"Arbor Realty Trust, Inc. 6.25% Series F Fixed-to-Floating Rate Cumulative Redeemable Preferred Stock, Liquidation Preference $25.00 per share",stocks,us,XNYS,PFD,True,usd,0001253986,,,2025-10-05T06:05:16.27222419Z
ABSI,Absci Corporation Common Stock,stocks,us,XNAS,CS,True,usd,0001672688,BBG011N54CJ8,BBG011N54DC3,2025-10-05T06:05:16.27222427Z
ABT,Abbott Laboratories,stocks,us,XNYS,CS,True,usd,0000001800,BBG000B9ZXB4,BBG001S5N9M6,2025-10-05T06:05:16.272224351Z
ABTC,American Bitcoin Corp. Class A Common Stock,stocks,us,XNAS,CS,True,usd,0001755953,BBG00MS8GZP1,BBG00MS8GZQ0,2025-10-05T06:05:16.272224491Z
ABTS,Abits Group Inc Ordinary Shares,stocks,us,XNAS,CS,True,usd,0001864055,,,2025-10-05T06:05:16.272224641Z
ABUS,Arbutus Biopharma Corporation Common Stock,stocks,us,XNAS,CS,True,usd,0001447028,BBG000RR8V85,BBG001S6RSK0,2025-10-05T06:05:16.272224721Z
ABVC,"ABVC BioPharma, Inc. Common Stock",stocks,us,XNAS,CS,True,usd,0001173313,BBG000Q844Z2,BBG001SMCS49,2025-10-05T06:05:16.272224802Z
ABVE,Above Food Ingredients Inc. Common Stock,stocks,us,XNAS,CS,True,usd,0001979484,BBG01NGG37N1,BBG01NGG37P9,2025-10-05T06:05:16.272224882Z
ABVEW,Above Food Ingredients Inc. Warrants,stocks,us,XNAS,WARRANT,True,usd,0001979484,BBG01NKYQFV5,,2025-10-05T06:05:16.272224962Z
ABVX,Abivax SA American Depositary Shares,stocks,us,XNAS,ADRC,True,usd,0001956827,BBG01JLQNZ03,BBG01JLQNZV9,2025-10-05T06:05:16.272225042Z
ABXB,Abacus Flexible Bond Leaders ETF,stocks,us,BATS,ETF,True,usd,,BBG00YC5ZT62,BBG00YC5ZV49,2025-10-05T06:05:16.272225122Z
ACA,"Arcosa, Inc. Common Stock",stocks,us,XNYS,CS,True,usd,0001739445,BBG00JGMWFM9,BBG00JGMWGB9,2025-10-05T06:05:16.272225202Z
ACAD,Acadia Pharmaceuticals Inc.,stocks,us,XNAS,CS,True,usd,0001070494,BBG000BHG9K0,BBG001SB06N3,2025-10-05T06:05:16.272225593Z
ACB,Aurora Cannabis Inc. Common Shares,stocks,us,XNAS,CS,True,usd,0001683541,BBG006SCSYG7,BBG001SV77D1,2025-10-05T06:05:16.272225763Z
ACCO,Acco Brands Corporation,stocks,us,XNYS,CS,True,usd,0000712034,BBG000J06K07,BBG001SPBTK3,2025-10-05T06:05:16.272225954Z
ACCS,ACCESS Newswire Inc.,stocks,us,XASE,CS,True,usd,0000843006,BBG000C1CK87,BBG001S67C09,2025-10-05T06:05:16.272226034Z
ACDC,ProFrac Holding Corp. Class A Common Stock,stocks,us,XNAS,CS,True,usd,0001881487,BBG013PRYPJ2,BBG013PRYQC7,2025-10-05T06:05:16.272226114Z
ACEI,Innovator Equity Autocallable Income Strategy ETF,stocks,us,ARCX,ETF,True,usd,0001415726,BBG01XK51Q67,BBG01XK51R47,2025-10-05T06:05:16.272226194Z
ACEL,"Accel Entertainment, Inc.",stocks,us,XNYS,CS,True,usd,0001698991,BBG00GX221W3,BBG00GX221Z0,2025-10-05T06:05:16.272226274Z
ACES,ALPS Clean Energy ETF,stocks,us,ARCX,ETF,True,usd,0001414040,BBG00L99FCT0,BBG00L99FDK7,2025-10-05T06:05:16.272226354Z
ACET,"Adicet Bio, Inc. Common Stock",stocks,us,XNAS,CS,True,usd,0001720580,BBG00JCXSJP3,BBG00JCXSJQ2,2025-10-05T06:05:16.272226435Z
ACFN,"Acorn Energy, Inc. Common Stock",stocks,us,XNAS,CS,True,usd,0000880984,BBG000CMY866,BBG001S6ZZ25,2025-10-05T06:05:16.272226515Z
ACGL,Arch Capital Group Ltd,stocks,us,XNAS,CS,True,usd,0000947484,,,2025-10-05T06:05:16.272226595Z
ACGLN,"Arch Capital Group Ltd. Depositary Shares, each Representing a 1/1,000th Interest in a 4.550% Non-Cumulative Preferred Share, Series G",stocks,us,XNAS,CS,True,usd,0000947484,,,2025-10-05T06:05:16.272226675Z
ACGLO,"Arch Capital Group Ltd. Depositary Shares Each Representing 1/1,000th Interest in a Share of 5.45% Non-Cumulative Preferred Shares, Series F",stocks,us,XNAS,PFD,True,usd,0000947484,,,2025-10-05T06:05:16.272226755Z
ACGR,American Century Large Cap Growth ETF,stocks,us,ARCX,ETF,True,usd,0001481714,BBG011MFL031,BBG011MFL0Y7,2025-10-05T06:05:16.272226835Z
ACHC,"Acadia Healthcare Company, Inc.",stocks,us,XNAS,CS,True,usd,0001520697,BBG000FPNN38,BBG001SNNWL7,2025-10-05T06:05:16.272226916Z
ACHR,Archer Aviation Inc.,stocks,us,XNYS,CS,True,usd,0001824502,BBG00XRTC910,BBG00XRTC929,2025-10-05T06:05:16.272226996Z
ACHR.WS,"Archer Aviation Inc. Redeemable Warrants, each whole warrant exercisable for one Class A common stock at an exercise price of $11.50",stocks,us,XNYS,WARRANT,True,usd,0001824502,BBG00YGCV1N9,,2025-10-05T06:05:16.272227076Z
ACHV,"Achieve Life Sciences, Inc.",stocks,us,XNAS,CS,True,usd,0000949858,BBG000FB8S62,BBG001S8JF14,2025-10-05T06:05:16.272227156Z
ACI,"Albertsons Companies, Inc.",stocks,us,XNYS,CS,True,usd,0001646972,BBG009KG1750,BBG009KG1741,2025-10-05T06:05:16.272227246Z
ACIC,American Coastal Insurance Corporation Common Stock,stocks,us,XNAS,CS,True,usd,0001401521,BBG000TKFJQ7,BBG001T09W05,2025-10-05T06:05:16.272227467Z
ACII,Innovator Index Autocallable Income Strategy ETF,stocks,us,ARCX,ETF,True,usd,0001838614,BBG01XK52JX2,BBG01XK52KW0,2025-10-05T06:05:16.272227647Z
ACIO,Aptus Collared Investment Opportunity ETF,stocks,us,BATS,ETF,True,usd,0001539639,BBG00PNSDFF3,BBG00PNSDG52,2025-10-05T06:05:16.272227727Z
ACIU,AC Immune SA,stocks,us,XNAS,CS,True,usd,0001651625,,,2025-10-05T06:05:16.272227807Z
ACIW,"ACI Worldwide, Inc.",stocks,us,XNAS,CS,True,usd,0000935036,BBG000PMBV39,BBG001S9KLL5,2025-10-05T06:05:16.272227887Z
ACKY,VistaShares Target 15 ACKtivist Distribution ETF,stocks,us,ARCX,ETF,True,usd,0001722388,BBG01WHYZLL7,BBG01WHYZMG1,2025-10-05T06:05:16.272227968Z
ACLC,American Century Large Cap Equity ETF,stocks,us,ARCX,ETF,True,usd,0001481714,BBG00W0JV9Q5,BBG00W0JVBH0,2025-10-05T06:05:16.272228048Z
ACLO,TCW AAA CLO ETF,stocks,us,XNYS,ETF,True,usd,0001831313,BBG01QPVFLN7,BBG01QPVFMJ0,2025-10-05T06:05:16.272228128Z
ACLS,Axcelis Technologies Inc,stocks,us,XNAS,CS,True,usd,0001113232,BBG000DW34S2,BBG001SF8W86,2025-10-05T06:05:16.272228208Z
ACLX,"Arcellx, Inc. Common Stock",stocks,us,XNAS,CS,True,usd,0001786205,BBG00QHJM4S9,BBG00QHJM4W4,2025-10-05T06:05:16.272228288Z
ACM,Aecom,stocks,us,XNYS,CS,True,usd,0000868857,BBG000F61RJ8,BBG001SKTTF1,2025-10-05T06:05:16.272228368Z
ACMR,"ACM Research, Inc. Class A Common Stock",stocks,us,XNAS,CS,True,usd,0001680062,BBG00HPSG933,BBG00HPSG942,2025-10-05T06:05:16.272228448Z
ACN,Accenture PLC,stocks,us,XNYS,CS,True,usd,0001467373,,,2025-10-05T06:05:16.272228529Z
ACNB,ACNB Corp,stocks,us,XNAS,CS,True,usd,0000715579,BBG000BJ2LY9,BBG001S6CVZ3,2025-10-05T06:05:16.272228629Z
ACNT,Ascent Industries Co. Common Stock,stocks,us,XNAS,CS,True,usd,0000095953,BBG000CLRHW7,BBG001S6Z1R3,2025-10-05T06:05:16.272228709Z
ACOG,Alpha Cognition Inc. Common Stock,stocks,us,XNAS,CS,True,usd,0001655923,BBG011CJPRD0,BBG00L7TXNM1,2025-10-05T06:05:16.27222913Z
ACON,"Aclarion, Inc. Common Stock",stocks,us,XNAS,CS,True,usd,0001635077,BBG014FBN4K3,BBG014FBN5N7,2025-10-05T06:05:16.27222921Z
ACONW,"Aclarion, Inc. Warrant",stocks,us,XNAS,WARRANT,True,usd,0001635077,BBG016Z2HS66,,2025-10-05T06:05:16.27222929Z
ACP,abrdn Income Credit Strategies Fund,stocks,us,XNYS,FUND,True,usd,0001503290,BBG0017VSC04,BBG001TCSLH4,2025-10-05T06:05:16.27222945Z
ACPpA,abrdn Income Credit Strategies Fund  5.250% Series A Perpetual Preferred Stock,stocks,us,XNYS,PFD,True,usd,0001503290,,,2025-10-05T06:05:16.272229531Z
ACR,ACRES Commercial Realty Corp.,stocks,us,XNYS,CS,True,usd,0001332551,BBG000HK4RX6,BBG001SP6Y91,2025-10-05T06:05:16.272229611Z
ACRE,Ares Commercial Real Estate Corporation,stocks,us,XNYS,CS,True,usd,0001529377,BBG0022MMQB0,BBG0022MMR46,2025-10-05T06:05:16.272229701Z
ACRS,"Aclaris Therapeutics, Inc.",stocks,us,XNAS,CS,True,usd,0001557746,BBG003LF0QR9,BBG003LF0QS8,2025-10-05T06:05:16.272229781Z
ACRV,"Acrivon Therapeutics, Inc. Common Stock",stocks,us,XNAS,CS,True,usd,0001781174,BBG011RWR2Q4,BBG011RWR2R3,2025-10-05T06:05:16.272229861Z
ACRpC,"ACRES Commercial Realty Corp. 8.625% Fixed-to-Floating Series C Cumulative Redeemable Preferred Stock, par value $0.001 per share",stocks,us,XNYS,PFD,True,usd,0001332551,,,2025-10-05T06:05:16.272229941Z
ACRpD,ACRES Commercial Realty Corp. 7.875% Series D Cumulative Redeemable Preferred Stock,stocks,us,XNYS,PFD,True,usd,0001332551,,,2025-10-05T06:05:16.272230021Z
ACSI,American Customer Satisfaction ETF,stocks,us,BATS,ETF,True,usd,0001387131,BBG00F40VFY6,BBG00F40VGP4,2025-10-05T06:05:16.272230112Z
ACT,"Enact Holdings, Inc. Common Stock",stocks,us,XNAS,CS,True,usd,0001823529,BBG00WSNP4R3,BBG00WSNP4S2,2025-10-05T06:05:16.272230322Z
ACTG,Acacia Research Corporation,stocks,us,XNAS,CS,True,usd,0000934549,BBG000KF9J02,BBG001SJLJT9,2025-10-05T06:05:16.272230522Z
ACTU,"Actuate Therapeutics, Inc. Common stock",stocks,us,XNAS,CS,True,usd,0001652935,BBG00NK7LK03,BBG00NK7LK12,2025-10-05T06:05:16.272231134Z
ACTV,LeaderShares Activist Leaders ETF,stocks,us,ARCX,ETF,True,usd,0001552947,BBG00Y002P42,BBG00Y002QG7,2025-10-05T06:05:16.272231214Z
ACU,Acme United Corporation,stocks,us,XASE,CS,True,usd,0000002098,BBG000BB3LM8,BBG001S5NCC0,2025-10-05T06:05:16.272231384Z
ACV,Virtus Diversified Income & Convertible Fund,stocks,us,XNYS,FUND,True,usd,0001636289,BBG008HMBD22,BBG008HMBD31,2025-10-05T06:05:16.272231464Z
ACVA,ACV Auctions Inc.,stocks,us,XNYS,CS,True,usd,0001637873,BBG00G5JGQ66,BBG00G5JGQ75,2025-10-05T06:05:16.272231544Z
ACVF,American Conservative Values ETF,stocks,us,ARCX,ETF,True,usd,,BBG00Y04Q9T7,BBG00Y04QBN8,2025-10-05T06:05:16.272231625Z
ACVT,Advent Convertible Bond ETF,stocks,us,ARCX,ETF,True,usd,,BBG01TQ0YGP6,BBG01TQ0YHK9,2025-10-05T06:05:16.272231715Z
ACWI,iShares MSCI ACWI ETF,stocks,us,XNAS,ETF,True,usd,0001100663,BBG000TH6VB3,BBG001S56QV7,2025-10-05T06:05:16.272231795Z
ACWV,iShares MSCI Global Min Vol Factor ETF,stocks,us,BATS,ETF,True,usd,0001100663,BBG0025X38X0,BBG0025X39Q6,2025-10-05T06:05:16.272231965Z
ACWX,iShares MSCI ACWI ex US ETF,stocks,us,XNAS,ETF,True,usd,0001100663,BBG000TH7DF8,BBG001S56R18,2025-10-05T06:05:16.272232045Z
ACXP,"Acurx Pharmaceuticals, Inc. Common Stock",stocks,us,XNAS,CS,True,usd,0001736243,BBG01184DNJ4,BBG01184DNK2,2025-10-05T06:05:16.272232125Z
AD,"Array Digital Infrastructure, Inc.",stocks,us,XNYS,CS,True,usd,0000821130,BBG000BW6P59,BBG001S5X446,2025-10-05T06:05:16.272232206Z
ADAG,Adagene Inc. American Depositary Shares,stocks,us,XNAS,ADRC,True,usd,0001818838,BBG00YZ6BYJ6,BBG00YZ6BZC0,2025-10-05T06:05:16.272232296Z
ADAM,"Adamas Trust, Inc. Common Stock",stocks,us,XNAS,CS,True,usd,0001273685,BBG000GZ8014,BBG001SHHBR7,2025-10-05T06:05:16.272232376Z
ADAMG,"Adamas Trust, Inc. 9.125% Senior Notes Due 2030",stocks,us,XNAS,CS,True,usd,0001273685,,,2025-10-05T06:05:16.272232456Z
ADAMH,"Adamas Trust, Inc. 9.875% Senior Notes Due 2030",stocks,us,XNAS,CS,True,usd,0001273685,,,2025-10-05T06:05:16.272232536Z
ADAMI,"Adamas Trust, Inc. 9.125% Senior Notes Due 2029",stocks,us,XNAS,CS,True,usd,0001273685,,,2025-10-05T06:05:16.272232626Z
ADAML,"Adamas Trust, Inc. 6.875% Series F Fixed-to-Floating Rate Cumulative Redeemable Preferred Stock, $0.01 par value per share",stocks,us,XNAS,CS,True,usd,0001273685,,,2025-10-05T06:05:16.272232707Z
ADAMM,"Adamas Trust, Inc. 7.875% Series E Fixed-to-Floating Rate Cumulative Redeemable Preferred Stock",stocks,us,XNAS,PFD,True,usd,0001273685,,,2025-10-05T06:05:16.272232817Z
ADAMN,"Adamas Trust, Inc. 8.00% Series D Fixed-to-Floating Rate Cumulative Redeemable Preferred Stock",stocks,us,XNAS,PFD,True,usd,0001273685,,,2025-10-05T06:05:16.272232897Z
ADAMZ,"Adamas Trust, Inc. 7.000% Series G Cumulative Redeemable Preferred Stock, $0.01 par value per share",stocks,us,XNAS,CS,True,usd,0001273685,,,2025-10-05T06:05:16.272232977Z
ADAP,Adaptimmune Therapeutics plc American Depositary Shares,stocks,us,XNAS,ADRC,True,usd,0001621227,BBG008G65WC2,BBG008G65WD1,2025-10-05T06:05:16.272233057Z
ADBE,Adobe Inc.,stocks,us,XNAS,CS,True,usd,0000796343,BBG000BB5006,BBG001S5NCQ5,2025-10-05T06:05:16.272233147Z
ADBG,Leverage Shares 2X Long ADBE Daily ETF,stocks,us,XNAS,ETF,True,usd,0001976322,BBG01SWP6HM8,BBG01SWP6JH0,2025-10-05T06:05:16.272233228Z
ADC,Agree Realty Corporation,stocks,us,XNYS,CS,True,usd,0000917251,BBG000BC9DK0,BBG001S6RY81,2025-10-05T06:05:16.272233328Z
ADCT,ADC Therapeutics SA,stocks,us,XNYS,CS,True,usd,0001771910,,,2025-10-05T06:05:16.272233408Z
ADCpA,"Agree Realty Corporation Depositary Shares, each representing 1/1,000th of a 4.250% Series A Cumulative Redeemable Preferred Stock",stocks,us,XNYS,PFD,True,usd,0000917251,,,2025-10-05T06:05:16.272233568Z
ADEA,Adeia Inc. Common Stock,stocks,us,XNAS,CS,True,usd,0001803696,BBG00RBFBL50,BBG00RBFBL78,2025-10-05T06:05:16.272233648Z
ADFI,Anfield Dynamic Fixed Income ETF,stocks,us,BATS,ETF,True,usd,0001552947,BBG00WRFGTJ5,BBG00WRFGV91,2025-10-05T06:05:16.272233729Z
ADGM,"Adagio Medical Holdings, Inc Common Stock",stocks,us,XNAS,CS,True,usd,0002006986,BBG01P202S42,BBG01P202S60,2025-10-05T06:05:16.272233809Z
ADI,"Analog Devices, Inc.",stocks,us,XNAS,CS,True,usd,0000006281,BBG000BB6G37,BBG001S5ND38,2025-10-05T06:05:16.272233889Z
ADIL,"Adial Pharmaceuticals, Inc",stocks,us,XNAS,CS,True,usd,0001513525,BBG00HNGDTR4,BBG00HNGDTS3,2025-10-05T06:05:16.272233969Z
ADIV,SmartETFs Asia Pacific Dividend Builder ETF,stocks,us,ARCX,ETF,True,usd,,BBG00ZV17TH6,BBG00ZV17VD5,2025-10-05T06:05:16.272234049Z
ADM,Archer Daniels Midland Company,stocks,us,XNYS,CS,True,usd,0000007084,BBG000BB6WG8,BBG001S5ND74,2025-10-05T06:05:16.272234129Z
ADMA,"ADMA Biologics, Inc.",stocks,us,XNAS,CS,True,usd,0001368514,BBG002NCK5M5,BBG002NCK5N4,2025-10-05T06:05:16.272234209Z
ADME,Aptus Behavioral Momentum ETF,stocks,us,BATS,ETF,True,usd,0001539639,BBG00D20HG22,BBG00D20HG31,2025-10-05T06:05:16.27223437Z
ADN,"Advent Technologies Holdings, Inc. Class A Common Stock",stocks,us,XNAS,CS,True,usd,0001744494,BBG00MDV8X34,BBG00MDV8XV3,2025-10-05T06:05:16.27223445Z
ADNT,Adient plc Ordinary Shares,stocks,us,XNYS,CS,True,usd,0001670541,,,2025-10-05T06:05:16.27223453Z
ADNWW,"Advent Technologies Holdings, Inc. Warrant",stocks,us,XNAS,WARRANT,True,usd,0001744494,BBG00MVVPD93,,2025-10-05T06:05:16.27223461Z
ADP,Automatic Data Processing,stocks,us,XNAS,CS,True,usd,0000008670,BBG000JG0547,BBG001S82KF6,2025-10-05T06:05:16.2722347Z
ADPT,Adaptive Biotechnologies Corporation Common Stock,stocks,us,XNAS,CS,True,usd,0001478320,BBG001J2PFF5,BBG001V0GG18,2025-10-05T06:05:16.272234771Z
ADPV,Adaptiv Select ETF,stocks,us,ARCX,ETF,True,usd,,BBG01BBJQ2C4,BBG01BBJQ3B3,2025-10-05T06:05:16.272234861Z
ADSE,ADS-TEC ENERGY PLC Ordinary Shares,stocks,us,XNAS,CS,True,usd,0001879248,,,2025-10-05T06:05:16.272234941Z
ADSEW,ADS-TEC ENERGY PLC Warrant,stocks,us,XNAS,WARRANT,True,usd,0001879248,,,2025-10-05T06:05:16.272235021Z
ADSK,Autodesk Inc,stocks,us,XNAS,CS,True,usd,0000769397,BBG000BM7HL0,BBG001S5SCD4,2025-10-05T06:05:16.272235201Z
ADT,ADT Inc.,stocks,us,XNYS,CS,True,usd,0001703056,BBG000BP9WJ1,BBG001S6VGG6,2025-10-05T06:05:16.272235282Z
ADTN,"ADTRAN Holdings, Inc. Common Stock",stocks,us,XNAS,CS,True,usd,0000926282,BBG0169CH7X9,BBG0169CH7Y8,2025-10-05T06:05:16.272235362Z
ADTX,"Aditxt, Inc. Common Stock",stocks,us,XNAS,CS,True,usd,0001726711,BBG00RDV1WS5,BBG00RDV1WT4,2025-10-05T06:05:16.272235442Z
ADUR,Aduro Clean Technologies Inc. Common Stock,stocks,us,XNAS,CS,True,usd,0001863934,BBG011F62496,BBG00N9ZZX01,2025-10-05T06:05:16.272235542Z
ADUS,Addus HomeCare Corp.,stocks,us,XNAS,CS,True,usd,0001468328,BBG000NJGX84,BBG001T56D18,2025-10-05T06:05:16.272235622Z
ADV,Advantage Solutions Inc. Class A Common Stock,stocks,us,XNAS,CS,True,usd,0001776661,BBG00PPWZ8C7,BBG00PPWZ8G3,2025-10-05T06:05:16.272235702Z
ADVB,Advanced Biomed Inc. Common Stock,stocks,us,XNAS,CS,True,usd,0001941029,BBG01HW4B3M4,BBG01HW4B3N3,2025-10-05T06:05:16.272235792Z
ADVE,Matthews Asia Dividend Active ETF,stocks,us,ARCX,ETF,True,usd,,BBG01JFHH825,BBG01JFHH923,2025-10-05T06:05:16.272235963Z
ADVM,"Adverum Biotechnologies, Inc. Common Stock",stocks,us,XNAS,CS,True,usd,0001501756,BBG006D9MR17,BBG006D9MR26,2025-10-05T06:05:16.272236253Z
ADVWW,Advantage Solutions Inc. Warrant,stocks,us,XNAS,WARRANT,True,usd,0001776661,BBG00Q6CTMG2,,2025-10-05T06:05:16.272236334Z
ADX,"Adams Diversified Equity Fund, Inc",stocks,us,XNYS,FUND,True,usd,0000002230,BBG000BB8MR6,BBG001S5NDV7,2025-10-05T06:05:16.272236414Z
ADXN,Addex Therapeutics Ltd American Depositary Shares,stocks,us,XNAS,ADRC,True,usd,0001574232,BBG00R48ST95,BBG00R48SV18,2025-10-05T06:05:16.272236494Z
AEBI,Aebi Schmidt Holding AG Common Stock,stocks,us,XNAS,CS,True,usd,0002048519,,,2025-10-05T06:05:16.272236574Z
AEC,Anfield Energy Inc. Common Shares,stocks,us,XNAS,CS,True,usd,0001519469,BBG002PL1DW6,BBG001V114Z2,2025-10-05T06:05:16.272236975Z
AEE,Ameren Corporation,stocks,us,XNYS,CS,True,usd,0001002910,BBG000B9X8C0,BBG001S5NF24,2025-10-05T06:05:16.272237055Z
AEF,"abrdn Emerging Markets ex-China Fund, Inc.",stocks,us,XASE,FUND,True,usd,0000846676,BBG000BGWCV5,BBG001S5QCR1,2025-10-05T06:05:16.272237135Z
AEFC,Aegon Funding Company LLC 5.10% Subordinated Notes due 2049,stocks,us,XNYS,SP,True,usd,0000769218,,,2025-10-05T06:05:16.272237305Z
AEG,Aegon Ltd.,stocks,us,XNYS,CS,True,usd,0000769218,BBG000CKQSN6,BBG001S6Y6M8,2025-10-05T06:05:16.272237486Z
AEHL,Antelope Enterprise Holdings Limited Class A Ordinary Shares,stocks,us,XNAS,CS,True,usd,0001470683,,,2025-10-05T06:05:16.272237566Z
AEHR,Aehr Test Systems,stocks,us,XNAS,CS,True,usd,0001040470,BBG000BWM083,BBG001SB1CS4,2025-10-05T06:05:16.272237776Z
AEI,Alset Inc. Common Stock (TX),stocks,us,XNAS,CS,True,usd,0001750106,BBG000PZLNH2,BBG001SRKK73,2025-10-05T06:05:16.272237856Z
AEIS,Advanced Energy Industries Inc,stocks,us,XNAS,CS,True,usd,0000927003,BBG000FKMP26,BBG001S8L5Z6,2025-10-05T06:05:16.272237967Z
AEM,Agnico Eagle Mines Ltd.,stocks,us,XNYS,CS,True,usd,0000002809,BBG000DLVDK3,BBG001S77MK3,2025-10-05T06:05:16.272238047Z
AEMD,AETHLON MEDICAL INC,stocks,us,XNAS,CS,True,usd,0000882291,BBG000L78XT8,BBG001SDDHJ6,2025-10-05T06:05:16.272238127Z
AEMS,Anfield Enhanced Market ETF,stocks,us,BATS,ETF,True,usd,0001552947,BBG01VRP0J30,BBG01VRP0K28,2025-10-05T06:05:16.272238207Z
AENT,Alliance Entertainment Holding Corporation Class A Common Stock,stocks,us,XNAS,CS,True,usd,0001823584,BBG00YB0X2R2,BBG00YB0X2S1,2025-10-05T06:05:16.272238377Z
AENTW,Alliance Entertainment Holding Corporation Warrants,stocks,us,XNAS,WARRANT,True,usd,0001823584,BBG00ZS05J95,,2025-10-05T06:05:16.272238458Z
AEO,American Eagle Outfitters,stocks,us,XNYS,CS,True,usd,0000919012,BBG000BGXZB5,BBG001S7Q949,2025-10-05T06:05:16.272238538Z
AEON,"AEON Biopharma, Inc.",stocks,us,XASE,CS,True,usd,0001837607,BBG00Z17HDW3,BBG00Z17HFQ5,2025-10-05T06:05:16.272238618Z
AEP,"American Electric Power Company, Inc.",stocks,us,XNAS,CS,True,usd,0000004904,BBG000BB9KF2,BBG001S5NFD2,2025-10-05T06:05:16.272238969Z
AER,Aercap Holdings N.V.,stocks,us,XNYS,CS,True,usd,0001378789,,,2025-10-05T06:05:16.272239049Z
AERT,"Aeries Technology, Inc. Class A Ordinary Share",stocks,us,XNAS,CS,True,usd,0001853044,,,2025-10-05T06:05:16.272239139Z
AERTW,"Aeries Technology, Inc. Warrant",stocks,us,XNAS,WARRANT,True,usd,0001853044,,,2025-10-05T06:05:16.272239219Z
AES,AES Corporation,stocks,us,XNYS,CS,True,usd,0000874761,BBG000C23KJ3,BBG001S6B1L5,2025-10-05T06:05:16.272239309Z
AESI,Atlas Energy Solutions Inc.,stocks,us,XNYS,CS,True,usd,0001984060,BBG01JFZ96X4,BBG01JFZ96Y3,2025-10-05T06:05:16.272239459Z
AESR,Anfield U.S. Equity Sector Rotation ETF,stocks,us,BATS,ETF,True,usd,0001552947,BBG00R4084K6,BBG00R408596,2025-10-05T06:05:16.2722399Z
AETH,Bitwise Trendwise Ether and Treasuries Rotation Strategy ETF,stocks,us,ARCX,ETF,True,usd,,BBG01JLGS0C4,BBG01JLGS178,2025-10-05T06:05:16.27223998Z
AEVA,"Aeva Technologies, Inc.",stocks,us,XNAS,CS,True,usd,0001789029,BBG00RK5L2N3,BBG00RK5L2P1,2025-10-05T06:05:16.272240131Z
AEVAW,"Aeva Technologies, Inc. Warrants",stocks,us,XNAS,WARRANT,True,usd,0001789029,BBG00RYQY3V7,,2025-10-05T06:05:16.272240211Z
AEXA,American Exceptionalism Acquisition Corp. A,stocks,us,XNYS,CS,True,usd,0002079173,,,2025-10-05T06:05:16.272240291Z
AEYE,"AudioEye, Inc. Common Stock",stocks,us,XNAS,CS,True,usd,0001362190,BBG002ZQLQB6,BBG002ZQLQC5,2025-10-05T06:05:16.272240371Z
AFB,"Alliance National Municipal Income Fund, Inc.",stocks,us,XNYS,FUND,True,usd,0001162027,BBG000DTM676,BBG001SK6452,2025-10-05T06:05:16.272240451Z
AFBI,"Affinity Bancshares, Inc. Common Stock (MD)",stocks,us,XNAS,CS,True,usd,0001823406,BBG00XH58W17,BBG00XH58WY1,2025-10-05T06:05:16.272240622Z
AFCG,Advanced Flower Capital Inc. Common Stock,stocks,us,XNAS,CS,True,usd,0001822523,BBG00YPSX4X5,BBG00YPSX5R9,2025-10-05T06:05:16.272240792Z
AFG,"American Financial Group, Inc.",stocks,us,XNYS,CS,True,usd,0001042046,BBG000DPKKK0,BBG001S8JK86,2025-10-05T06:05:16.272240952Z
AFGB,"American Financial Group, Inc. 5.875% Subordinated Debentures due 2059",stocks,us,XNYS,SP,True,usd,0001042046,,,2025-10-05T06:05:16.272241032Z
AFGC,"American Financial Group, Inc. 5.125% Subordinated Debentures due 2059",stocks,us,XNYS,SP,True,usd,0001042046,,,2025-10-05T06:05:16.272241113Z
AFGD,"American Financial Group, Inc. 5.625% Subordinated Debentures due 2060",stocks,us,XNYS,SP,True,usd,0001042046,,,2025-10-05T06:05:16.272241193Z
AFGE,"American Financial Group, Inc. 4.500% Subordinated Debentures due 2060",stocks,us,XNYS,SP,True,usd,0001042046,,,2025-10-05T06:05:16.272241273Z
AFIF,Anfield Universal Fixed Income ETF,stocks,us,BATS,ETF,True,usd,0001552947,BBG00LZQ9356,BBG00LZQ93Z3,2025-10-05T06:05:16.272241353Z
AFIX,Allspring Broad Market Core Bond ETF,stocks,us,ARCX,ETF,True,usd,,BBG01QVK6KB9,BBG01QVK6L54,2025-10-05T06:05:16.272241433Z
AFJK,"Aimei Health Technology Co., Ltd Ordinary Share",stocks,us,XNAS,CS,True,usd,0001979005,,,2025-10-05T06:05:16.272241523Z
AFJKR,"Aimei Health Technology Co., Ltd Right",stocks,us,XNAS,RIGHT,True,usd,0001979005,,,2025-10-05T06:05:16.272241764Z
AFJKU,"Aimei Health Technology Co., Ltd Unit",stocks,us,XNAS,UNIT,True,usd,0001979005,,,2025-10-05T06:05:16.272241944Z
AFK,VanEck Africa Index ETF,stocks,us,ARCX,ETF,True,usd,0001137360,BBG000H0B9J8,BBG001T33P37,2025-10-05T06:05:16.272242024Z
AFL,Aflac Inc.,stocks,us,XNYS,CS,True,usd,0000004977,BBG000BBBNC6,BBG001S5NGJ4,2025-10-05T06:05:16.272242105Z
AFLG,First Trust Active Factor Large Cap ETF,stocks,us,ARCX,ETF,True,usd,0001667919,BBG00QZ0DQB9,BBG00QZ0DR27,2025-10-05T06:05:16.272242185Z
AFMC,First Trust Active Factor Mid Cap ETF,stocks,us,ARCX,ETF,True,usd,0001667919,BBG00QZ0GVP0,BBG00QZ0GWH7,2025-10-05T06:05:16.272242275Z
AFOS,ARS Focused Opportunity Strategy ETF,stocks,us,XNAS,ETF,True,usd,,BBG01VPTD7B7,BBG01VPTD898,2025-10-05T06:05:16.272242355Z
AFRI,Forafric Global PLC Ordinary Shares,stocks,us,XNAS,CS,True,usd,0001903870,,,2025-10-05T06:05:16.272242435Z
AFRIW,Forafric Global PLC Warrants,stocks,us,XNAS,WARRANT,True,usd,0001903870,,,2025-10-05T06:05:16.272242515Z
AFRM,"Affirm Holdings, Inc. Class A Common Stock",stocks,us,XNAS,CS,True,usd,0001820953,BBG00Y7BP8Y1,BBG00Y7BP8Z0,2025-10-05T06:05:16.272242786Z
AFRU,T-REX 2X Long AFRM Daily Target ETF,stocks,us,BATS,ETF,True,usd,,BBG01WW9WYK1,BBG01WW9WZK8,2025-10-05T06:05:16.272242866Z
AFSC,abrdn Focused U.S. Small Cap Active ETF,stocks,us,XNAS,ETF,True,usd,,BBG01S68Z424,BBG01S68Z5J3,2025-10-05T06:05:16.272242956Z
AFSM,First Trust Active Factor Small Cap ETF,stocks,us,ARCX,ETF,True,usd,0001667919,BBG00QZ0H932,BBG00QZ0H9W0,2025-10-05T06:05:16.272243036Z
AFYA,Afya Limited Class A Common Shares,stocks,us,XNAS,CS,True,usd,0001771007,,,2025-10-05T06:05:16.272243106Z
AG,FIRST MAJESTIC SILVER CORP,stocks,us,XNYS,CS,True,usd,0001308648,BBG000CH7WB8,BBG001SGV444,2025-10-05T06:05:16.272243197Z
AGAE,Allied Gaming & Entertainment Inc. Common Stock,stocks,us,XNAS,CS,True,usd,0001708341,BBG00J2442Y1,BBG00J2443N1,2025-10-05T06:05:16.272243527Z
AGCO,AGCO Corporation,stocks,us,XNYS,CS,True,usd,0000880266,BBG000DCCZW2,BBG001S7WHW3,2025-10-05T06:05:16.272243607Z
AGD,abrdn Global Dynamic Dividend Fund,stocks,us,XNYS,FUND,True,usd,0001362481,BBG000DJLNL6,BBG001SMLZ16,2025-10-05T06:05:16.272243718Z
AGEM,abrdn Emerging Markets Dividend Active ETF,stocks,us,XNAS,ETF,True,usd,,BBG01S68DQN6,BBG01S68DRK7,2025-10-05T06:05:16.272243878Z
AGEN,Agenus Inc.,stocks,us,XNAS,CS,True,usd,0001098972,BBG000C8SWQ9,BBG001SDV370,2025-10-05T06:05:16.272244058Z
AGG,iShares Core U.S. Aggregate Bond ETF,stocks,us,ARCX,ETF,True,usd,0001100663,BBG000Q123R0,BBG001SM1QT8,2025-10-05T06:05:16.272244138Z
AGGA,EA Series Trust EA Astoria Dynamic Core US Fixed Income ETF,stocks,us,XNAS,ETF,True,usd,,BBG01TS490J6,BBG01TS491J4,2025-10-05T06:05:16.272244219Z
AGGH,Simplify Aggregate Bond ETF,stocks,us,ARCX,ETF,True,usd,0001810747,BBG015BC7V75,BBG015BC7WS0,2025-10-05T06:05:16.272244299Z
AGGS,Harbor Disciplined Bond ETF,stocks,us,ARCX,ETF,True,usd,0001860434,BBG01MCGX1X6,BBG01MCGX2S0,2025-10-05T06:05:16.272244379Z
AGGY,WisdomTree Yield Enhanced U.S. Aggregate Bond Fund,stocks,us,ARCX,ETF,True,usd,0001350487,BBG009KCY2B7,BBG009KCY2C6,2025-10-05T06:05:16.272244459Z
AGH,Aureus Greenway Holdings Inc. Common Stock,stocks,us,XNAS,CS,True,usd,0002009312,BBG01NG4Q1P4,BBG01NG4Q2J9,2025-10-05T06:05:16.272244539Z
AGI,Alamos Gold Inc. Class A Common Shares,stocks,us,XNYS,CS,True,usd,0001178819,BBG009HT6BL4,BBG009HT65S0,2025-10-05T06:05:16.27224481Z
AGIO,"Agios Pharmaceuticals, Inc.",stocks,us,XNAS,CS,True,usd,0001439222,BBG000QY4ZD0,BBG001T8R687,2025-10-05T06:05:16.27224499Z
AGIQ,SoFi Agentic AI ETF,stocks,us,ARCX,ETF,True,usd,,BBG01WV67GC4,BBG01WV67HD1,2025-10-05T06:05:16.27224507Z
AGIX,KraneShares Artificial Intelligence ETF,stocks,us,XNAS,ETF,True,usd,0001536592,BBG01NT1RH61,BBG01NT1RJ21,2025-10-05T06:05:16.27224515Z
AGL,"agilon health, inc.",stocks,us,XNYS,CS,True,usd,0001831097,BBG00HCYVQQ4,BBG00HCYVQR3,2025-10-05T06:05:16.27224523Z
AGM,Federal Agricultural Mortgage Corporation,stocks,us,XNYS,CS,True,usd,0000845877,BBG000G8ZKY4,BBG001SCWNB2,2025-10-05T06:05:16.272245331Z
AGM.A,Federal Agricultural Mortgage Corporation Class A Voting,stocks,us,XNYS,CS,True,usd,0000845877,BBG000G8Y1Z6,BBG001SCWN95,2025-10-05T06:05:16.272245411Z
AGMH,AGM Group Holdings Inc. Class A Ordinary Shares,stocks,us,XNAS,CS,True,usd,0001705402,,,2025-10-05T06:05:16.272245491Z
AGMI,Themes Silver Miners ETF,stocks,us,XNAS,ETF,True,usd,0001976322,BBG01MQSFLS7,BBG01MQSFMM1,2025-10-05T06:05:16.272245581Z
AGMpD,"Federal Agricultural Mortgage Corporation 5.700% Non-Cumulative Preferred Stock, Series D",stocks,us,XNYS,PFD,True,usd,0000845877,,,2025-10-05T06:05:16.272245671Z
AGMpE,"Federal Agricultural Mortgage Corporation 5.750% Non-Cumulative Preferred Stock, Series E",stocks,us,XNYS,PFD,True,usd,0000845877,,,2025-10-05T06:05:16.272245751Z
AGMpF,"Federal Agricultural Mortgage Corporation 5.250% Non-Cumulative Preferred Stock, Series F",stocks,us,XNYS,PFD,True,usd,0000845877,,,2025-10-05T06:05:16.272245832Z
AGMpG,"Federal Agricultural Mortgage Corporation 4.875% Non-Cumulative Preferred Stock, Series G",stocks,us,XNYS,PFD,True,usd,0000845877,,,2025-10-05T06:05:16.272245922Z
AGMpH,"Federal Agricultural Mortgage Corporation 6.500% Non-Cumulative Preferred Stock, Series H",stocks,us,XNYS,PFD,True,usd,0000845877,,,2025-10-05T06:05:16.272245992Z
AGNC,AGNC Investment Corp. Common Stock,stocks,us,XNAS,CS,True,usd,0001423689,BBG000TJ8XZ7,BBG001T074G2,2025-10-05T06:05:16.272246082Z
AGNCL,"AGNC Investment Corp. Depositary Shares Each Representing a 1/1,000th Interest in a Share of 7.75% Series G Fixed-Rate Reset Cumulative Redeemable Preferred Stock",stocks,us,XNAS,CS,True,usd,0001423689,,,2025-10-05T06:05:16.272246172Z
AGNCM,AGNC Investment Corp. Depositary Shares rep 6.875% Series D Fixed-to-Floating Cumulative Redeemable Preferred Stock,stocks,us,XNAS,PFD,True,usd,0001423689,,,2025-10-05T06:05:16.272246252Z
AGNCN,"AGNC Investment Corp. Depositary Shares Each Representing a 1/1,000th Interest in a Share of 7 percent Series C Fixed-To-Floating Rate Cumulative Redeemable Preferred Stock",stocks,us,XNAS,PFD,True,usd,0001423689,,,2025-10-05T06:05:16.272246343Z
AGNCO,"AGNC Investment Corp. Depositary Shares, each representing a 1/1,000th interest in a share of 6.50% Series E Fixed-to-Floating Cumulative Redeemable Preferred Stock",stocks,us,XNAS,CS,True,usd,0001423689,,,2025-10-05T06:05:16.272246693Z
AGNCP,"AGNC Investment Corp. Depositary Shares Each Representing a 1/1,000th Interest in a Share of 6.125% Series F Fixed-to-Floating Rate Cumulative Redeemable Preferred Stock",stocks,us,XNAS,PFD,True,usd,0001423689,,,2025-10-05T06:05:16.272246874Z
AGNCZ,AGNC Investment Corp. 8.75% Series H Fixed-Rate Cumulative Redeemable Preferred Stock,stocks,us,XNAS,PFD,True,usd,0001423689,,,2025-10-05T06:05:16.272247054Z
AGNG,Global X Funds Global X Aging Population ETF,stocks,us,XNAS,ETF,True,usd,0001432353,BBG00CVW2JC1,BBG00CVW2JD0,2025-10-05T06:05:16.272247304Z
AGO,"Assured Guaranty, LTD",stocks,us,XNYS,CS,True,usd,0001273813,,,2025-10-05T06:05:16.272247375Z
AGOX,Adaptive Alpha Opportunities ETF,stocks,us,ARCX,ETF,True,usd,,BBG010WX25M2,BBG010WX26H6,2025-10-05T06:05:16.272247495Z
AGQ,ProShares Ultra Silver,stocks,us,ARCX,ETV,True,usd,0001415311,BBG000F7KQG0,BBG001T2GCT6,2025-10-05T06:05:16.272247575Z
AGQI,First Trust Active Global Quality Income ETF,stocks,us,ARCX,ETF,True,usd,0001667919,BBG01K8H7QZ5,BBG01K8H7RT0,2025-10-05T06:05:16.272247655Z
AGRH,iShares Interest Rate Hedged U.S. Aggregate Bond ETF,stocks,us,ARCX,ETF,True,usd,0001524513,BBG01858ZD01,BBG01858ZF15,2025-10-05T06:05:16.272247735Z
AGRI,AgriFORCE Growing Systems Ltd. Common Shares,stocks,us,XNAS,CS,True,usd,0001826397,,,2025-10-05T06:05:16.272247825Z
AGRO,ADECOAGRO S.A.,stocks,us,XNYS,CS,True,usd,0001499505,,,2025-10-05T06:05:16.272248096Z
AGRW,Allspring LT Large Growth ETF,stocks,us,ARCX,ETF,True,usd,,BBG01SXPDTR8,BBG01SXPDVQ4,2025-10-05T06:05:16.272248176Z
AGRZ,Agroz Inc. Ordinary Shares,stocks,us,XNAS,CS,True,usd,0002009233,,,2025-10-05T06:05:16.272248256Z
AGX,"Argan, Inc",stocks,us,XNYS,CS,True,usd,0000100591,BBG000K4J3T0,BBG001SJP7D8,2025-10-05T06:05:16.272248336Z
AGYS,"Agilysys, Inc. Common Stock (DE)",stocks,us,XNAS,CS,True,usd,0000078749,BBG000BR74W6,BBG001S5V6V3,2025-10-05T06:05:16.272248417Z
AGZ,iShares Agency Bond ETF,stocks,us,ARCX,ETF,True,usd,0001100663,BBG000G03TV0,BBG001T2RRQ4,2025-10-05T06:05:16.272248497Z
AGZD,WisdomTree Trust WisdomTree Interest Rate Hedged U.S. Aggregate Bond Fund,stocks,us,XNAS,ETF,True,usd,0001350487,BBG005Q26B40,BBG005Q26B59,2025-10-05T06:05:16.272248577Z
AHCO,AdaptHealth Corp. Common Stock,stocks,us,XNAS,CS,True,usd,0001725255,BBG00KJQVGV3,BBG00KJQVGW2,2025-10-05T06:05:16.272248657Z
AHG,Akso Health Group ADS,stocks,us,XNAS,ADRC,True,usd,0001702318,BBG00HVQFMZ7,BBG00HVQFN03,2025-10-05T06:05:16.272248897Z
AHH,"Armada Hoffler Properties, Inc.",stocks,us,XNYS,CS,True,usd,0001569187,BBG004CYX1M0,BBG004CYX1N9,2025-10-05T06:05:16.272249118Z
AHHpA,"Armada Hoffler Properties, Inc. 6.75% Series A Cumulative Redeemable Perpetual Preferred Stock",stocks,us,XNYS,PFD,True,usd,0001569187,,,2025-10-05T06:05:16.272249198Z
AHL,Aspen Insurance Holdings Limited,stocks,us,XNYS,CS,True,usd,0001267395,,,2025-10-05T06:05:16.272249308Z
AHLT,American Beacon AHL Trend ETF,stocks,us,ARCX,ETF,True,usd,,BBG01J3YK8D5,BBG01J3YK989,2025-10-05T06:05:16.272249388Z
AHLpD,Aspen Insurance Holdings Limited 5.625% Perpetual Non-Cumulative Preference Shares,stocks,us,XNYS,PFD,True,usd,0001267395,,,2025-10-05T06:05:16.272249469Z
AHLpE,"Aspen Insurance Holdings Limited Depositary Shares, each representing a 1/1000th interest in a share of 5.625% Perpetual Non-Cumulative Preference Shares",stocks,us,XNYS,PFD,True,usd,0001267395,,,2025-10-05T06:05:16.272249549Z
AHLpF,"Aspen Insurance Holdings Limited Depositary Shares, each representing a 1/1,000th Interest in a 7.00% Perpetual Non-Cumulative Preference Share",stocks,us,XNYS,PFD,True,usd,0001267395,,,2025-10-05T06:05:16.272249659Z
AHR,"American Healthcare REIT, Inc.",stocks,us,XNYS,CS,True,usd,0001632970,BBG01L820CZ4,BBG01L820DT9,2025-10-05T06:05:16.272249739Z
AHT,"Ashford Hospitality Trust, Inc.",stocks,us,XNYS,CS,True,usd,0001232582,BBG000PRZVD1,BBG001SLQ6G1,2025-10-05T06:05:16.272249829Z
AHTpD,"Ashford Hospitality Trust, Inc. 8.45% Series D",stocks,us,XNYS,PFD,True,usd,0001232582,,,2025-10-05T06:05:16.27225Z
AHTpF,"Ashford Hospitality Trust, Inc.",stocks,us,XNYS,PFD,True,usd,0001232582,,,2025-10-05T06:05:16.27225008Z
AHTpG,"Ashford Hospitality Trust, Inc   7.375% Series G Cumulative Preferred Stock",stocks,us,XNYS,PFD,True,usd,0001232582,,,2025-10-05T06:05:16.27225016Z
AHTpH,"Ashford Hospitality Trust, Inc. 7.50 Percent Series H Cumulative Preferred Stock",stocks,us,XNYS,PFD,True,usd,0001232582,,,2025-10-05T06:05:16.27225024Z
AHTpI,"Ashford Hospitality Trust, Inc. 7.50% Series I Cumulative Preferred Stock",stocks,us,XNYS,PFD,True,usd,0001232582,,,2025-10-05T06:05:16.27225032Z
AHYB,American Century Select High Yield ETF,stocks,us,ARCX,ETF,True,usd,0001710607,BBG013HJSPQ8,BBG013HJSQK2,2025-10-05T06:05:16.2722504Z
AI,"C3.ai, Inc.",stocks,us,XNYS,CS,True,usd,0001577526,BBG00Y6G6X31,BBG00Y6G6Y84,2025-10-05T06:05:16.27225048Z
AIA,iShares Asia 50 ETF,stocks,us,XNAS,ETF,True,usd,0001100663,BBG000TVYW56,BBG001T0LKC4,2025-10-05T06:05:16.272250711Z
AIBD,Direxion Daily AI and Big Data Bear 2X Shares,stocks,us,ARCX,ETF,True,usd,,BBG01MG5S082,BBG01MG5S153,2025-10-05T06:05:16.272250791Z
AIBU,Direxion Daily AI and Big Data Bull 2X Shares,stocks,us,ARCX,ETF,True,usd,,BBG01MG5M122,BBG01MG5M1X8,2025-10-05T06:05:16.272250971Z
AIEQ,Amplify AI Powered Equity ETF,stocks,us,ARCX,ETF,True,usd,0001633061,BBG01L6Y3H73,BBG01L6Y3J42,2025-10-05T06:05:16.272251162Z
AIFD,TCW Artificial Intelligence ETF,stocks,us,XNAS,ETF,True,usd,0001831313,BBG01MQS6C89,BBG01MQS6D50,2025-10-05T06:05:16.272251242Z
AIFF,"Firefly Neuroscience, Inc. Common Stock",stocks,us,XNAS,CS,True,usd,0000803578,BBG000BF6HD5,BBG001S6ZMC3,2025-10-05T06:05:16.272251322Z
AIFU,AIFU Inc. Class A Ordinary Share,stocks,us,XNAS,CS,True,usd,0001413855,,,2025-10-05T06:05:16.272251402Z
AIG,"American International Group, Inc.",stocks,us,XNYS,CS,True,usd,0000005272,BBG000BBDZG3,BBG001S5NJG1,2025-10-05T06:05:16.272251492Z
AIHS,Senmiao Technology Limited Common Stock,stocks,us,XNAS,CS,True,usd,0001711012,BBG00J3Q25V9,BBG00J3Q26K9,2025-10-05T06:05:16.272251583Z
AII,"American Integrity Insurance Group, Inc.",stocks,us,XNYS,CS,True,usd,0002007587,BBG000BN06C9,BBG001SC1H65,2025-10-05T06:05:16.272251663Z
AIIA.U,"AI Infrastructure Acquisition Corp. Units, each consisting of one Class A Ordinary Share and one Right",stocks,us,XNYS,UNIT,True,usd,0002073553,,,2025-10-05T06:05:16.272251743Z
AIIO,Robo.ai Inc. Class B Ordinary Shares,stocks,us,XNAS,CS,True,usd,0001932737,,,2025-10-05T06:05:16.272251923Z
AIIOW,Robo.ai Inc. Warrant,stocks,us,XNAS,WARRANT,True,usd,0001932737,,,2025-10-05T06:05:16.272252003Z
AIM,AIM ImmunoTech Inc.,stocks,us,XASE,CS,True,usd,0000946644,BBG000JL6Z80,BBG001SB9J29,2025-10-05T06:05:16.272252084Z
AIMD,"Ainos, Inc. Common Stock",stocks,us,XNAS,CS,True,usd,0001014763,BBG000H6PLR4,BBG001S965R0,2025-10-05T06:05:16.272252164Z
AIMDW,"Ainos, Inc. Warrants",stocks,us,XNAS,WARRANT,True,usd,0001014763,BBG019232J79,,2025-10-05T06:05:16.272252244Z
AIN,Albany International Corp Class A,stocks,us,XNYS,CS,True,usd,0000819793,BBG000BRWWH3,BBG001S5VKN1,2025-10-05T06:05:16.272252645Z
AINP,Allspring Income Plus ETF,stocks,us,ARCX,ETF,True,usd,,BBG01QVK6YM7,BBG01QVK6ZK6,2025-10-05T06:05:16.272252725Z
AIO,Virtus Artificial Intelligence & Technology Opportunities Fund,stocks,us,XNYS,FUND,True,usd,0001778114,BBG00Q7474K8,BBG00Q7474L7,2025-10-05T06:05:16.272252865Z
AIOO,AllianzIM U.S. Equity Buffer100 Protection ETF,stocks,us,BATS,ETF,True,usd,0001797318,BBG01V5B7TC6,BBG01V5B7V77,2025-10-05T06:05:16.272252945Z
AIOT,"PowerFleet, Inc. Common Stock",stocks,us,XNAS,CS,True,usd,0001774170,BBG00PG3JNL6,BBG00PG3JNM5,2025-10-05T06:05:16.272253226Z
AIP,"Arteris, Inc. Common Stock",stocks,us,XNAS,CS,True,usd,0001667011,BBG000QMLTK3,BBG001T7VHG1,2025-10-05T06:05:16.272253316Z
AIPI,REX AI Equity Premium Income ETF,stocks,us,XNAS,ETF,True,usd,,BBG01N48YNC5,BBG01N48YPF7,2025-10-05T06:05:16.272253396Z
AIPO,Defiance AI & Power Infrastructure ETF,stocks,us,XNAS,ETF,True,usd,,BBG01S2RQNR7,BBG01S2RQPN6,2025-10-05T06:05:16.272253476Z
AIQ,Global X Funds Global X Artificial Intelligence & Technology ETF,stocks,us,XNAS,ETF,True,usd,0001432353,BBG00KX8KG94,BBG00KX8KH01,2025-10-05T06:05:16.272253556Z
AIR,AAR Corp.,stocks,us,XNYS,CS,True,usd,0000001750,BBG000BBGQF1,BBG001S5NJX2,2025-10-05T06:05:16.272253637Z
AIRE,reAlpha Tech Corp. Common Stock,stocks,us,XNAS,CS,True,usd,0001859199,BBG015SL9PD1,BBG015SL9PF9,2025-10-05T06:05:16.272253727Z
AIRG,"Airgain, Inc. Common Stock",stocks,us,XNAS,CS,True,usd,0001272842,BBG0026ZDGG4,BBG0026ZDGH3,2025-10-05T06:05:16.272253807Z
AIRI,Air Industries Group,stocks,us,XASE,CS,True,usd,0001009891,BBG000C8XXR0,BBG001SG3M27,2025-10-05T06:05:16.272253887Z
AIRJ,AirJoule Technologies Corporation Class A Common Stock,stocks,us,XNAS,CS,True,usd,0001855474,BBG014FPNGK5,BBG014FPNHD1,2025-10-05T06:05:16.272254137Z
AIRJW,AirJoule Technologies Corporation Warrant,stocks,us,XNAS,WARRANT,True,usd,0001855474,BBG014XDH6X7,,2025-10-05T06:05:16.272254228Z
AIRO,"AIRO Group Holdings, Inc. Common Stock",stocks,us,XNAS,CS,True,usd,0001927958,BBG01FRGW2W5,BBG01FRGW2Z2,2025-10-05T06:05:16.272254328Z
AIRR,First Trust RBA American Industrial Renaissance ETF,stocks,us,XNAS,ETF,True,usd,0001552740,BBG0063G4FW4,BBG0063G4FX3,2025-10-05T06:05:16.272254428Z
AIRS,"AirSculpt Technologies, Inc. Common Stock",stocks,us,XNAS,CS,True,usd,0001870940,BBG012V27C29,BBG012V27CX5,2025-10-05T06:05:16.272254558Z
AIRT,Air T Inc,stocks,us,XNAS,CS,True,usd,0000353184,BBG000BBH316,BBG001S5NJZ0,2025-10-05T06:05:16.272254648Z
AIRTP,"Air T, Inc. Air T Funding Alpha Income Trust Preferred Securities",stocks,us,XNAS,PFD,True,usd,0000353184,,,2025-10-05T06:05:16.272254729Z
AIS,VistaShares Artificial Intelligence Supercycle ETF,stocks,us,ARCX,ETF,True,usd,0001722388,BBG01R2TJN20,BBG01R2TJP25,2025-10-05T06:05:16.272254809Z
AISP,"Airship AI Holdings, Inc. Class A Common Stock",stocks,us,XNAS,CS,True,usd,0001842566,BBG00ZZNS7C4,BBG00ZZNS7D3,2025-10-05T06:05:16.272254889Z
AISPW,"Airship AI Holdings, Inc. Warrants",stocks,us,XNAS,WARRANT,True,usd,0001842566,BBG010W1PNX6,,2025-10-05T06:05:16.272255159Z
AIT,"Applied Industrial Technologies, Inc.",stocks,us,XNYS,CS,True,usd,0000109563,BBG000BBHHP9,BBG001S5NK14,2025-10-05T06:05:16.27225524Z
AIV,Apartment Investment and Management Company,stocks,us,XNYS,CS,True,usd,0000922864,BBG000DD3510,BBG001S876N3,2025-10-05T06:05:16.27225532Z
AIVC,Amplify Bloomberg AI Value Chain ETF,stocks,us,ARCX,ETF,True,usd,0001633061,BBG01L6Y1LR4,BBG01L6Y1ML8,2025-10-05T06:05:16.2722554Z
AIVI,WisdomTree International AI Enhanced Value Fund,stocks,us,ARCX,ETF,True,usd,0001350487,BBG000BT3GK2,BBG001SHL7M6,2025-10-05T06:05:16.27225548Z
AIVL,WisdomTree U.S. AI Enhanced Value Fund,stocks,us,ARCX,ETF,True,usd,0001350487,BBG000BT2NX4,BBG001SHL7F4,2025-10-05T06:05:16.27225556Z
AIXI,XIAO-I Corporation American Depositary Shares,stocks,us,XNAS,ADRC,True,usd,0001935172,BBG01C3DTQ83,BBG01C3DTQ92,2025-10-05T06:05:16.27225564Z
AIYY,YieldMax AI Option Income Strategy ETF,stocks,us,ARCX,ETS,True,usd,0001924868,BBG01K8MLVZ7,BBG01K8MLWY6,2025-10-05T06:05:16.272255731Z
AIZ,"Assurant, Inc.",stocks,us,XNYS,CS,True,usd,0001267238,BBG000BZX1N5,BBG001SD9DW5,2025-10-05T06:05:16.272255811Z
AIZN,"Assurant, Inc. 5.25% Subordinated Notes due 2061",stocks,us,XNYS,SP,True,usd,0001267238,,,2025-10-05T06:05:16.272255891Z
AJAN,Innovator Equity Defined Protection ETF - 2 Yr to January 2026,stocks,us,BATS,ETF,True,usd,0001415726,BBG01KTTT4N4,BBG01KTTT5K4,2025-10-05T06:05:16.272255981Z
AJG,Arthur J. Gallagher & Co.,stocks,us,XNYS,CS,True,usd,0000354190,BBG000BBHXQ3,BBG001S5NKC2,2025-10-05T06:05:16.272256061Z
AJUL,Innovator Equity Defined Protection ETF - 2 Yr to July 2026,stocks,us,BATS,ETF,True,usd,0001415726,BBG01NJ0PGC1,BBG01NJ0PH66,2025-10-05T06:05:16.272256151Z
AKA,a.k.a. Brands Holding Corp.,stocks,us,XNYS,CS,True,usd,0001865107,BBG0129CWQ14,BBG0129CWQ23,2025-10-05T06:05:16.272256231Z
AKAF,The Frontier Economic Fund,stocks,us,XNYS,ETF,True,usd,,BBG01VS3BCZ6,BBG01VS3BF70,2025-10-05T06:05:16.272256312Z
AKAM,Akamai Technologies Inc,stocks,us,XNAS,CS,True,usd,0001086222,BBG000BJQWD2,BBG001S7YHX0,2025-10-05T06:05:16.272256392Z
AKAN,Akanda Corp. Common Shares,stocks,us,XNAS,CS,True,usd,0001888014,BBG013GQ5XT8,BBG013GQ5XV5,2025-10-05T06:05:16.272256472Z
AKBA,"Akebia Therapeutics, Inc.",stocks,us,XNAS,CS,True,usd,0001517022,BBG000R33R00,BBG001T922S9,2025-10-05T06:05:16.272256672Z
AKO.A,Embotelladora Andina S.A. Series A,stocks,us,XNYS,ADRC,True,usd,0000925261,BBG000J82W71,BBG001S9ZDD6,2025-10-05T06:05:16.272256963Z
AKO.B,Embotelladora Andina S.A. Series B,stocks,us,XNYS,ADRC,True,usd,0000925261,BBG000DZ2SW8,BBG001S6T4X7,2025-10-05T06:05:16.272257123Z
AKR,Acadia Realty Trust,stocks,us,XNYS,CS,True,usd,0000899629,BBG000BJGD54,BBG001S7KXT5,2025-10-05T06:05:16.272257203Z
AKRO,"Akero Therapeutics, Inc. Common Stock",stocks,us,XNAS,CS,True,usd,0001744659,BBG00L9211Y8,BBG00L9211Z7,2025-10-05T06:05:16.272257283Z
AKTX,Akari Therapeutics plc ADR (0.01 USD),stocks,us,XNAS,ADRC,True,usd,0001541157,BBG003PMV495,BBG003PMV510,2025-10-05T06:05:16.272257374Z
AL,Air Lease Corporation,stocks,us,XNYS,CS,True,usd,0001487712,BBG000R3NPZ4,BBG001T92VD1,2025-10-05T06:05:16.272257454Z
ALAB,"Astera Labs, Inc. Common Stock",stocks,us,XNAS,CS,True,usd,0001736297,BBG00TDKHW99,BBG00TDKHWK6,2025-10-05T06:05:16.272257534Z
ALAI,Alger AI Enablers & Adopters ETF,stocks,us,ARCX,ETF,True,usd,0001807486,BBG01M13SDZ5,BBG01M13SFT7,2025-10-05T06:05:16.272257614Z
ALAR,Alarum Technologies Ltd. American Depositary Share,stocks,us,XNAS,ADRC,True,usd,0001725332,BBG00GVM3KM9,BBG00GVM3LB9,2025-10-05T06:05:16.272257714Z
ALB,Albemarle Corporation,stocks,us,XNYS,CS,True,usd,0000915913,BBG000BJ26K7,BBG001S7SBP9,2025-10-05T06:05:16.272257885Z
ALBT,Avalon GloboCare Corp. Common Stock,stocks,us,XNAS,CS,True,usd,0001630212,BBG008648HM7,BBG008648HN6,2025-10-05T06:05:16.272257975Z
ALBpA,Albemarle Corporation Depositary Shares each representing a 1/20th interest in a share of 7.25% Series A Mandatory Convertible Preferred Stock,stocks,us,XNYS,SP,True,usd,0000915913,,,2025-10-05T06:05:16.272258045Z
ALC,Alcon Inc. Ordinary Shares,stocks,us,XNYS,CS,True,usd,0001167379,,,2025-10-05T06:05:16.272258125Z
ALCO,Alico Inc,stocks,us,XNAS,CS,True,usd,0000003545,BBG000BBJR57,BBG001S5NKW0,2025-10-05T06:05:16.272258205Z
ALCY,Alchemy Investments Acquisition Corp 1 Class A Ordinary Shares,stocks,us,XNAS,CS,True,usd,0001901336,,,2025-10-05T06:05:16.272258295Z
ALCYU,Alchemy Investments Acquisition Corp 1 Units,stocks,us,XNAS,UNIT,True,usd,0001901336,,,2025-10-05T06:05:16.272258366Z
ALCYW,Alchemy Investments Acquisition Corp 1 Warrants,stocks,us,XNAS,WARRANT,True,usd,0001901336,,,2025-10-05T06:05:16.272258456Z
ALDF,Aldel Financial II Inc. Class A Ordinary Shares,stocks,us,XNAS,CS,True,usd,0002031561,,,2025-10-05T06:05:16.272258536Z
ALDFU,Aldel Financial II Inc. Units,stocks,us,XNAS,UNIT,True,usd,0002031561,,,2025-10-05T06:05:16.272258716Z
ALDFW,Aldel Financial II Inc. Warrants,stocks,us,XNAS,WARRANT,True,usd,0002031561,,,2025-10-05T06:05:16.272258786Z
ALDX,"Aldeyra Therapeutics, Inc.",stocks,us,XNAS,CS,True,usd,0001341235,BBG0029H8ZF6,BBG0029H8ZG5,2025-10-05T06:05:16.272258877Z
ALE,"ALLETE, Inc.",stocks,us,XNYS,CS,True,usd,0000066756,BBG000CYW7N5,BBG001S77110,2025-10-05T06:05:16.272258957Z
ALEC,"Alector, Inc. Common Stock",stocks,us,XNAS,CS,True,usd,0001653087,BBG00N0PL198,BBG00N0PL214,2025-10-05T06:05:16.272259037Z
ALEX,"Alexander & Baldwin, Inc.",stocks,us,XNYS,CS,True,usd,0001545654,BBG00HS2GVL8,BBG00HS2GVM7,2025-10-05T06:05:16.272259117Z
ALF,Centurion Acquisition Corp. Class A Ordinary Shares,stocks,us,XNAS,CS,True,usd,0002010930,,,2025-10-05T06:05:16.272259197Z
ALFUU,Centurion Acquisition Corp. Unit,stocks,us,XNAS,UNIT,True,usd,0002010930,,,2025-10-05T06:05:16.272259287Z
ALFUW,Centurion Acquisition Corp. Warrant,stocks,us,XNAS,WARRANT,True,usd,0002010930,,,2025-10-05T06:05:16.272259367Z
ALG,"Alamo Group, Inc.",stocks,us,XNYS,CS,True,usd,0000897077,BBG000BJTZX0,BBG001S7YVC2,2025-10-05T06:05:16.272259628Z
ALGM,"Allegro MicroSystems, Inc. Common Stock",stocks,us,XNAS,CS,True,usd,0000866291,BBG00H5S8391,BBG00H5S83B8,2025-10-05T06:05:16.272259708Z
ALGN,Align Technology Inc,stocks,us,XNAS,CS,True,usd,0001097149,BBG000BRNLL2,BBG001SCF1B9,2025-10-05T06:05:16.272259808Z
ALGS,"Aligos Therapeutics, Inc. Common Stock",stocks,us,XNAS,CS,True,usd,0001799448,BBG00QX7QH68,BBG00QX7QH77,2025-10-05T06:05:16.272259888Z
ALGT,Allegiant Travel Company,stocks,us,XNAS,CS,True,usd,0001362468,BBG000LJS6B8,BBG001SQ25S5,2025-10-05T06:05:16.272259969Z
ALHC,"Alignment Healthcare, Inc. Common Stock",stocks,us,XNAS,CS,True,usd,0001832466,BBG00ZJ0DSR6,BBG00ZJ0DSS5,2025-10-05T06:05:16.272260059Z
ALIL,Argent Focused Small Cap ETF,stocks,us,XNAS,ETF,True,usd,,BBG01TCJ00K7,BBG01TCJ01G0,2025-10-05T06:05:16.272260139Z
ALIT,"Alight, Inc.",stocks,us,XNYS,CS,True,usd,0001809104,BBG00H00J2N1,BBG00H00J2Q8,2025-10-05T06:05:16.272260219Z
ALK,"Alaska Air Group, Inc.",stocks,us,XNYS,CS,True,usd,0000766421,BBG000BBL0Y1,BBG001S5NLG6,2025-10-05T06:05:16.27226048Z
ALKS,Alkermes Inc. plc,stocks,us,XNAS,CS,True,usd,0001520262,,,2025-10-05T06:05:16.27226056Z
ALKT,"Alkami Technology, Inc. Common Stock",stocks,us,XNAS,CS,True,usd,0001529274,BBG005HTCT54,BBG005HTCT63,2025-10-05T06:05:16.27226064Z
ALL,The Allstate Corporation,stocks,us,XNYS,CS,True,usd,0000899051,BBG000BVMGF2,BBG001S9BM06,2025-10-05T06:05:16.27226073Z
ALLE,Allegion Public Limited Company,stocks,us,XNYS,CS,True,usd,0001579241,,,2025-10-05T06:05:16.27226081Z
ALLO,"Allogene Therapeutics, Inc. Common Stock",stocks,us,XNAS,CS,True,usd,0001737287,BBG00KHRRDX3,BBG00KHRRDY2,2025-10-05T06:05:16.272261041Z
ALLR,"Allarity Therapeutics, Inc. Common Stock",stocks,us,XNAS,CS,True,usd,0001860657,BBG012NXCZP8,BBG012NXCZQ7,2025-10-05T06:05:16.272261121Z
ALLT,Allot Ltd. Ordinary Shares,stocks,us,XNAS,CS,True,usd,0001365767,,,2025-10-05T06:05:16.272261241Z
ALLW,SPDR Bridgewater All Weather ETF,stocks,us,XNAS,ETF,True,usd,0001516212,BBG01SN3NWY2,BBG01SN3NXT6,2025-10-05T06:05:16.272261311Z
ALLY,Ally Financial Inc.,stocks,us,XNYS,CS,True,usd,0000040729,BBG000BC2R71,BBG001S5RLN4,2025-10-05T06:05:16.272261401Z
ALLpB,The Allstate Corporation 5.100%  Fixed-To-Floating Rate Subordinated Debentures due 2053,stocks,us,XNYS,PFD,True,usd,0000899051,,,2025-10-05T06:05:16.272261481Z
ALLpH,The Allstate Corporation,stocks,us,XNYS,PFD,True,usd,0000899051,,,2025-10-05T06:05:16.272261562Z
ALLpI,The Allstate Corporation,stocks,us,XNYS,PFD,True,usd,0000899051,,,2025-10-05T06:05:16.272261652Z
ALLpJ,"The Allstate Corporation Depositary Shares each representing a 1/1,000th interest in a share of Fixed Rate Noncumulative Perpetual Preferred Stock, Series J",stocks,us,XNYS,PFD,True,usd,0000899051,,,2025-10-05T06:05:16.272261732Z
ALM,Almonty Industries Inc. Common Shares,stocks,us,XNAS,CS,True,usd,0001670061,BBG004KGNV81,BBG001T7CS41,2025-10-05T06:05:16.272261812Z
ALMS,Alumis Inc. Common Stock,stocks,us,XNAS,CS,True,usd,0001847367,BBG01J7X4PN2,BBG01J7X4PP0,2025-10-05T06:05:16.272261892Z
ALMU,"Aeluma, Inc. Common Stock",stocks,us,XNAS,CS,True,usd,0001828805,BBG013BHY3G1,BBG013BHY3H0,2025-10-05T06:05:16.272261982Z
ALNT,Allient Inc. Common Stock,stocks,us,XNAS,CS,True,usd,0000046129,BBG000BKVYJ3,BBG001S5RST3,2025-10-05T06:05:16.272262053Z
ALNY,"Alnylam Pharmaceuticals, Inc.",stocks,us,XNAS,CS,True,usd,0001178670,BBG000BFGNJ5,BBG001S7FTC8,2025-10-05T06:05:16.272262353Z
ALOT,"AstroNova, Inc. Common Stock",stocks,us,XNAS,CS,True,usd,0000008146,BBG000BBMCY4,BBG001S5NLS3,2025-10-05T06:05:16.272262433Z
ALRG,Allspring LT Large Core ETF,stocks,us,ARCX,ETF,True,usd,,BBG01V9VKGD0,BBG01V9VKHF6,2025-10-05T06:05:16.272262513Z
ALRM,"Alarm.com Holdings, Inc.",stocks,us,XNAS,CS,True,usd,0001459200,BBG007GNPYY7,BBG007GNPYZ6,2025-10-05T06:05:16.272262744Z
ALRS,Alerus Financial Corporation Common Stock,stocks,us,XNAS,CS,True,usd,0000903419,BBG000BTXSH7,BBG001SGGKT8,2025-10-05T06:05:16.272262824Z
ALSN,"ALLISON TRANSMISSION HOLDINGS, INC.",stocks,us,XNYS,CS,True,usd,0001411207,BBG001KY3845,BBG001V0T5F3,2025-10-05T06:05:16.272262954Z
ALT,"Altimmune, Inc. Common Stock",stocks,us,XNAS,CS,True,usd,0001326190,BBG000FXML90,BBG001SNS461,2025-10-05T06:05:16.272263034Z
ALTG,Alta Equipment Group Inc.,stocks,us,XNYS,CS,True,usd,0001759824,BBG00NZ6JVD4,BBG00NZ6JW42,2025-10-05T06:05:16.272263105Z
ALTGpA,Alta Equipment Group Inc. Depositary Shares (each representing 1/1000th in a share of 10% Series A Cumulative Perpetual Preferred Stock),stocks,us,XNYS,PFD,True,usd,0001759824,,,2025-10-05T06:05:16.272263185Z
ALTI,"AlTi Global, Inc. Class A Common Stock",stocks,us,XNAS,CS,True,usd,0001838615,BBG00Z6F0LQ7,BBG00Z6F0ML0,2025-10-05T06:05:16.272263365Z
ALTL,Pacer Lunt Large Cap Alternator ETF,stocks,us,ARCX,ETF,True,usd,0001616668,BBG00VP22TF7,BBG00VP22V71,2025-10-05T06:05:16.272263465Z
ALTO,"Alto Ingredients, Inc. Common Stock",stocks,us,XNAS,CS,True,usd,0000778164,BBG000K4WSD7,BBG001SCBYZ5,2025-10-05T06:05:16.272263545Z
ALTS,ALT5 Sigma Corporation Common Stock,stocks,us,XNAS,CS,True,usd,0000862861,BBG000CKLRH0,BBG001S6Y4N2,2025-10-05T06:05:16.272263626Z
ALTY,Global X Funds Global X Alternative Income ETF,stocks,us,XNAS,ETF,True,usd,0001432353,BBG009L6H4R7,BBG009L6H4S6,2025-10-05T06:05:16.272263716Z
ALUR,"Allurion Technologies, Inc.",stocks,us,XNYS,CS,True,usd,0001964979,BBG01HPVRLS9,BBG01HPVRLV5,2025-10-05T06:05:16.272263796Z
ALUR.WS,"Allurion Technologies, Inc. Warrants, each whole warrant exercisable to purchase 0.056818 shares of common stock at an exercise price of $202.50 per share of common stock",stocks,us,XNYS,WARRANT,True,usd,0001964979,BBG01HPVZWF0,,2025-10-05T06:05:16.272263876Z
ALV,"Autoliv, Inc.",stocks,us,XNYS,CS,True,usd,0001034670,BBG000BVLRY8,BBG001S9YRV6,2025-10-05T06:05:16.272263956Z
ALVO,Alvotech Ordinary Shares,stocks,us,XNAS,CS,True,usd,0001898416,,,2025-10-05T06:05:16.272264036Z
ALVOW,Alvotech Warrant,stocks,us,XNAS,WARRANT,True,usd,0001898416,,,2025-10-05T06:05:16.272264197Z
ALX,Alexander's Inc.,stocks,us,XNYS,CS,True,usd,0000003499,BBG000BBNLK8,BBG001S5NM92,2025-10-05T06:05:16.272264427Z
ALXO,ALX Oncology Holdings Inc. Common Stock,stocks,us,XNAS,CS,True,usd,0001810182,BBG00VR8SDG8,BBG00VR8SF73,2025-10-05T06:05:16.272264507Z
ALZN,"Alzamend Neuro, Inc. Common Stock",stocks,us,XNAS,CS,True,usd,0001677077,BBG00ZMXG7M8,BBG00ZMXG7N7,2025-10-05T06:05:16.272264617Z
AM,Antero Midstream Corporation Common Stock,stocks,us,XNYS,CS,True,usd,0001623925,BBG00GBNZ4M0,BBG00GBNZ4N9,2025-10-05T06:05:16.272264698Z
AMAL,Amalgamated Financial Corp. Common Stock (DE),stocks,us,XNAS,CS,True,usd,0001823608,BBG00XRT7YX6,BBG00XRT7YY5,2025-10-05T06:05:16.272264788Z
AMAT,Applied Materials Inc,stocks,us,XNAS,CS,True,usd,0000006951,BBG000BBPFB9,BBG001S5NMM7,2025-10-05T06:05:16.272264868Z
AMAX,Adaptive Hedged Multi-Asset Income ETF,stocks,us,ARCX,ETF,True,usd,,BBG0133TN2R6,BBG0133TN3L0,2025-10-05T06:05:16.272264948Z
AMBA,"Ambarella, Inc. Ordinary Shares",stocks,us,XNAS,CS,True,usd,0001280263,,,2025-10-05T06:05:16.272265028Z
AMBC,"Ambac Financial Group, Inc.",stocks,us,XNYS,CS,True,usd,0000874501,BBG004HQHKK0,BBG004HQHL91,2025-10-05T06:05:16.272265209Z
AMBI,Ambipar Emergency Response,stocks,us,XASE,CS,True,usd,0001937441,,,2025-10-05T06:05:16.272265289Z
AMBI.WS,"Ambipar Emergency Response Warrants to purchase Class A ordinary shares, each whole warrant exercisable for one Class A ordinary share at an exercise price of $11.50 per share",stocks,us,XASE,WARRANT,True,usd,0001937441,,,2025-10-05T06:05:16.272265369Z
AMBO,Ambow Education Holding Ltd. American Depository Shares (each representing twenty (20) Class A Ordinary Shares),stocks,us,XASE,ADRC,True,usd,0001494558,BBG000BDCP09,BBG001T99B02,2025-10-05T06:05:16.272265449Z
AMBP,Ardagh Metal Packaging S.A.,stocks,us,XNYS,CS,True,usd,0001845097,,,2025-10-05T06:05:16.272265529Z
AMBP.WS,"Ardagh Metal Packaging S.A. Warrants, each exercisable for one Share at an exercise price of $11.50 per share",stocks,us,XNYS,WARRANT,True,usd,0001845097,,,2025-10-05T06:05:16.272265609Z
AMBQ,"Ambiq Micro, Inc.",stocks,us,XNYS,CS,True,usd,0001500412,BBG0026ZDH90,BBG0026ZDHB7,2025-10-05T06:05:16.27226569Z
AMBR,Amber International Holding Limited American Depositary Shares,stocks,us,XNAS,ADRC,True,usd,0001697818,BBG00J0BKBX0,BBG00J0BKBY9,2025-10-05T06:05:16.27226577Z
AMC,"AMC ENTERTAINMENT HOLDINGS, INC.",stocks,us,XNYS,CS,True,usd,0001411579,BBG000TDCVT6,BBG001SZYYL4,2025-10-05T06:05:16.27226585Z
AMCR,Amcor plc Ordinary Shares,stocks,us,XNYS,CS,True,usd,0001748790,,,2025-10-05T06:05:16.27226604Z
AMCX,AMC Networks Inc. Class A,stocks,us,XNAS,CS,True,usd,0001514991,BBG000H01H92,BBG001SLR8S3,2025-10-05T06:05:16.27226612Z
AMD,Advanced Micro Devices,stocks,us,XNAS,CS,True,usd,0000002488,BBG000BBQCY0,BBG001S5NN36,2025-10-05T06:05:16.2722662Z
AMDD,Direxion Daily AMD Bear 1X Shares,stocks,us,XNAS,ETF,True,usd,,BBG01S4RXG10,BBG01S4RXH09,2025-10-05T06:05:16.272266281Z
AMDG,Leverage Shares 2X Long AMD Daily ETF,stocks,us,XNAS,ETF,True,usd,0001976322,BBG01RYZKSJ0,BBG01RYZKTF2,2025-10-05T06:05:16.272266361Z
AMDL,GraniteShares 2x Long AMD Daily ETF,stocks,us,XNAS,ETF,True,usd,0001689873,BBG01LNWKBD5,BBG01LNWKC70,2025-10-05T06:05:16.272266441Z
AMDU,Defiance Leveraged Long + Income AMD ETF,stocks,us,XNAS,ETF,True,usd,,BBG01WTSMFD3,BBG01WTSMG96,2025-10-05T06:05:16.272266521Z
AMDW,Roundhill AMD WeeklyPay ETF,stocks,us,BATS,ETF,True,usd,,BBG01W6VBTJ7,BBG01W6VBVF6,2025-10-05T06:05:16.272266601Z
AMDY,YieldMax AMD Option Income Strategy ETF,stocks,us,ARCX,ETS,True,usd,,BBG01J9TDVT0,BBG01J9TDWP2,2025-10-05T06:05:16.272266681Z
AME,"Ametek, Inc.",stocks,us,XNYS,CS,True,usd,0001037868,BBG000B9XG87,BBG001S5NN54,2025-10-05T06:05:16.272266892Z
AMG,Affiliated Managers Group,stocks,us,XNYS,CS,True,usd,0001004434,BBG000C060M4,BBG001S6DMD6,2025-10-05T06:05:16.272266972Z
AMGN,Amgen Inc,stocks,us,XNAS,CS,True,usd,0000318154,BBG000BBS2Y0,BBG001S5NNL6,2025-10-05T06:05:16.272267052Z
AMH,AMERICAN HOMES 4 RENT,stocks,us,XNYS,CS,True,usd,0001562401,BBG003NXJNH6,BBG003NXJNJ4,2025-10-05T06:05:16.272267132Z
AMHpG,American Homes 4 Rent Series G cumulative redeemable perpetual preferred shares of beneficial interest,stocks,us,XNYS,PFD,True,usd,0001562401,,,2025-10-05T06:05:16.272267212Z
AMHpH,American Homes 4 Rent Series H cumulative redeemable perpetual Preferred Shares of Beneficial Interest,stocks,us,XNYS,PFD,True,usd,0001562401,,,2025-10-05T06:05:16.272267293Z
AMID,Argent Mid Cap ETF,stocks,us,XNAS,ETF,True,usd,,BBG017Z2L8P2,BBG017Z2L9J7,2025-10-05T06:05:16.272267523Z
AMIX,"Autonomix Medical, Inc. Common Stock",stocks,us,XNAS,CS,True,usd,0001617867,BBG00R28GXW5,BBG00R28GXX4,2025-10-05T06:05:16.272267603Z
AMJB,Alerian MLP Index ETNs due January 28 2044,stocks,us,ARCX,ETN,True,usd,0000019617,BBG01L70PXT3,BBG01L70PZ45,2025-10-05T06:05:16.272267683Z
AMKR,Amkor Technology Inc,stocks,us,XNAS,CS,True,usd,0001047127,BBG000BCKGW7,BBG001S64YF8,2025-10-05T06:05:16.272267763Z
AMLP,Alerian MLP ETF,stocks,us,ARCX,ETF,True,usd,0001414040,BBG0015CS200,BBG001TBMNT5,2025-10-05T06:05:16.272267934Z
AMLX,"Amylyx Pharmaceuticals, Inc. Common Stock",stocks,us,XNAS,CS,True,usd,0001658551,BBG00DP10YT5,BBG00DP10YW1,2025-10-05T06:05:16.272268014Z
AMN,AMN Healthcare Services,stocks,us,XNYS,CS,True,usd,0001142750,BBG000BCT197,BBG001S6Q193,2025-10-05T06:05:16.272268274Z
AMOD,"Alpha Modus Holdings, Inc. Class A Common Stock",stocks,us,XNAS,CS,True,usd,0001862463,BBG0123NSVZ3,BBG0123NSWT8,2025-10-05T06:05:16.272268365Z
AMODW,"Alpha Modus Holdings, Inc. Warrant",stocks,us,XNAS,WARRANT,True,usd,0001862463,BBG0123Q9X74,,2025-10-05T06:05:16.272268445Z
AMOM,Qraft AI-Enhanced US Large Cap Momentum ETF,stocks,us,ARCX,ETF,True,usd,0001547950,BBG00P5NRM19,BBG00P5NRMS0,2025-10-05T06:05:16.272268525Z
AMP,"Ameriprise Financial, Inc.",stocks,us,XNYS,CS,True,usd,0000820027,BBG000G3QLY3,BBG001SK6096,2025-10-05T06:05:16.272268595Z
AMPG,AMPLITECH GROUP INC. COM,stocks,us,XNAS,CS,True,usd,0001518461,BBG00394F954,BBG00394F9X3,2025-10-05T06:05:16.272268675Z
AMPGW,"Amplitech Group, Inc. Warrants",stocks,us,XNAS,WARRANT,True,usd,0001518461,BBG00Z9BGRC8,,2025-10-05T06:05:16.272268856Z
AMPH,"Amphastar Pharmaceuticals, Inc.",stocks,us,XNAS,CS,True,usd,0001297184,BBG000BW90S6,BBG001SCM4W2,2025-10-05T06:05:16.272268936Z
AMPL,"Amplitude, Inc. Class A Common Stock",stocks,us,XNAS,CS,True,usd,0001866692,BBG012CDTZY6,BBG012CDTZZ5,2025-10-05T06:05:16.272269016Z
AMPX,"Amprius Technologies, Inc.",stocks,us,XNYS,CS,True,usd,0001899287,BBG019MBDC63,BBG019MBDD16,2025-10-05T06:05:16.272269096Z
AMPX.WS,"Amprius Technologies, Inc. Warrants to purchase one share of Common Stock at an exercise price of $11.50 per share",stocks,us,XNYS,WARRANT,True,usd,0001899287,BBG016X0TFF7,,2025-10-05T06:05:16.272269316Z
AMPY,Amplify Energy Corp.,stocks,us,XNYS,CS,True,usd,0001533924,BBG00F0YM0Z8,BBG00F0YM1R5,2025-10-05T06:05:16.272269397Z
AMR,"Alpha Metallurgical Resources, Inc.",stocks,us,XNYS,CS,True,usd,0001704715,BBG00DGWV035,BBG00DGWV044,2025-10-05T06:05:16.272269507Z
AMRC,"Ameresco, Inc.",stocks,us,XNYS,CS,True,usd,0001488139,BBG000BD1QL6,BBG001S6P9W1,2025-10-05T06:05:16.272269587Z
AMRK,"A-Mark Precious Metals, Inc.",stocks,us,XNAS,CS,True,usd,0001591588,BBG005ZVDK48,BBG005ZVDK57,2025-10-05T06:05:16.272269667Z
AMRN,Amarin Corp Plc,stocks,us,XNAS,ADRC,True,usd,0000897448,BBG000BPYG99,BBG001SD42R0,2025-10-05T06:05:16.272269847Z
AMRX,"Amneal Pharmaceuticals, Inc. Class A Common Stock",stocks,us,XNAS,CS,True,usd,0001723128,BBG00462PGG0,BBG00462PGH9,2025-10-05T06:05:16.272269928Z
AMRZ,Amrize Ltd,stocks,us,XNYS,CS,True,usd,0002035989,,,2025-10-05T06:05:16.272270208Z
AMS,American Shared Hospital Services,stocks,us,XASE,CS,True,usd,0000744825,BBG000BBVZ37,BBG001S5NPF8,2025-10-05T06:05:16.272270288Z
AMSC,American Superconductor Corp,stocks,us,XNAS,CS,True,usd,0000880807,BBG000CP3D44,BBG001S70C31,2025-10-05T06:05:16.272270368Z
AMSF,"AMERISAFE, Inc.",stocks,us,XNAS,CS,True,usd,0001018979,BBG000Q0JJQ0,BBG001SDH7B2,2025-10-05T06:05:16.272270449Z
AMST,Amesite Inc.,stocks,us,XNAS,CS,True,usd,0001807166,BBG00KY7FCW4,BBG00KY7FCX3,2025-10-05T06:05:16.272270529Z
AMT,American Tower Corporation,stocks,us,XNYS,CS,True,usd,0001053507,BBG000B9XYV2,BBG001S5NPQ6,2025-10-05T06:05:16.272270609Z
AMTB,Amerant Bancorp Inc.,stocks,us,XNYS,CS,True,usd,0001734342,BBG001KHCXD7,BBG001V0P1S2,2025-10-05T06:05:16.272270689Z
AMTD,"AMTD IDEA Group American Depositary Shares, each representing six (6) Class A Ordinary Shares",stocks,us,XNYS,ADRC,True,usd,0001769731,BBG00PH297Y9,BBG00PH298P7,2025-10-05T06:05:16.272270769Z
AMTM,"Amentum Holdings, Inc.",stocks,us,XNYS,CS,True,usd,0002011286,BBG01NY7B734,BBG01NY7B770,2025-10-05T06:05:16.27227096Z
AMTX,"Aemetis, Inc. (DE) Common Stock",stocks,us,XNAS,CS,True,usd,0000738214,BBG000BWBZY9,BBG001SCST33,2025-10-05T06:05:16.27227105Z
AMUB,"ETRACS Alerian MLP Index ETN Series B due July 18, 2042",stocks,us,ARCX,ETN,True,usd,0001114446,BBG00B59KB85,BBG00B59KB76,2025-10-05T06:05:16.27227113Z
AMUU,Direxion Daily AMD Bull 2X Shares,stocks,us,XNAS,ETF,True,usd,,BBG01S4S1M83,BBG01S4S1N63,2025-10-05T06:05:16.27227121Z
AMWD,American Woodmark Corp,stocks,us,XNAS,CS,True,usd,0000794619,BBG000BBX657,BBG001S5NQ57,2025-10-05T06:05:16.27227129Z
AMWL,American Well Corporation,stocks,us,XNYS,CS,True,usd,0001393584,BBG002R1JYY1,BBG002R1JYZ0,2025-10-05T06:05:16.27227137Z
AMX,America Movil S.A.B de C.V American Depositary Shares (each representing the right to receive twenty (20) Series B Shares),stocks,us,XNYS,ADRC,True,usd,0001129137,BBG01FRH5MK2,BBG01FRH5ND8,2025-10-05T06:05:16.27227145Z
AMYY,GraniteShares YieldBOOST AMD ETF,stocks,us,XNAS,ETF,True,usd,0001689873,BBG01X4WY3P0,BBG01X4WY4V1,2025-10-05T06:05:16.272271531Z
AMZA,InfraCap MLP ETF,stocks,us,ARCX,ETF,True,usd,0001559109,BBG0077X4F42,BBG0077X4F33,2025-10-05T06:05:16.272271811Z
AMZD,Direxion Daily AMZN Bear 1X Shares,stocks,us,XNAS,ETF,True,usd,,BBG019HFY6V2,BBG019HFY7P7,2025-10-05T06:05:16.272271891Z
AMZE,"Amaze Holdings, Inc.",stocks,us,XASE,CS,True,usd,0001880343,BBG013N9RNG0,BBG013N9RPD8,2025-10-05T06:05:16.272271971Z
AMZN,Amazon.Com Inc,stocks,us,XNAS,CS,True,usd,0001018724,BBG000BVPV84,BBG001S5PQL7,2025-10-05T06:05:16.272272062Z
AMZP,Kurv Yield Premium Strategy Amazon (AMZN) ETF,stocks,us,BATS,ETF,True,usd,0001848758,BBG01QY0H433,BBG01QY0H4Y9,2025-10-05T06:05:16.272272142Z
AMZU,Direxion Shares ETF Trust Direxion Daily AMZN Bull 2X Shares,stocks,us,XNAS,ETF,True,usd,,BBG019HFXXC5,BBG019HFXY60,2025-10-05T06:05:16.272272222Z
AMZW,Roundhill AMZN WeeklyPay ETF,stocks,us,BATS,ETF,True,usd,,BBG01VKF7GV7,BBG01VKF7HR0,2025-10-05T06:05:16.272272302Z
AMZY,YieldMax AMZN Option Income Strategy ETF,stocks,us,ARCX,ETS,True,usd,,BBG01HMFFZL6,BBG01HMFG0L2,2025-10-05T06:05:16.272272382Z
AMZZ,GraniteShares 2x Long AMZN Daily ETF,stocks,us,XNAS,ETF,True,usd,0001689873,BBG01LNX9683,BBG01LNX97G2,2025-10-05T06:05:16.272272492Z
AN,"AutoNation, Inc.",stocks,us,XNYS,CS,True,usd,0000350698,BBG000BBXLW4,BBG001S5NQB0,2025-10-05T06:05:16.272272673Z
ANAB,"AnaptysBio, Inc. Common Stock",stocks,us,XNAS,CS,True,usd,0001370053,BBG0026ZDHR0,BBG0026ZDHT8,2025-10-05T06:05:16.272272753Z
ANDE,Andersons Inc/The,stocks,us,XNAS,CS,True,usd,0000821026,BBG000BF8CN3,BBG001S60FJ9,2025-10-05T06:05:16.272272833Z
ANEB,"Anebulo Pharmaceuticals, Inc. Common Stock",stocks,us,XNAS,CS,True,usd,0001815974,BBG00ZWY5GC8,BBG00ZWY5GD7,2025-10-05T06:05:16.272272913Z
ANEL,Defiance Daily Target 2x Long ANET ETF,stocks,us,XNAS,ETF,True,usd,,BBG01X0Z5YK6,BBG01X0Z5ZH7,2025-10-05T06:05:16.272273003Z
ANET,Arista Networks,stocks,us,XNYS,CS,True,usd,0001596532,BBG000N2HDY5,BBG001T51KQ0,2025-10-05T06:05:16.272273084Z
ANEW,ProShares MSCI Transformational Changes ETF,stocks,us,ARCX,ETF,True,usd,0001174610,BBG00XTVWSW5,BBG00XTVWTQ0,2025-10-05T06:05:16.272273164Z
ANF,Abercrombie & Fitch Co.,stocks,us,XNYS,CS,True,usd,0001018840,BBG000H9G7X2,BBG001S97027,2025-10-05T06:05:16.272273244Z
ANGH,Anghami Inc. Ordinary Shares,stocks,us,XNAS,CS,True,usd,0001871983,,,2025-10-05T06:05:16.272273334Z
ANGHW,Anghami Inc. Warrants,stocks,us,XNAS,WARRANT,True,usd,0001871983,,,2025-10-05T06:05:16.272273494Z
ANGI,Angi Inc. Class A Common Stock,stocks,us,XNAS,CS,True,usd,0001705110,BBG00HVKH3Q0,BBG00HVKH4F0,2025-10-05T06:05:16.272273655Z
ANGL,VanEck Fallen Angel High Yield Bond ETF,stocks,us,XNAS,ETF,True,usd,0001137360,BBG002VZY764,BBG002VZY7Y3,2025-10-05T06:05:16.272273735Z
ANGO,"AngioDynamics, Inc.",stocks,us,XNAS,CS,True,usd,0001275187,BBG000BB5621,BBG001S5RPY3,2025-10-05T06:05:16.272273815Z
ANGX,"Angel Studios, Inc.",stocks,us,XNYS,CS,True,usd,0001865200,BBG013SVSHG8,BBG013SVSJB9,2025-10-05T06:05:16.272273895Z
ANGpB,"American National Group Inc.  Depositary Shares, each representing a 1/1, 000th interest in a share of 6.625% Fixed-Rate Reset Non-Cumulative Preferred Stock, Series B",stocks,us,XNYS,PFD,True,usd,0001039828,,,2025-10-05T06:05:16.272273985Z
ANGpD,"American National Group Inc. Depositary Shares, each representing a 1/1000th interest in a share of 7.375% Fixed-Rate Non-Cumulative Preferred Stock, Series D",stocks,us,XNYS,PFD,True,usd,0001039828,,,2025-10-05T06:05:16.272274065Z
ANIK,Anika Therapeutics Inc,stocks,us,XNAS,CS,True,usd,0000898437,BBG000BBKZD8,BBG001S609X7,2025-10-05T06:05:16.272274306Z
ANIP,"ANI Pharmaceuticals, Inc.",stocks,us,XNAS,CS,True,usd,0001023024,BBG000KK1L04,BBG001S9DR85,2025-10-05T06:05:16.272274386Z
ANIX,"Anixa Biosciences, Inc.",stocks,us,XNAS,CS,True,usd,0000715446,BBG000BG3J79,BBG001S5Q1P7,2025-10-05T06:05:16.272274586Z
ANL,Adlai Nortye Ltd. American Depositary Shares,stocks,us,XNAS,ADRC,True,usd,0001944552,BBG01HP11SV4,BBG01HP11TP9,2025-10-05T06:05:16.272274667Z
ANNA,"AleAnna, Inc. Class A Common Stock",stocks,us,XNAS,CS,True,usd,0001845123,BBG01R8ZDT05,BBG01R8ZDT14,2025-10-05T06:05:16.272274747Z
ANNAW,"AleAnna, Inc. Warrant",stocks,us,XNAS,WARRANT,True,usd,0001845123,BBG01R8ZPBY4,,2025-10-05T06:05:16.272274827Z
ANNX,"Annexon, Inc. Common Stock",stocks,us,XNAS,CS,True,usd,0001528115,BBG007QVDFG2,BBG007QVDFH1,2025-10-05T06:05:16.272274907Z
ANPA,Rich Sparkle Holdings Limited Ordinary Shares,stocks,us,XNAS,CS,True,usd,0002031688,,,2025-10-05T06:05:16.272274987Z
ANRO,Alto Neuroscience Inc.,stocks,us,XNYS,CS,True,usd,0001999480,BBG00WYFS6R5,BBG00WYFS6S4,2025-10-05T06:05:16.272275067Z
ANSC,Agriculture & Natural Solutions Acquisition Corporation Class A Ordinary Shares,stocks,us,XNAS,CS,True,usd,0001854149,,,2025-10-05T06:05:16.272275148Z
ANSCU,Agriculture & Natural Solutions Acquisition Corporation Unit,stocks,us,XNAS,UNIT,True,usd,0001854149,,,2025-10-05T06:05:16.272275248Z
ANSCW,Agriculture & Natural Solutions Acquisition Corporation Warrant,stocks,us,XNAS,WARRANT,True,usd,0001854149,,,2025-10-05T06:05:16.272275398Z
ANTA,Antalpha Platform Holding Company Class A Ordinary Shares,stocks,us,XNAS,CS,True,usd,0002044255,,,2025-10-05T06:05:16.272275518Z
ANTX,"AN2 Therapeutics, Inc. Common Stock",stocks,us,XNAS,CS,True,usd,0001880438,BBG00QYLYBK4,BBG00QYLYBL3,2025-10-05T06:05:16.272275598Z
ANVS,"Annovis Bio, Inc.",stocks,us,XNYS,CS,True,usd,0001477845,BBG00PN9XD40,BBG00PN9XDJ4,2025-10-05T06:05:16.272275699Z
ANY,Sphere 3D Corp. Common Shares,stocks,us,XNAS,CS,True,usd,0001591956,BBG004Z3JRW1,BBG001T8QYM1,2025-10-05T06:05:16.272275779Z
AOA,iShares Core 80/20 Aggressive Allocation ETF,stocks,us,ARCX,ETF,True,usd,0000913414,BBG000KD8RP3,BBG001T3YVL0,2025-10-05T06:05:16.27227619Z
AOCT,Innovator Equity Defined Protection ETF - 2 Yr to October 2026,stocks,us,BATS,ETF,True,usd,0001415726,BBG01Q0RLZ64,BBG01Q0RM015,2025-10-05T06:05:16.27227627Z
AOD,abrdn Total Dynamic Dividend Fund,stocks,us,XNYS,FUND,True,usd,0001379400,BBG000QC34R3,BBG001SS0YX4,2025-10-05T06:05:16.27227638Z
AOHY,Angel Oak High Yield  Opportunities ETF,stocks,us,XNAS,ETF,True,usd,,BBG01LCCJ3D1,BBG01LCCJ476,2025-10-05T06:05:16.27227646Z
AOK,iShares Core 30/70 Conservative Allocation ETF,stocks,us,ARCX,ETF,True,usd,0000913414,BBG000KD2X85,BBG001T3YTX2,2025-10-05T06:05:16.27227654Z
AOM,iShares Core 40/60 Moderate Allocation ETF,stocks,us,ARCX,ETF,True,usd,0001100663,BBG000KD5M13,BBG001T3YV21,2025-10-05T06:05:16.272276721Z
AOMD,"Angel Oak Mortgage REIT, Inc. 9.750% Senior Notes due 2030",stocks,us,XNYS,SP,True,usd,0001766478,,,2025-10-05T06:05:16.272276801Z
AOMN,"Angel Oak Mortgage REIT, Inc. 9.500% Senior Notes due 2029",stocks,us,XNYS,SP,True,usd,0001766478,,,2025-10-05T06:05:16.272276891Z
AOMR,"Angel Oak Mortgage REIT, Inc.",stocks,us,XNYS,CS,True,usd,0001766478,BBG0113S8MK2,BBG0113S8ND8,2025-10-05T06:05:16.272276981Z
AON,Aon plc Class A,stocks,us,XNYS,CS,True,usd,0000315293,,,2025-10-05T06:05:16.272277061Z
AOR,iShares Core 60/40 Balanced Allocation ETF,stocks,us,ARCX,ETF,True,usd,0000913414,BBG000KD76D3,BBG001T3YV58,2025-10-05T06:05:16.272277141Z
AORT,"Artivion, Inc.",stocks,us,XNYS,CS,True,usd,0000784199,BBG000BMLVJ6,BBG001SB3CB0,2025-10-05T06:05:16.272277222Z
AOS,A.O. Smith Corporation,stocks,us,XNYS,CS,True,usd,0000091142,BBG000BC1L02,BBG001S5NRY3,2025-10-05T06:05:16.272277312Z
AOSL,Alpha and Omega Semiconductor Limited,stocks,us,XNAS,CS,True,usd,0001387467,,,2025-10-05T06:05:16.272277392Z
AOTG,AOT Growth and Innovation ETF,stocks,us,XNAS,ETF,True,usd,,BBG017PHCW68,BBG017PHCX11,2025-10-05T06:05:16.272277562Z
AOUT,"American Outdoor Brands, Inc. Common Stock",stocks,us,XNAS,CS,True,usd,0001808997,BBG00QV8FS02,BBG00QV8FS11,2025-10-05T06:05:16.272277642Z
AP,Ampco-Pittsburgh Corp.,stocks,us,XNYS,CS,True,usd,0000006176,BBG000BC20T6,BBG001S5NS08,2025-10-05T06:05:16.272277833Z
APA,APA Corporation Common Stock,stocks,us,XNAS,CS,True,usd,0001841666,BBG00YTS96G2,BBG00YTS96H1,2025-10-05T06:05:16.272277913Z
APACU,StoneBridge Acquisition II Corporation Units,stocks,us,XNAS,UNIT,True,usd,0002043630,,,2025-10-05T06:05:16.272278083Z
APAD,A Paradise Acquisition Corp. Class A Ordinary Shares,stocks,us,XNAS,CS,True,usd,0001956439,,,2025-10-05T06:05:16.272278163Z
APADR,A Paradise Acquisition Corp. Rights,stocks,us,XNAS,RIGHT,True,usd,0001956439,,,2025-10-05T06:05:16.272278243Z
APADU,A Paradise Acquisition Corp. Unit,stocks,us,XNAS,UNIT,True,usd,0001956439,,,2025-10-05T06:05:16.272278324Z
APAM,ARTISAN PARTNERS ASSET MANAGEMENT INC.,stocks,us,XNYS,CS,True,usd,0001517302,BBG001M6CZY1,BBG001V107T3,2025-10-05T06:05:16.272278484Z
APCB,ActivePassive Core Bond ETF,stocks,us,ARCX,ETF,True,usd,0001141819,BBG01GHCZHB0,BBG01GHCZJ53,2025-10-05T06:05:16.272278674Z
APD,"Air Products & Chemicals, Inc.",stocks,us,XNYS,CS,True,usd,0000002969,BBG000BC4JJ4,BBG001S5NSB6,2025-10-05T06:05:16.272278754Z
APDN,"Applied DNA Sciences, Inc.",stocks,us,XNAS,CS,True,usd,0000744452,BBG000DGRCY6,BBG001SDFYK5,2025-10-05T06:05:16.272278835Z
APED,STKd 100% MSTR & 100% COIN ETF,stocks,us,XNAS,ETF,True,usd,,BBG01SJX1GK5,BBG01SJX1J83,2025-10-05T06:05:16.272278915Z
APEI,"American Public Education, Inc.",stocks,us,XNAS,CS,True,usd,0001201792,BBG000RVD346,BBG001SRS4S8,2025-10-05T06:05:16.272278995Z
APG,APi Group Corporation,stocks,us,XNYS,CS,True,usd,0001796209,BBG00HXKRGY9,BBG00HVV7984,2025-10-05T06:05:16.272279075Z
APGE,"Apogee Therapeutics, Inc. Common Stock",stocks,us,XNAS,CS,True,usd,0001974640,BBG01H51WYQ5,BBG01H51WZL7,2025-10-05T06:05:16.272279155Z
APH,Amphenol Corporation,stocks,us,XNYS,CS,True,usd,0000820313,BBG000B9YJ35,BBG001S5NSK6,2025-10-05T06:05:16.272279336Z
API,"Agora, Inc. American Depositary Shares",stocks,us,XNAS,ADRC,True,usd,0001802883,BBG00V9VKFB5,BBG00V9VKG50,2025-10-05T06:05:16.272279416Z
APIE,ActivePassive International Equity ETF,stocks,us,ARCX,ETF,True,usd,0001141819,BBG01GHDT638,BBG01GHDT6Z3,2025-10-05T06:05:16.272279606Z
APLD,Applied Digital Corporation Common Stock,stocks,us,XNAS,CS,True,usd,0001144879,BBG000DSJYS8,BBG001SK4K76,2025-10-05T06:05:16.272279686Z
APLE,"Apple Hospitality REIT, Inc.",stocks,us,XNYS,CS,True,usd,0001418121,BBG006473QX9,BBG006473QY8,2025-10-05T06:05:16.272279836Z
APLM,Apollomics Inc. Class A Ordinary Shares,stocks,us,XNAS,CS,True,usd,0001944885,,,2025-10-05T06:05:16.272279907Z
APLMW,Apollomics Inc. Warrant,stocks,us,XNAS,WARRANT,True,usd,0001944885,,,2025-10-05T06:05:16.272279997Z
APLS,"Apellis Pharmaceuticals, Inc. Common Stock",stocks,us,XNAS,CS,True,usd,0001492422,BBG007KGRPY4,BBG007KGRPZ3,2025-10-05T06:05:16.272280077Z
APLT,"Applied Therapeutics, Inc. Common Stock",stocks,us,XNAS,CS,True,usd,0001697532,BBG000DD0489,BBG001SMJMY2,2025-10-05T06:05:16.272280157Z
APLU,Allspring Core Plus ETF,stocks,us,ARCX,ETF,True,usd,,BBG01R02P2S2,BBG01R02P3W5,2025-10-05T06:05:16.272280237Z
APLX,Tradr 2X Long APLD Daily ETF,stocks,us,BATS,ETF,True,usd,,BBG01X4RKPH6,BBG01X4RKR28,2025-10-05T06:05:16.272280378Z
APLY,YieldMax AAPL Option Income Strategy ETF,stocks,us,ARCX,ETS,True,usd,,BBG01FV8K8Y6,BBG01FV8K9V7,2025-10-05T06:05:16.272280588Z
APM,Aptorum Group Limited Class A Ordinary Shares,stocks,us,XNAS,CS,True,usd,0001734005,,,2025-10-05T06:05:16.272280668Z
APMU,ActivePassive Intermediate Municipal Bond ETF,stocks,us,ARCX,ETF,True,usd,0001141819,BBG01GHD8KY6,BBG01GHD8LS1,2025-10-05T06:05:16.272280748Z
APO,"Apollo Global Management, Inc.",stocks,us,XNYS,CS,True,usd,0001858681,BBG00ZNLTFK3,BBG00ZNLTFL2,2025-10-05T06:05:16.272280838Z
APOC,Innovator Equity Defined Protection ETF - 6mo Apr/Oct,stocks,us,BATS,ETF,True,usd,0001415726,BBG01Q0QS2S8,BBG01Q0QS4L1,2025-10-05T06:05:16.272280919Z
APOG,Apogee Enterprises Inc,stocks,us,XNAS,CS,True,usd,0000006845,BBG000BC6L61,BBG001S5NSY1,2025-10-05T06:05:16.272280999Z
APOS,"Apollo Global Management, Inc. 7.625% Fixed-Rate Resettable Junior Subordinated Notes due 2053",stocks,us,XNYS,SP,True,usd,0001858681,,,2025-10-05T06:05:16.272281079Z
APOpA,"Apollo Global Management, Inc. 6.75% Series A Mandatory Convertible Preferred Stock",stocks,us,XNYS,SP,True,usd,0001858681,,,2025-10-05T06:05:16.27228147Z
APP,Applovin Corporation Class A Common Stock,stocks,us,XNAS,CS,True,usd,0001751008,BBG006HFPX77,BBG006HFPX86,2025-10-05T06:05:16.27228162Z
APPF,"AppFolio, Inc. Class A",stocks,us,XNAS,CS,True,usd,0001433195,BBG008GC8CP6,BBG008GC8CS3,2025-10-05T06:05:16.27228179Z
APPN,Appian Corporation Class A Common Stock,stocks,us,XNAS,CS,True,usd,0001441683,BBG001C7PMJ2,BBG001TWHH63,2025-10-05T06:05:16.27228187Z
APPS,"Digital Turbine, Inc.",stocks,us,XNAS,CS,True,usd,0000317788,BBG000HZ3562,BBG001SPBG12,2025-10-05T06:05:16.272281961Z
APPX,Tradr 2X Long APP Daily ETF,stocks,us,XNAS,ETF,True,usd,,BBG01TLQ6631,BBG01TLQ66Z6,2025-10-05T06:05:16.272282031Z
APRE,"Aprea Therapeutics, Inc. Common stock",stocks,us,XNAS,CS,True,usd,0001781983,BBG00Q6Q3K37,BBG00Q6Q3KV6,2025-10-05T06:05:16.272282121Z
APRH,Innovator Premium Income 20 Barrier ETF - April,stocks,us,BATS,ETF,True,usd,0001415726,BBG01G42JFZ2,BBG01G42JGW3,2025-10-05T06:05:16.272282201Z
APRJ,Innovator Premium Income 30 Barrier ETF - April,stocks,us,BATS,ETF,True,usd,0001415726,BBG01G42Y382,BBG01G42Y435,2025-10-05T06:05:16.272282281Z
APRP,PGIM S&P 500 Buffer 12 ETF - April,stocks,us,BATS,ETF,True,usd,,BBG01M362VH4,BBG01M362WB8,2025-10-05T06:05:16.272282361Z
APRT,AllianzIM U.S. Large Cap Buffer10 Apr ETF,stocks,us,ARCX,ETS,True,usd,0001797318,BBG00V5MP3T2,BBG00V5MP4M7,2025-10-05T06:05:16.272282562Z
APRW,AllianzIM U.S. Large Cap Buffer20 Apr ETF,stocks,us,ARCX,ETS,True,usd,0001797318,BBG00V5MGGY7,BBG00V5MGHR3,2025-10-05T06:05:16.272282722Z
APRZ,TrueShares Structured Outcome (April) ETF,stocks,us,BATS,ETF,True,usd,0001776878,BBG01WJZK5V2,BBG01WJZK6S4,2025-10-05T06:05:16.272282802Z
APT,"Alpha Pro Tech, Ltd.",stocks,us,XASE,CS,True,usd,0000884269,BBG000C1H7Y2,BBG001S67MP0,2025-10-05T06:05:16.272282882Z
APTV,Aptiv PLC,stocks,us,XNYS,CS,True,usd,0001521332,,,2025-10-05T06:05:16.272282962Z
APUE,ActivePassive U.S. Equity ETF,stocks,us,ARCX,ETF,True,usd,0001141819,BBG01GHDLT90,BBG01GHDLV59,2025-10-05T06:05:16.272283043Z
APUS,"Apimeds Pharmaceuticals US, Inc.",stocks,us,XASE,CS,True,usd,0001894525,BBG01Q0T3D78,BBG01Q0T3FL7,2025-10-05T06:05:16.272283243Z
APVO,Aptevo Therapeutics Inc,stocks,us,XNAS,CS,True,usd,0001671584,BBG009RRZ8C2,BBG009RRZ8D1,2025-10-05T06:05:16.272283323Z
APWC,Asia Pacific Wire & Cable Corp,stocks,us,XNAS,CS,True,usd,0001026980,,,2025-10-05T06:05:16.272283443Z
APXM,FT Vest U.S. Equity Max Buffer ETF - April,stocks,us,BATS,ETF,True,usd,0001667919,BBG01TG24ZX5,BBG01TG250R8,2025-10-05T06:05:16.272283604Z
APYX,Apyx Medical Corporation Common Stock,stocks,us,XNAS,CS,True,usd,0000719135,BBG000F4B671,BBG001S9F304,2025-10-05T06:05:16.272283684Z
AQB,"AquaBounty Technologies, Inc.",stocks,us,XNAS,CS,True,usd,0001603978,BBG00FQB2FM3,BBG007HWZ845,2025-10-05T06:05:16.272283764Z
AQLT,iShares MSCI Global Quality Factor ETF,stocks,us,BATS,ETF,True,usd,0001100663,BBG01R38HHD8,BBG01R38HJN3,2025-10-05T06:05:16.272283954Z
AQMS,"Aqua Metals, Inc. Common Stock",stocks,us,XNAS,CS,True,usd,0001621832,BBG009CQH0P3,BBG009CQH0Q2,2025-10-05T06:05:16.272284034Z
AQN,Algonquin Power & Utilities Corp,stocks,us,XNYS,CS,True,usd,0001174169,BBG000G28WZ0,BBG001S8LHC5,2025-10-05T06:05:16.272284115Z
AQNB,"Algonquin Power & Utilities Corp. 6.20% Fixed-to-Floating Subordinated Notes Series 2019-A due July 1, 2079",stocks,us,XNYS,SP,True,usd,0001174169,,,2025-10-05T06:05:16.272284195Z
AQST,"Aquestive Therapeutics, Inc. Common Stock",stocks,us,XNAS,CS,True,usd,0001398733,BBG00L9HP0Z0,BBG00L9HP1R7,2025-10-05T06:05:16.272284275Z
AQWA,Global X Clean Water ETF,stocks,us,XNAS,ETF,True,usd,0001432353,BBG00ZYYP7Z9,BBG00ZYYP8T4,2025-10-05T06:05:16.272284375Z
AR,ANTERO RESOURCES CORPORATION,stocks,us,XNYS,CS,True,usd,0001433270,BBG000PW5VX1,BBG001T61KH8,2025-10-05T06:05:16.272284465Z
ARAI,Arrive AI Inc. Common Stock,stocks,us,XNAS,CS,True,usd,0001818274,BBG01RK67W78,BBG01RK67X21,2025-10-05T06:05:16.272284545Z
ARAY,Accuray Incorporated,stocks,us,XNAS,CS,True,usd,0001138723,BBG000QNRY51,BBG001SFHKJ0,2025-10-05T06:05:16.272284626Z
ARB,AltShares Merger Arbitrage ETF,stocks,us,ARCX,ETF,True,usd,0001779306,BBG00S7NVQL5,BBG00S7NVRB4,2025-10-05T06:05:16.272284716Z
ARBB,ARB IOT Group Limited Ordinary Shares,stocks,us,XNAS,CS,True,usd,0001930179,,,2025-10-05T06:05:16.272284916Z
ARBE,Arbe Robotics Ltd. Ordinary Shares,stocks,us,XNAS,CS,True,usd,0001861841,,,2025-10-05T06:05:16.272284996Z
ARBEW,Arbe Robotics Ltd. Warrant,stocks,us,XNAS,WARRANT,True,usd,0001861841,,,2025-10-05T06:05:16.272285107Z
ARBK,Argo Blockchain plc American Depositary Shares,stocks,us,XNAS,ADRC,True,usd,0001841675,BBG0127RP0J9,BBG0127RP1C4,2025-10-05T06:05:16.272285187Z
ARBKL,Argo Blockchain plc 8.75% Senior Notes due 2026,stocks,us,XNAS,CS,True,usd,0001841675,,,2025-10-05T06:05:16.272285267Z
ARCB,ArcBest Corporation,stocks,us,XNAS,CS,True,usd,0000894405,BBG000C1PFY5,BBG001S686R2,2025-10-05T06:05:16.272285347Z
ARCC,Ares Capital Corporation,stocks,us,XNAS,CS,True,usd,0001287750,BBG000PD6X77,BBG001SL96Z9,2025-10-05T06:05:16.272285437Z
ARCM,Arrow Reserve Capital Management ETF,stocks,us,BATS,ETF,True,usd,,BBG00GBV8NN9,BBG00GBV8PC6,2025-10-05T06:05:16.272285517Z
ARCO,ARCOS DORADOS HOLDINGS INC.,stocks,us,XNYS,CS,True,usd,0001508478,,,2025-10-05T06:05:16.272285597Z
ARCT,Arcturus Therapeutics Holdings Inc. Common Stock,stocks,us,XNAS,CS,True,usd,0001768224,BBG00NNW8JK1,BBG00NNW8JL0,2025-10-05T06:05:16.272285678Z
ARCX,Tradr 2X Long ACHR Daily ETF,stocks,us,BATS,ETF,True,usd,,BBG01VCYLC20,BBG01VCYLD73,2025-10-05T06:05:16.272285758Z
ARDC,"ARES DYNAMIC CREDIT ALLOCATION FUND, INC.",stocks,us,XNYS,FUND,True,usd,0001515324,BBG001LJH325,BBG001V0WD35,2025-10-05T06:05:16.272285838Z
ARDT,"Ardent Health, Inc.",stocks,us,XNYS,CS,True,usd,0001756655,BBG00DM203B3,BBG00DM203C2,2025-10-05T06:05:16.272285918Z
ARDX,"Ardelyx, Inc.",stocks,us,XNAS,CS,True,usd,0001437402,BBG001WH4DQ3,BBG001WH4F33,2025-10-05T06:05:16.272285998Z
ARE,"Alexandria Real Estate Equities, Inc.",stocks,us,XNYS,CS,True,usd,0001035443,BBG000BC33T9,BBG001S6CPH6,2025-10-05T06:05:16.272286189Z
AREA,Harbor AlphaEdge Next Generation REITs ETF,stocks,us,ARCX,ETF,True,usd,0001860434,BBG01PBVL400,BBG01PBVL516,2025-10-05T06:05:16.272286279Z
AREB,"American Rebel Holdings, Inc. Common Stock",stocks,us,XNAS,CS,True,usd,0001648087,BBG009R1VQJ6,BBG009R1VQK4,2025-10-05T06:05:16.272286369Z
AREBW,"American Rebel Holdings, Inc. Warrants",stocks,us,XNAS,WARRANT,True,usd,0001648087,BBG014QZN9T8,,2025-10-05T06:05:16.272286449Z
AREC,AMERICAN RESOURCES CORP,stocks,us,XNAS,CS,True,usd,0001590715,BBG005VQ4CM1,BBG005VQ4CN0,2025-10-05T06:05:16.272286529Z
AREN,"The Arena Group Holdings, Inc.",stocks,us,XASE,CS,True,usd,0000894871,BBG000HPKKH0,BBG001S9BDW1,2025-10-05T06:05:16.272286609Z
ARES,Ares Management Corporation Class A Common Stock,stocks,us,XNYS,CS,True,usd,0001176948,BBG0068KVV91,BBG0068KVVC7,2025-10-05T06:05:16.27228669Z
ARESpB,Ares Management Corporation 6.75% Series B Mandatory Convertible Preferred Stock,stocks,us,XNYS,SP,True,usd,0001176948,,,2025-10-05T06:05:16.27228677Z
ARGT,Global X MSCI Argentina ETF,stocks,us,ARCX,ETF,True,usd,0001432353,BBG001K93GS6,BBG001V0LJT6,2025-10-05T06:05:16.27228694Z
ARGX,argenx SE American Depositary Shares,stocks,us,XNAS,ADRC,True,usd,0001697862,BBG00GHB88X9,BBG00GHB88Y8,2025-10-05T06:05:16.27228702Z
ARHS,"Arhaus, Inc. Class A Common Stock",stocks,us,XNAS,CS,True,usd,0001875444,BBG012TKHZ11,BBG012TKHZW7,2025-10-05T06:05:16.27228718Z
ARI,"APOLLO COMMERCIAL REAL ESTATE FINANCE, INC.",stocks,us,XNYS,CS,True,usd,0001467760,BBG000NFPF36,BBG001T55FJ5,2025-10-05T06:05:16.272287261Z
ARIS,"Aris Water Solutions, Inc.",stocks,us,XNYS,CS,True,usd,0001865187,BBG012PPXMR7,BBG012PPXNM0,2025-10-05T06:05:16.272287341Z
ARKB,ARK 21Shares Bitcoin ETF,stocks,us,BATS,ETF,True,usd,0001869699,BBG01KY6DWQ0,BBG01KY6DXL3,2025-10-05T06:05:16.272287421Z
ARKF,ARK Fintech Innovation ETF,stocks,us,BATS,ETF,True,usd,0001697748,BBG00N7YFK60,BBG00N7YFKY9,2025-10-05T06:05:16.272287501Z
ARKG,ARK Genomic Revolution ETF,stocks,us,BATS,ETF,True,usd,0001697748,BBG007FJPCB0,BBG007FJPCC9,2025-10-05T06:05:16.272287581Z
ARKK,ARK Innovation ETF,stocks,us,BATS,ETF,True,usd,0001697748,BBG007FJMV58,BBG007FJMV49,2025-10-05T06:05:16.272287661Z
ARKO,ARKO Corp. Common Stock,stocks,us,XNAS,CS,True,usd,0001823794,BBG00YD8K411,BBG00YD8K420,2025-10-05T06:05:16.272287752Z
ARKOW,ARKO Corp. Warrant,stocks,us,XNAS,WARRANT,True,usd,0001823794,BBG00YFJ1LY2,,2025-10-05T06:05:16.272287982Z
ARKQ,ARK Autonomous Technology & Robotics ETF,stocks,us,BATS,ETF,True,usd,0001697748,BBG0077Q7038,BBG0077Q7047,2025-10-05T06:05:16.272288182Z
ARKR,Ark Restaurants Corp,stocks,us,XNAS,CS,True,usd,0000779544,BBG000DMMH86,BBG001S8F0L9,2025-10-05T06:05:16.272288263Z
ARKT,ARK DIET Q4 Buffer ETF,stocks,us,BATS,ETF,True,usd,0001697748,BBG01XMLZ5K3,BBG01XMLZ6L0,2025-10-05T06:05:16.272288343Z
ARKW,ARK Next Generation Internet ETF,stocks,us,BATS,ETF,True,usd,0001697748,BBG0077Q7LF9,BBG0077Q7LG8,2025-10-05T06:05:16.272288423Z
ARKX,ARK Space Exploration & Innovation ETF,stocks,us,BATS,ETF,True,usd,0001697748,BBG00ZV1N0C6,BBG00ZV1N161,2025-10-05T06:05:16.272288503Z
ARL,"American Realty Investors, Inc.",stocks,us,XNYS,CS,True,usd,0001102238,BBG000C1RRF8,BBG001SFRR04,2025-10-05T06:05:16.272288593Z
ARLO,"Arlo Technologies, Inc.",stocks,us,XNYS,CS,True,usd,0001736946,BBG00K88DTH3,BBG00K88DTJ1,2025-10-05T06:05:16.272288673Z
ARLP,Alliance Resource Partners LP,stocks,us,XNAS,CS,True,usd,0001086600,BBG000C14X88,BBG001SD52Y1,2025-10-05T06:05:16.272288753Z
ARLU,AllianzIM U.S. Equity Buffer15 Uncapped Apr ETF,stocks,us,BATS,ETF,True,usd,0001797318,BBG01M371GT3,BBG01M371HP5,2025-10-05T06:05:16.272288834Z
ARM,Arm Holdings plc American Depositary Shares,stocks,us,XNAS,ADRC,True,usd,0001973239,BBG01J1GXZF0,BBG01J1GY084,2025-10-05T06:05:16.272289024Z
ARMG,Leverage Shares 2X Long ARM Daily ETF,stocks,us,XNAS,ETF,True,usd,0001976322,BBG01RQ6WKX1,BBG01RQ6WLS5,2025-10-05T06:05:16.272289134Z
ARMH,Arm Holdings PLC ADRhedged,stocks,us,ARCX,ETS,True,usd,,BBG01SR0G376,BBG01SR0G429,2025-10-05T06:05:16.272289224Z
ARMK,ARAMARK,stocks,us,XNYS,CS,True,usd,0001584509,BBG001KY4N87,BBG001V0NR70,2025-10-05T06:05:16.272289295Z
ARMN,Aris Mining Corporation,stocks,us,XASE,CS,True,usd,0001964504,BBG000K0VQL1,BBG001S75835,2025-10-05T06:05:16.272289385Z
ARMP,"Armata Pharmaceuticals, Inc. Common Stock",stocks,us,XASE,CS,True,usd,0000921114,BBG000BD7CF8,BBG001S5WNR0,2025-10-05T06:05:16.272289465Z
ARMU,T-REX 2X Long ARM Daily Target ETF,stocks,us,BATS,ETF,True,usd,,BBG01SGMKBV0,BBG01SGMKCR3,2025-10-05T06:05:16.272289685Z
AROC,Archrock Inc,stocks,us,XNYS,CS,True,usd,0001389050,BBG000RWH1V4,BBG001SVDK72,2025-10-05T06:05:16.272289765Z
AROW,Arrow Financial Corp,stocks,us,XNAS,CS,True,usd,0000717538,BBG000BCBS51,BBG001S5NV83,2025-10-05T06:05:16.272289926Z
ARP,PMV Adaptive Risk Parity ETF,stocks,us,ARCX,ETF,True,usd,,BBG01C17LTH0,BBG01C17LVB1,2025-10-05T06:05:16.272290106Z
ARQ,"Arq, Inc. Common Stock",stocks,us,XNAS,CS,True,usd,0001515156,BBG000JFNL85,BBG001S7XN59,2025-10-05T06:05:16.272290196Z
ARQQ,Arqit Quantum Inc. Ordinary Shares,stocks,us,XNAS,CS,True,usd,0001859690,,,2025-10-05T06:05:16.272290276Z
ARQQW,Arqit Quantum Inc. Warrants,stocks,us,XNAS,WARRANT,True,usd,0001859690,,,2025-10-05T06:05:16.272290357Z
ARQT,"Arcutis Biotherapeutics, Inc. Common Stock",stocks,us,XNAS,CS,True,usd,0001787306,BBG00QN8K4M4,BBG00QN8K4P1,2025-10-05T06:05:16.272290437Z
ARR,"ARMOUR Residential REIT, Inc.",stocks,us,XNYS,CS,True,usd,0001428205,BBG000PRZNN8,BBG001SRBTG4,2025-10-05T06:05:16.272290517Z
ARRY,"Array Technologies, Inc. Common Stock",stocks,us,XNAS,CS,True,usd,0001820721,BBG001V4SF46,BBG002MX7TQ9,2025-10-05T06:05:16.272290597Z
ARRpC,"ARMOUR Residential REIT, Inc. 7.00% Series C Cumulative Redeemable Preferred Stock",stocks,us,XNYS,PFD,True,usd,0001428205,,,2025-10-05T06:05:16.272290687Z
ARTL,"Artelo Biosciences, Inc. Common Stock",stocks,us,XNAS,CS,True,usd,0001621221,BBG00793XCW0,BBG00793XCX9,2025-10-05T06:05:16.272290898Z
ARTNA,Artesian Resources Corp,stocks,us,XNAS,CS,True,usd,0000863110,BBG000BG1811,BBG001S7MLX4,2025-10-05T06:05:16.272291078Z
ARTV,"Artiva Biotherapeutics, Inc. Common Stock",stocks,us,XNAS,CS,True,usd,0001817241,BBG00VPZJ0F9,BBG00VPZJ0G8,2025-10-05T06:05:16.272291158Z
ARTW,Arts-Way Manufacturing Co Inc,stocks,us,XNAS,CS,True,usd,0000007623,BBG000BCCR52,BBG001S5NVL8,2025-10-05T06:05:16.272291238Z
ARTY,iShares Future AI & Tech ETF,stocks,us,ARCX,ETF,True,usd,0001100663,BBG00L9G3TC8,BBG00L9G3V33,2025-10-05T06:05:16.272291318Z
ARVN,"Arvinas, Inc",stocks,us,XNAS,CS,True,usd,0001655759,BBG00LW7YK82,BBG00LW7YL08,2025-10-05T06:05:16.272291519Z
ARVR,First Trust Indxx Metaverse ETF,stocks,us,XNAS,ETF,True,usd,0001125816,BBG015P0XN84,BBG015P0XP34,2025-10-05T06:05:16.272291599Z
ARW,"Arrow Electronics, Inc.",stocks,us,XNYS,CS,True,usd,0000007536,BBG000BCD3D5,BBG001S5NVP4,2025-10-05T06:05:16.272291729Z
ARWR,Arrowhead Research Corporation,stocks,us,XNAS,CS,True,usd,0000879407,BBG000BRVKH0,BBG001SGT8G5,2025-10-05T06:05:16.272291809Z
ARX,Accelerant Holdings,stocks,us,XNYS,CS,True,usd,0001997350,,,2025-10-05T06:05:16.27229195Z
AS,"Amer Sports, Inc.",stocks,us,XNYS,CS,True,usd,0001988894,,,2025-10-05T06:05:16.27229213Z
ASA,ASA GOLD AND PRECIOUS METALS LIMITED,stocks,us,XNYS,FUND,True,usd,0001230869,,,2025-10-05T06:05:16.27229222Z
ASAN,"Asana, Inc. Class A Common Stock",stocks,us,XNYS,CS,True,usd,0001477720,BBG00WYHL732,BBG00WYHL741,2025-10-05T06:05:16.2722923Z
ASB,Associated Banc-Corp,stocks,us,XNYS,CS,True,usd,0000007789,BBG000BCFQC3,BBG001S5NVZ3,2025-10-05T06:05:16.27229238Z
ASBA,Associated Banc-Corp 6.625% Fixed-Rate Reset Subordinated Notes due 2033,stocks,us,XNYS,SP,True,usd,0000007789,,,2025-10-05T06:05:16.272292461Z
ASBP,"Aspire Biopharma Holdings, Inc. Common Stock",stocks,us,XNAS,CS,True,usd,0001847345,BBG015STV133,BBG015STV142,2025-10-05T06:05:16.272292541Z
ASBPW,"Aspire Biopharma Holdings, Inc. Warrant",stocks,us,XNAS,WARRANT,True,usd,0001847345,BBG016PH81D5,,2025-10-05T06:05:16.272292621Z
ASBpE,"Associated Banc-Corp Depositary Shares, each representing a 1/40th interest in a share of 5.875% Non-Cumulative Perpetual Preferred Stock, Series E",stocks,us,XNYS,PFD,True,usd,0000007789,,,2025-10-05T06:05:16.272292711Z
ASBpF,"Associated Banc-Corp Depositary Shares, each representing a 1/40th interest in a share of Associated Banc-Corp 5. 625% Non-Cumulative Perpetual Preferred Stock, Series F",stocks,us,XNYS,PFD,True,usd,0000007789,,,2025-10-05T06:05:16.272292921Z
ASC,ARDMORE SHIPPING CORPORATION,stocks,us,XNYS,CS,True,usd,0001577437,,,2025-10-05T06:05:16.272293102Z
ASCE,Allspring SMID Core ETF,stocks,us,ARCX,ETF,True,usd,,BBG01VBLZXD6,BBG01VBLZYD4,2025-10-05T06:05:16.272293182Z
ASEA,Global X FTSE Southeast Asia ETF,stocks,us,ARCX,ETF,True,usd,0001432353,BBG001J4CVC3,BBG001V0GHG0,2025-10-05T06:05:16.272293563Z
ASET,FlexShares Real Assets Allocation Index Fund,stocks,us,XNAS,ETF,True,usd,0001491978,BBG00BH8YN56,BBG00BH8YN65,2025-10-05T06:05:16.272293643Z
ASG,LIBERTY ALL-STAR GROWTH FD,stocks,us,XNYS,FUND,True,usd,0000786035,BBG000DQH311,BBG001S8MP72,2025-10-05T06:05:16.272293773Z
ASGI,abrdn Global Infrastructure Income Fund,stocks,us,XNYS,FUND,True,usd,0001793855,BBG00VQRLFQ8,BBG00VQRLH39,2025-10-05T06:05:16.272293853Z
ASGM,Virtus AlphaSimplex Global Macro ETF,stocks,us,ARCX,ETF,True,usd,0001648403,BBG01W92SSN7,BBG01W92SV23,2025-10-05T06:05:16.272294204Z
ASGN,ASGN Incorporated,stocks,us,XNYS,CS,True,usd,0000890564,BBG000CRN8N8,BBG001S71HP5,2025-10-05T06:05:16.272294284Z
ASH,Ashland Inc.,stocks,us,XNYS,CS,True,usd,0001674862,BBG00D0Y81M1,BBG00D0Y81N0,2025-10-05T06:05:16.272294454Z
ASHR,Xtrackers Harvest CSI 300 China A-Shares ETF,stocks,us,ARCX,ETF,True,usd,0001503123,BBG005HJL923,BBG005HJL932,2025-10-05T06:05:16.272294615Z
ASHS,Xtrackers Harvest CSI 500 China A-Shares Small Cap ETF,stocks,us,ARCX,ETF,True,usd,0001503123,BBG006H1P0Q9,BBG006H1P0P0,2025-10-05T06:05:16.272294705Z
ASIA,Matthews Pacific Tiger Active ETF,stocks,us,ARCX,ETF,True,usd,,BBG01JFJDTM7,BBG01JFJDVJ6,2025-10-05T06:05:16.272294785Z
ASIC,Ategrity Specialty Insurance Company Holdings,stocks,us,XNYS,CS,True,usd,0002040491,BBG01T25HLT5,BBG01T25HMP7,2025-10-05T06:05:16.272294875Z
ASIX,AdvanSix Inc.,stocks,us,XNYS,CS,True,usd,0001673985,BBG00CWTTQ41,BBG00CWTTQ32,2025-10-05T06:05:16.272294955Z
ASLE,AerSale Corporation Common Stock,stocks,us,XNAS,CS,True,usd,0001754170,BBG00R28X833,BBG00R28X851,2025-10-05T06:05:16.272295066Z
ASLV,Allspring Special Large Value ETF,stocks,us,ARCX,ETF,True,usd,,BBG01SXNZNR2,BBG01SXNZPM2,2025-10-05T06:05:16.272295146Z
ASM,Avino Silver & Gold Mines Ltd. (Canada),stocks,us,XASE,CS,True,usd,0000316888,BBG000BMTLV6,BBG001SB77V5,2025-10-05T06:05:16.272295306Z
ASMB,"Assembly Biosciences, Inc",stocks,us,XNAS,CS,True,usd,0001426800,BBG000R62Q06,BBG001T9BMW0,2025-10-05T06:05:16.272295506Z
ASMF,Virtus AlphaSimplex Managed Futures ETF,stocks,us,ARCX,ETF,True,usd,0001648403,BBG01MT26WQ9,BBG01MT26XM1,2025-10-05T06:05:16.272295677Z
ASMG,Leverage Shares 2X Long ASML Daily ETF,stocks,us,XNAS,ETF,True,usd,0001976322,BBG01RQ6ZBC1,BBG01RQ6ZC75,2025-10-05T06:05:16.272295757Z
ASMH,ASML Holding NV ADRhedged,stocks,us,ARCX,ETS,True,usd,,BBG01SR1H0L3,BBG01SR1H257,2025-10-05T06:05:16.272295837Z
ASML,ASML Holding NV,stocks,us,XNAS,ADRC,True,usd,0000937966,,,2025-10-05T06:05:16.272295927Z
ASND,Ascendis Pharma A/S American Depositary Shares,stocks,us,XNAS,ADRC,True,usd,0001612042,BBG007R7VNC1,BBG007R7VP72,2025-10-05T06:05:16.272296007Z
ASNS,"Actelis Networks, Inc. Common Stock",stocks,us,XNAS,CS,True,usd,0001141284,BBG000RNR4H3,BBG001SV9CJ2,2025-10-05T06:05:16.272296087Z
ASO,"Academy Sports and Outdoors, Inc.",stocks,us,XNAS,CS,True,usd,0001817358,BBG00X7L1C14,BBG00X7L1CW0,2025-10-05T06:05:16.272296168Z
ASPC,A SPAC III Acquisition Corp. Class A Ordinary Shares,stocks,us,XNAS,CS,True,usd,0001890361,,,2025-10-05T06:05:16.272296248Z
ASPCR,A SPAC III Acquisition Corp. Right,stocks,us,XNAS,RIGHT,True,usd,0001890361,,,2025-10-05T06:05:16.272296328Z
ASPCU,A SPAC III Acquisition Corp. Unit,stocks,us,XNAS,UNIT,True,usd,0001890361,,,2025-10-05T06:05:16.272296408Z
ASPI,ASP Isotopes Inc. Common Stock,stocks,us,XNAS,CS,True,usd,0001921865,BBG013Y062J3,BBG013Y062L0,2025-10-05T06:05:16.272296488Z
ASPN,"Aspen Aerogels, Inc.",stocks,us,XNYS,CS,True,usd,0001145986,BBG001S58GW6,BBG001SJZK39,2025-10-05T06:05:16.272296568Z
ASPS,Altisource Portfolio Solutions S.A.,stocks,us,XNAS,CS,True,usd,0001462418,,,2025-10-05T06:05:16.272296649Z
ASPSW,Altisource Portfolio Solutions S.A. Net Settle Stakeholder Warrants,stocks,us,XNAS,WARRANT,True,usd,0001462418,,,2025-10-05T06:05:16.272296729Z
ASPSZ,Altisource Portfolio Solutions S.A. Cash Exercise Stakeholder Warrants,stocks,us,XNAS,WARRANT,True,usd,0001462418,,,2025-10-05T06:05:16.272296819Z
ASR,"Grupo Aeroportuario del Sureste, S.A. de C.V. American Depositary Shares",stocks,us,XNYS,ADRC,True,usd,0001123452,BBG000B9XWX4,BBG001S5NWT8,2025-10-05T06:05:16.272296899Z
ASRT,"Assertio Holdings, Inc. Common Stock",stocks,us,XNAS,CS,True,usd,0001808665,BBG00T442DS2,BBG00T442DT1,2025-10-05T06:05:16.272296989Z
ASRV,AmeriServ Financial Inc,stocks,us,XNAS,CS,True,usd,0000707605,BBG000H0X129,BBG001SD3BP3,2025-10-05T06:05:16.272297139Z
ASST,"Strive, Inc. Class A Common Stock",stocks,us,XNAS,CS,True,usd,0001920406,BBG019HGLML0,BBG019HGLNF5,2025-10-05T06:05:16.27229722Z
ASTC,Astrotech Corporation (DE) Common Stock,stocks,us,XNAS,CS,True,usd,0001001907,BBG000FNC0Z0,BBG001S8LVC4,2025-10-05T06:05:16.2722973Z
ASTE,Astec Industries Inc,stocks,us,XNAS,CS,True,usd,0000792987,BBG000BCHZL1,BBG001S5NWY2,2025-10-05T06:05:16.27229752Z
ASTH,Astrana Health Inc. Common Stock,stocks,us,XNAS,CS,True,usd,0001083446,BBG000H7ZK57,BBG001S96MS2,2025-10-05T06:05:16.2722976Z
ASTI,"Ascent Solar Technologies, Inc. Common Stock",stocks,us,XNAS,CS,True,usd,0001350102,BBG000PT5SS1,BBG001SRD9B1,2025-10-05T06:05:16.272297731Z
ASTL,Algoma Steel Group Inc. Common Shares,stocks,us,XNAS,CS,True,usd,0001860805,BBG012NKXTD0,BBG012NKXV72,2025-10-05T06:05:16.272297811Z
ASTLW,Algoma Steel Group Inc. Warrant,stocks,us,XNAS,WARRANT,True,usd,0001860805,BBG0133BZQ71,,2025-10-05T06:05:16.272297891Z
ASTS,"AST SpaceMobile, Inc. Class A Common Stock",stocks,us,XNAS,CS,True,usd,0001780312,BBG00Q402TR2,BBG00Q402TS1,2025-10-05T06:05:16.272297971Z
ASTX,Tradr 2X Long ASTS Daily ETF,stocks,us,BATS,ETF,True,usd,,BBG01VXQQFV0,BBG01VXQQH82,2025-10-05T06:05:16.272298151Z
ASUR,"Asure Software, Inc",stocks,us,XNAS,CS,True,usd,0000884144,BBG000JT96H4,BBG001S9KQ61,2025-10-05T06:05:16.272298232Z
ASX,"ASE Technology Holding Co., Ltd.",stocks,us,XNYS,ADRC,True,usd,0001122411,BBG00KLHL9W6,BBG00KLHLBL3,2025-10-05T06:05:16.272298312Z
ASYS,Amtech Systems Inc,stocks,us,XNAS,CS,True,usd,0000720500,BBG000BCJDW6,BBG001S5NX89,2025-10-05T06:05:16.272298392Z
ATAI,ATAI Life Sciences N.V. Common Shares,stocks,us,XNAS,CS,True,usd,0001840904,,,2025-10-05T06:05:16.272298472Z
ATAT,Atour Lifestyle Holdings Limited American Depositary Shares,stocks,us,XNAS,ADRC,True,usd,0001853717,BBG011C6KJG8,BBG011C6KK93,2025-10-05T06:05:16.272298552Z
ATCH,"AtlasClear Holdings, Inc.",stocks,us,XASE,CS,True,usd,0001963088,BBG01GN7L7Y6,BBG01GN7L7Z5,2025-10-05T06:05:16.272298632Z
ATCOpH,Atlas Corp. 7.875% Cumulative Redeemable Perpetual Preferred Shares - Series H,stocks,us,XNYS,PFD,True,usd,0001794846,,,2025-10-05T06:05:16.272298712Z
ATEC,"Alphatec Holdings, Inc.",stocks,us,XNAS,CS,True,usd,0001350653,BBG000BBM7Y5,BBG001S64XQ8,2025-10-05T06:05:16.272298803Z
ATEN,A10 NETWORKS INC,stocks,us,XNYS,CS,True,usd,0001580808,BBG0060K22C1,BBG0060K22D0,2025-10-05T06:05:16.272299083Z
ATER,"Aterian, Inc. Common Stock",stocks,us,XNAS,CS,True,usd,0001757715,BBG00P4JBS95,BBG00P4JBT11,2025-10-05T06:05:16.272299644Z
ATEX,Anterix Inc. Common Stock,stocks,us,XNAS,CS,True,usd,0001304492,BBG0081NLHR0,BBG0081NLJH7,2025-10-05T06:05:16.272300516Z
ATFV,Alger 35 ETF,stocks,us,ARCX,ETF,True,usd,0001807486,BBG0106Y4324,BBG0106Y43Y9,2025-10-05T06:05:16.272300596Z
ATGE,Adtalem Global Education Inc. Common Shares,stocks,us,XNYS,CS,True,usd,0000730464,BBG000DQBZJ7,BBG001S8M5S3,2025-10-05T06:05:16.272300676Z
ATGL,Alpha Technology Group Limited Class A Ordinary Shares,stocks,us,XNAS,CS,True,usd,0001967621,,,2025-10-05T06:05:16.272300756Z
ATHA,"Athira Pharma, Inc. Common Stock",stocks,us,XNAS,CS,True,usd,0001620463,BBG00C77LX40,BBG00C77LXM0,2025-10-05T06:05:16.272300837Z
ATHE,Alterity Therapeutics Limited American Depositary Shares,stocks,us,XNAS,ADRC,True,usd,0001131343,BBG000DK9TP0,BBG001SHP8H6,2025-10-05T06:05:16.272300917Z
ATHM,"Autohome Inc. American Depositary Shares, each representing four Class A Ordinary Shares",stocks,us,XNYS,ADRC,True,usd,0001527636,BBG005JYTDQ5,BBG005JYTDP6,2025-10-05T06:05:16.272300997Z
ATHR,"Aether Holdings, Inc. Common Stock",stocks,us,XNAS,CS,True,usd,0002026353,BBG01RK1GGC8,BBG01RK1GH72,2025-10-05T06:05:16.272301217Z
ATHS,Athene Holding Ltd. 7.250% Fixed-Rate Reset Junior Subordinated Debentures due 2064,stocks,us,XNYS,SP,True,usd,0001527469,,,2025-10-05T06:05:16.272301398Z
ATHpA,"Athene Holding Ltd. Depositary Shares, Each Representing a 1/1,000th Interest in a 6.35% Fixed-to-Floating Rate Perpetual Non-Cumulative Preference Share, Series A",stocks,us,XNYS,PFD,True,usd,0001527469,,,2025-10-05T06:05:16.272301478Z
ATHpB,"Athene Holding Ltd. Depositary Shares, Each Representing a 1/1,000th Interest in a 5.625% Fixed Rate Perpetual Non- Cumulative Preference Share, Series B, par value $1.00 per share",stocks,us,XNYS,PFD,True,usd,0001527469,,,2025-10-05T06:05:16.272301598Z
ATHpD,"Athene Holding Ltd. Depositary Shares, Each Representing a 1/1,000th Interest in a 4.875% Fixed-Rate Perpetual Non-Cumulative Preference Share, Series D",stocks,us,XNYS,PFD,True,usd,0001527469,,,2025-10-05T06:05:16.272301678Z
ATHpE,"Athene Holding Ltd. Depositary Shares, Each Representing a 1/1,000th Interest in a 7.750% Fixed-Rate Reset Perpetual Non-Cumulative Preference Share, Series E",stocks,us,XNYS,PFD,True,usd,0001527469,,,2025-10-05T06:05:16.272301758Z
ATI,ATI Inc.,stocks,us,XNYS,CS,True,usd,0001018963,BBG000LC1FS4,BBG001S8WY72,2025-10-05T06:05:16.272301838Z
ATII,Archimedes Tech SPAC Partners II Co. Ordinary Shares,stocks,us,XNAS,CS,True,usd,0002028516,,,2025-10-05T06:05:16.272301919Z
ATIIU,Archimedes Tech SPAC Partners II Co. Unit,stocks,us,XNAS,UNIT,True,usd,0002028516,,,2025-10-05T06:05:16.272302019Z
ATIIW,Archimedes Tech SPAC Partners II Co. Warrant,stocks,us,XNAS,WARRANT,True,usd,0002028516,,,2025-10-05T06:05:16.272302119Z
ATKR,Atkore Inc.,stocks,us,XNYS,CS,True,usd,0001666138,BBG000QTFDQ4,BBG001T8LDZ8,2025-10-05T06:05:16.272302199Z
ATLC,Atlanticus Holdings Corporation,stocks,us,XNAS,CS,True,usd,0001464343,BBG000C6TLC1,BBG001SC0HS2,2025-10-05T06:05:16.272302279Z
ATLCL,Atlanticus Holdings Corporation 6.125% Senior Notes due 2026,stocks,us,XNAS,CS,True,usd,0001464343,,,2025-10-05T06:05:16.272302359Z
ATLCP,"Atlanticus Holdings Corporation 7.625% Series B Cumulative Perpetual Preferred Stock, no par value per share",stocks,us,XNAS,PFD,True,usd,0001464343,,,2025-10-05T06:05:16.27230244Z
ATLCZ,Atlanticus Holdings Corporation 9.25% Senior Notes due 2029,stocks,us,XNAS,CS,True,usd,0001464343,,,2025-10-05T06:05:16.27230252Z
ATLN,Atlantic International Corp. Common Stock,stocks,us,XNAS,CS,True,usd,0001605888,BBG0074P1FJ9,BBG0074P1FK7,2025-10-05T06:05:16.27230261Z
ATLO,AMES National Corp,stocks,us,XNAS,CS,True,usd,0001132651,BBG000BHLJW9,BBG001S7RMM9,2025-10-05T06:05:16.2723028Z
ATLX,Atlas Lithium Corporation Common Stock,stocks,us,XNAS,CS,True,usd,0001540684,BBG002VZVSN2,BBG002VZVTD1,2025-10-05T06:05:16.27230288Z
ATMC,AlphaTime Acquisition Corp Ordinary Shares,stocks,us,XNAS,CS,True,usd,0001889106,,,2025-10-05T06:05:16.272303031Z
ATMCR,AlphaTime Acquisition Corp Right,stocks,us,XNAS,RIGHT,True,usd,0001889106,,,2025-10-05T06:05:16.272303351Z
ATMCU,AlphaTime Acquisition Corp Unit,stocks,us,XNAS,UNIT,True,usd,0001889106,,,2025-10-05T06:05:16.272303452Z
ATMCW,AlphaTime Acquisition Corp Warrant,stocks,us,XNAS,WARRANT,True,usd,0001889106,,,2025-10-05T06:05:16.272303542Z
ATMP,iPath Select MLP ETN,stocks,us,BATS,ETF,True,usd,0000312070,BBG0047C1H17,BBG0047C1HS8,2025-10-05T06:05:16.272303632Z
ATMU,Atmus Filtration Technologies Inc.,stocks,us,XNYS,CS,True,usd,0001921963,BBG01B079Z74,BBG01B079Z92,2025-10-05T06:05:16.272303702Z
ATMV,AlphaVest Acquisition Corp Ordinary Shares,stocks,us,XNAS,CS,True,usd,0001937891,,,2025-10-05T06:05:16.272303792Z
ATMVR,AlphaVest Acquisition Corp Right,stocks,us,XNAS,RIGHT,True,usd,0001937891,,,2025-10-05T06:05:16.272303872Z
ATMVU,AlphaVest Acquisition Corp Unit,stocks,us,XNAS,UNIT,True,usd,0001937891,,,2025-10-05T06:05:16.272303952Z
ATNI,"ATN International, Inc",stocks,us,XNAS,CS,True,usd,0000879585,BBG000F8RCH1,BBG001S9SMF2,2025-10-05T06:05:16.272304033Z
ATNM,"Actinium Pharmaceuticals, Inc",stocks,us,XASE,CS,True,usd,0001388320,BBG000RQZ245,BBG001SV3L17,2025-10-05T06:05:16.272304403Z
ATO,Atmos Energy Corporation,stocks,us,XNYS,CS,True,usd,0000731802,BBG000BRNGM2,BBG001S5VG05,2025-10-05T06:05:16.272304484Z
ATOM,Atomera Incorporated Common Stock,stocks,us,XNAS,CS,True,usd,0001420520,BBG00D88BWP5,BBG00D88BWQ4,2025-10-05T06:05:16.272304564Z
ATON,AlphaTON Capital Corp. Common Stock,stocks,us,XNAS,CS,True,usd,0001095435,,,2025-10-05T06:05:16.272304644Z
ATOS,"Atossa Therapeutics, Inc. Common Stock",stocks,us,XNAS,CS,True,usd,0001488039,BBG002NCD8C8,BBG002NCD954,2025-10-05T06:05:16.272304974Z
ATPC,Agape ATP Corporation Common Stock,stocks,us,XNAS,CS,True,usd,0001713210,BBG00HKYNJT7,BBG00HKYNJV4,2025-10-05T06:05:16.272305055Z
ATR,"AptarGroup, Inc.",stocks,us,XNYS,CS,True,usd,0000896622,BBG000BGX2S0,BBG001S78MT3,2025-10-05T06:05:16.272305165Z
ATRA,"Atara Biotherapeutics, Inc",stocks,us,XNAS,CS,True,usd,0001604464,BBG005Q3MQY4,BBG005Q3MR36,2025-10-05T06:05:16.272305245Z
ATRC,"AtriCure, Inc.",stocks,us,XNAS,CS,True,usd,0001323885,BBG000BL6CB5,BBG001SD43V3,2025-10-05T06:05:16.272305355Z
ATRO,Astronics Corp,stocks,us,XNAS,CS,True,usd,0000008063,BBG000BCLBY5,BBG001S5NYK3,2025-10-05T06:05:16.272305525Z
ATS,ATS Corporation,stocks,us,XNYS,CS,True,usd,0001394832,BBG000BZ6164,BBG001S5XWC5,2025-10-05T06:05:16.272305606Z
ATUS,"Altice USA, Inc. Class A Common Stock",stocks,us,XNYS,CS,True,usd,0001702780,BBG00GFMPRK0,BBG00GFMPS82,2025-10-05T06:05:16.272305696Z
ATXG,Addentax Group Corp. Common Stock,stocks,us,XNAS,CS,True,usd,0001650101,BBG009R6DP43,BBG009R6DP52,2025-10-05T06:05:16.272305776Z
ATXS,"Astria Therapeutics, Inc. Common Stock",stocks,us,XNAS,CS,True,usd,0001454789,BBG000QSGWX5,BBG001T8KDC4,2025-10-05T06:05:16.272305866Z
ATYR,"aTyr Pharma, Inc. Common Stock",stocks,us,XNAS,CS,True,usd,0001339970,BBG001J2P692,BBG001V0GF01,2025-10-05T06:05:16.272305946Z
AU,AngloGold Ashanti plc,stocks,us,XNYS,CS,True,usd,0001973832,,,2025-10-05T06:05:16.272306046Z
AUB,Atlantic Union Bankshares Corporation,stocks,us,XNYS,CS,True,usd,0000883948,BBG000BKS4S3,BBG001S7GJV8,2025-10-05T06:05:16.272306127Z
AUBN,Auburn National Bancorporation,stocks,us,XNAS,CS,True,usd,0000750574,BBG000BNFKK3,BBG001S6RJQ4,2025-10-05T06:05:16.272306207Z
AUBpA,"Atlantic Union Bankshares Corporation Depositary Shares, Each Representing a 1/400th Interest in a Share of 6.875% Perpetual Non-Cumulative Preferred Stock, Series A",stocks,us,XNYS,PFD,True,usd,0000883948,,,2025-10-05T06:05:16.272306527Z
AUDC,AudioCodes Ltd,stocks,us,XNAS,CS,True,usd,0001086434,,,2025-10-05T06:05:16.272306608Z
AUGM,FT Vest U.S. Equity Max Buffer ETF - August,stocks,us,BATS,ETF,True,usd,0001667919,BBG01P470Z78,BBG01P471083,2025-10-05T06:05:16.272306828Z
AUGO,Aura Minerals Inc. Common Shares,stocks,us,XNAS,CS,True,usd,0001468642,,,2025-10-05T06:05:16.272306908Z
AUGP,PGIM S&P 500 Buffer 12 ETF - August,stocks,us,BATS,ETF,True,usd,,BBG01MQ8J4J5,BBG01MQ8J5D8,2025-10-05T06:05:16.272307028Z
AUGT,AllianzIM U.S. Large Cap Buffer10 Aug ETF,stocks,us,ARCX,ETS,True,usd,0001797318,BBG01HDXBFP1,BBG01HDXBGL3,2025-10-05T06:05:16.272307109Z
AUGU,AllianzIM U.S. Equity Buffer15 Uncapped Aug ETF,stocks,us,BATS,ETF,True,usd,0001797318,BBG01NYJD0Y7,BBG01NYJD200,2025-10-05T06:05:16.272307209Z
AUGW,AllianzIM U.S. Large Cap Buffer20 Aug ETF,stocks,us,ARCX,ETS,True,usd,0001797318,BBG01HDWX4R2,BBG01HDWX5T7,2025-10-05T06:05:16.272307289Z
AUGZ,TrueShares Structured Outcome (August) ETF,stocks,us,BATS,ETF,True,usd,0001776878,BBG01X3LJ8G1,BBG01X3LJ9G9,2025-10-05T06:05:16.272307419Z
AUID,authID Inc. Common Stock,stocks,us,XNAS,CS,True,usd,0001534154,BBG0081VR7H9,BBG0081VR7J7,2025-10-05T06:05:16.272307579Z
AUMI,Themes Gold Miners ETF,stocks,us,XNAS,ETF,True,usd,0001976322,BBG01KJPQ4Y4,BBG01KJPQ660,2025-10-05T06:05:16.27230766Z
AUNA,Auna S.A.,stocks,us,XNYS,CS,True,usd,0001799207,,,2025-10-05T06:05:16.27230774Z
AUPH,Aurinia Pharmaceuticals Inc,stocks,us,XNAS,CS,True,usd,0001600620,BBG000BCRJM5,BBG001S68013,2025-10-05T06:05:16.27230782Z
AUR,"Aurora Innovation, Inc. Class A Common Stock",stocks,us,XNAS,CS,True,usd,0001828108,BBG00Z92Y6X1,BBG00Z92Y6Y0,2025-10-05T06:05:16.27230791Z
AURA,"Aura Biosciences, Inc. Common Stock",stocks,us,XNAS,CS,True,usd,0001501796,BBG00226DGM5,BBG00226DGP2,2025-10-05T06:05:16.272308Z
AUROW,"Aurora Innovation, Inc. Warrant",stocks,us,XNAS,WARRANT,True,usd,0001828108,BBG010SBLF79,,2025-10-05T06:05:16.27230808Z
AUSF,Global X Adaptive U.S. Factor ETF,stocks,us,ARCX,ETF,True,usd,0001432353,BBG00LSVL368,BBG00LSVL3Y7,2025-10-05T06:05:16.272308161Z
AUSM,Allspring Ultra Short Municipal ETF,stocks,us,ARCX,ETF,True,usd,,BBG01V8GCW48,BBG01V8GCX37,2025-10-05T06:05:16.272308241Z
AUST,Austin Gold Corp.,stocks,us,XASE,CS,True,usd,0001817740,BBG00VZQRKP4,BBG00VZQRKT0,2025-10-05T06:05:16.272308411Z
AUTL,Autolus Therapeutics plc American Depositary Share,stocks,us,XNAS,ADRC,True,usd,0001730463,BBG00KVT05R6,BBG00KVT06G6,2025-10-05T06:05:16.272308491Z
AUUD,Auddia Inc. Common Stock,stocks,us,XNAS,CS,True,usd,0001554818,BBG00Y0537N9,BBG00Y0538H4,2025-10-05T06:05:16.272308571Z
AUUDW,Auddia Inc. Warrants,stocks,us,XNAS,WARRANT,True,usd,0001554818,BBG00Y057JS4,,2025-10-05T06:05:16.272308651Z
AVA,Avista Corporation,stocks,us,XNYS,CS,True,usd,0000104918,BBG000BCNF74,BBG001S5NZ48,2025-10-05T06:05:16.272308742Z
AVAH,Aveanna Healthcare Holdings Inc. Common Stock,stocks,us,XNAS,CS,True,usd,0001832332,BBG00G6D6H96,BBG00G6D6HB3,2025-10-05T06:05:16.272308832Z
AVAL,GRUPO AVAL ACCIONES Y VALORES S.A.,stocks,us,XNYS,ADRC,True,usd,0001504764,BBG004T0ZMF6,BBG004T0ZN64,2025-10-05T06:05:16.272308912Z
AVAV,"AeroVironment, Inc.",stocks,us,XNAS,CS,True,usd,0001368622,BBG000GX14P2,BBG001SPPWP6,2025-10-05T06:05:16.272308992Z
AVB,"AvalonBay Communities, Inc.",stocks,us,XNYS,CS,True,usd,0000915912,BBG000BLPBL5,BBG001S7J2H8,2025-10-05T06:05:16.272309313Z
AVBC,"Avidia Bancorp, Inc.",stocks,us,XNYS,CS,True,usd,0002058758,BBG01TVWYGZ9,BBG01TVWYHT4,2025-10-05T06:05:16.272309493Z
AVBH,"Avidbank Holdings, Inc. Common stock",stocks,us,XNAS,CS,True,usd,0001443575,BBG000Q24975,BBG001SM30Y7,2025-10-05T06:05:16.272309573Z
AVBP,"ArriVent BioPharma, Inc. Common Stock",stocks,us,XNAS,CS,True,usd,0001868279,BBG011N37VQ0,BBG011N37VW3,2025-10-05T06:05:16.272309653Z
AVD,American Vanguard Corporation,stocks,us,XNYS,CS,True,usd,0000005981,BBG000DPXVW9,BBG001S8KSH7,2025-10-05T06:05:16.272309734Z
AVDE,Avantis International Equity ETF,stocks,us,ARCX,ETF,True,usd,0001710607,BBG00Q9MQ620,BBG00Q9MQ6T1,2025-10-05T06:05:16.272309814Z
AVDL,Avadel Pharmaceuticals plc Ordinary Share,stocks,us,XNAS,CS,True,usd,0001012477,,,2025-10-05T06:05:16.272309894Z
AVDS,Avantis International Small Cap Equity ETF,stocks,us,ARCX,ETF,True,usd,0001710607,BBG01HDKB223,BBG01HDKB2Y8,2025-10-05T06:05:16.272309984Z
AVDV,Avantis International Small Cap Value ETF,stocks,us,ARCX,ETF,True,usd,0001710607,BBG00Q9MR772,BBG00Q9MR7Z1,2025-10-05T06:05:16.272310084Z
AVDX,"AvidXchange Holdings, Inc. Common Stock",stocks,us,XNAS,CS,True,usd,0001858257,BBG012MBDFZ9,BBG012MBDGV1,2025-10-05T06:05:16.272310164Z
AVEE,Avantis Emerging Markets Small Cap Equity ETF,stocks,us,ARCX,ETF,True,usd,0001710607,BBG01JY8SVC0,BBG01JY8SW65,2025-10-05T06:05:16.272310345Z
AVEM,Avantis Emerging Markets Equity ETF,stocks,us,ARCX,ETF,True,usd,0001710607,BBG00Q6ZDX29,BBG00Q6ZDXT0,2025-10-05T06:05:16.272310425Z
AVES,Avantis Emerging Markets Value ETF,stocks,us,ARCX,ETF,True,usd,0001710607,BBG012NXXFT5,BBG012NXXGN9,2025-10-05T06:05:16.272310505Z
AVGB,Avantis Credit ETF,stocks,us,XNAS,ETF,True,usd,,BBG01TB5RVG6,BBG01TB5RWB9,2025-10-05T06:05:16.272310585Z
AVGE,Avantis All Equity Markets ETF,stocks,us,ARCX,ETF,True,usd,0001710607,BBG019T9Z9T9,BBG019T9ZBN0,2025-10-05T06:05:16.272310665Z
AVGG,Leverage Shares 2X Long AVGO Daily ETF,stocks,us,XNAS,ETF,True,usd,0001976322,BBG01TYZ1T96,BBG01TYZ1VH2,2025-10-05T06:05:16.272310745Z
AVGO,Broadcom Inc. Common Stock,stocks,us,XNAS,CS,True,usd,0001730168,BBG00KHY5S69,BBG00KHY5SY8,2025-10-05T06:05:16.272310826Z
AVGU,GraniteShares 2x Long AVGO Daily ETF,stocks,us,XNAS,ETF,True,usd,0001689873,BBG01VWNTJN6,BBG01VWNTKK6,2025-10-05T06:05:16.272310906Z
AVGV,Avantis All Equity Markets Value ETF,stocks,us,ARCX,ETF,True,usd,0001710607,BBG01H488JH1,BBG01H488KB4,2025-10-05T06:05:16.272311106Z
AVGW,Roundhill AVGO WeeklyPay ETF,stocks,us,BATS,ETF,True,usd,,BBG01W6VNFL1,BBG01W6VNGG5,2025-10-05T06:05:16.272311307Z
AVGX,Defiance Daily Target 2X Long AVGO ETF,stocks,us,XNAS,ETF,True,usd,0001924868,BBG01P7T8FX4,BBG01P7T8GS8,2025-10-05T06:05:16.272311397Z
AVIE,Avantis Inflation Focused Equity ETF,stocks,us,ARCX,ETF,True,usd,0001710607,BBG019TB2NF4,BBG019TB2P87,2025-10-05T06:05:16.272311477Z
AVIG,Avantis Core Fixed Income ETF,stocks,us,ARCX,ETF,True,usd,0001710607,BBG00XTVX0Z2,BBG00XTVX1T7,2025-10-05T06:05:16.272311557Z
AVIR,"Atea Pharmaceuticals, Inc. Common Stock",stocks,us,XNAS,CS,True,usd,0001593899,BBG00TZNCJ75,BBG00TZNCJ84,2025-10-05T06:05:16.272311637Z
AVIV,Avantis International Large Cap Value ETF,stocks,us,ARCX,ETF,True,usd,0001710607,BBG012R45G05,BBG012R45GX9,2025-10-05T06:05:16.272311727Z
AVK,Advent Convertible and Income Fund,stocks,us,XNYS,FUND,True,usd,0001219120,BBG000KDPR38,BBG001SJLCH7,2025-10-05T06:05:16.272311807Z
AVL,Direxion Daily AVGO Bull 2X Shares,stocks,us,XNAS,ETF,True,usd,,BBG01Q40B085,BBG01Q40B156,2025-10-05T06:05:16.272311888Z
AVLC,Avantis U.S. Large Cap Equity ETF,stocks,us,ARCX,ETF,True,usd,0001710607,BBG01J9W37C5,BBG01J9W3879,2025-10-05T06:05:16.272311968Z
AVLV,Avantis U.S. Large Cap Value ETF,stocks,us,ARCX,ETF,True,usd,0001710607,BBG012NL45J6,BBG012NL46D0,2025-10-05T06:05:16.272312128Z
AVMA,Avantis Moderate Allocation ETF,stocks,us,ARCX,ETF,True,usd,0001710607,BBG01H4897B2,BBG01H489875,2025-10-05T06:05:16.272312208Z
AVMC,Avantis U.S. Mid Cap Equity ETF,stocks,us,ARCX,ETF,True,usd,0001710607,BBG01JYBR229,BBG01JYBR2Z3,2025-10-05T06:05:16.272312288Z
AVMU,Avantis Core Municipal Fixed Income ETF,stocks,us,ARCX,ETF,True,usd,0001710607,BBG00YFF8NQ8,BBG00YFF8PK9,2025-10-05T06:05:16.272312369Z
AVMV,Avantis U.S. Mid Cap Value ETF,stocks,us,ARCX,ETF,True,usd,0001710607,BBG01JYVFND0,BBG01JYVFP90,2025-10-05T06:05:16.272312449Z
AVNM,Avantis All International Markets Equity ETF,stocks,us,ARCX,ETF,True,usd,0001710607,BBG01H48B1W9,BBG01H48B2Q4,2025-10-05T06:05:16.272312529Z
AVNS,"Avanos Medical, Inc.",stocks,us,XNYS,CS,True,usd,0001606498,BBG005L86G05,BBG005L86G14,2025-10-05T06:05:16.272312609Z
AVNT,Avient Corporation,stocks,us,XNYS,CS,True,usd,0001122976,BBG000C8NJ10,BBG001S6RCD3,2025-10-05T06:05:16.272312689Z
AVNV,Avantis All International Markets Value ETF,stocks,us,ARCX,ETF,True,usd,0001710607,BBG01H480D55,BBG01H480F14,2025-10-05T06:05:16.272312769Z
AVNW,"Aviat Networks, Inc.",stocks,us,XNAS,CS,True,usd,0001377789,BBG000QX48M2,BBG001SSSZS7,2025-10-05T06:05:16.27231287Z
AVO,"Mission Produce, Inc. Common Stock",stocks,us,XNAS,CS,True,usd,0001802974,BBG005C9W679,BBG005C9W688,2025-10-05T06:05:16.27231296Z
AVPT,"AvePoint, Inc. Class A Common Stock",stocks,us,XNAS,CS,True,usd,0001777921,BBG00Q73LFG4,BBG00Q73LFK9,2025-10-05T06:05:16.27231304Z
AVR,Anteris Technologies Global Corp. Common Stock,stocks,us,XNAS,CS,True,usd,0002011514,BBG01PLXJNR7,BBG01PLXJQ81,2025-10-05T06:05:16.27231314Z
AVRE,Avantis Real Estate ETF,stocks,us,ARCX,ETF,True,usd,0001710607,BBG012R477N8,BBG012R478M7,2025-10-05T06:05:16.27231322Z
AVS,Direxion Daily AVGO Bear 1X Shares,stocks,us,XNAS,ETF,True,usd,,BBG01Q419WL1,BBG01Q419XF6,2025-10-05T06:05:16.2723133Z
AVSC,Avantis U.S. Small Cap Equity ETF,stocks,us,ARCX,ETF,True,usd,0001710607,BBG014GDZJ95,BBG014GDZKC8,2025-10-05T06:05:16.27231338Z
AVSD,Avantis Responsible International Equity ETF,stocks,us,ARCX,ETF,True,usd,0001710607,BBG0161JYDX0,BBG0161JYFR2,2025-10-05T06:05:16.272313461Z
AVSE,Avantis Responsible Emerging Markets Equity ETF,stocks,us,ARCX,ETF,True,usd,0001710607,BBG0161JWW79,BBG0161JWX22,2025-10-05T06:05:16.272313541Z
AVSF,Avantis Short-Term Fixed Income ETF,stocks,us,ARCX,ETF,True,usd,0001481714,BBG00XTVX5G2,BBG00XTVX698,2025-10-05T06:05:16.272313791Z
AVSU,Avantis Responsible U.S. Equity ETF,stocks,us,ARCX,ETF,True,usd,0001710607,BBG0161K0614,BBG0161K06W0,2025-10-05T06:05:16.272313871Z
AVT,"Avnet, Inc.",stocks,us,XNAS,CS,True,usd,0000008858,BBG000BCPB71,BBG001S5NZJ2,2025-10-05T06:05:16.272313952Z
AVTR,"Avantor, Inc.",stocks,us,XNYS,CS,True,usd,0001722482,BBG00G2HHYD7,BBG00G2HHYF5,2025-10-05T06:05:16.272314032Z
AVTX,"Avalo Therapeutics, Inc. Common Stock",stocks,us,XNAS,CS,True,usd,0001534120,BBG001QHW0Y8,BBG001V1GPQ9,2025-10-05T06:05:16.272314112Z
AVUQ,Avantis U.S. Quality ETF,stocks,us,XNAS,ETF,True,usd,,BBG01SQC3L75,BBG01SQC3M28,2025-10-05T06:05:16.272314192Z
AVUS,Avantis U.S. Equity ETF,stocks,us,ARCX,ETF,True,usd,0001710607,BBG00Q9MPPR2,BBG00Q9MPQH1,2025-10-05T06:05:16.272314272Z
AVUV,Avantis U.S. Small Cap Value ETF,stocks,us,ARCX,ETF,True,usd,0001710607,BBG00Q9MQZ44,BBG00Q9MQZW3,2025-10-05T06:05:16.272314352Z
AVXC,Avantis Emerging Markets ex-China Equity ETF,stocks,us,XNAS,ETF,True,usd,,BBG01LV4QP78,BBG01LV4QQ67,2025-10-05T06:05:16.272314443Z
AVXL,Anavex Life Sciences,stocks,us,XNAS,CS,True,usd,0001314052,BBG000C9K8K4,BBG001SLQWW6,2025-10-05T06:05:16.272314643Z
AVY,Avery Dennison Corp.,stocks,us,XNYS,CS,True,usd,0000008818,BBG000BCQ4P6,BBG001S5NZM8,2025-10-05T06:05:16.272314813Z
AWAY,Amplify Travel Tech ETF,stocks,us,ARCX,ETF,True,usd,0001633061,BBG01L6Y34F3,BBG01L6Y3597,2025-10-05T06:05:16.272314893Z
AWEG,Alger Weatherbie Enduring Growth ETF,stocks,us,ARCX,ETF,True,usd,0001807486,BBG01CBP4YL2,BBG01CBP4ZG5,2025-10-05T06:05:16.272315154Z
AWF,"ALLIANCEBERSTEIN GLOBAL HIGH INCOME FUND, INC.",stocks,us,XNYS,FUND,True,usd,0000906013,BBG000BD8L30,BBG001S6LJ53,2025-10-05T06:05:16.272315234Z
AWI,"Armstrong World Industries, Inc.",stocks,us,XNYS,CS,True,usd,0000007431,BBG000DW4LB1,BBG001SGL0H9,2025-10-05T06:05:16.272315314Z
AWK,"American Water Works Company, Inc",stocks,us,XNYS,CS,True,usd,0001410636,BBG000TRJ294,BBG001SPHYW3,2025-10-05T06:05:16.272315394Z
AWP,abrdn Global Premier Properties Fund,stocks,us,XNYS,FUND,True,usd,0001390195,BBG000R204N1,BBG001SSZNJ6,2025-10-05T06:05:16.272315484Z
AWR,American States Water Company,stocks,us,XNYS,CS,True,usd,0001056903,BBG000F964B6,BBG001S9T5Z6,2025-10-05T06:05:16.272315565Z
AWRE,Aware Inc,stocks,us,XNAS,CS,True,usd,0001015739,BBG000H56MZ6,BBG001S95Q04,2025-10-05T06:05:16.272315765Z
AWX,Avalon Holdings Corp.,stocks,us,XASE,CS,True,usd,0001061069,BBG000BPSQJ3,BBG001S9D084,2025-10-05T06:05:16.272315845Z
AX,"Axos Financial, Inc. Common Stock",stocks,us,XNYS,CS,True,usd,0001299709,BBG000QPHD08,BBG001SLZ724,2025-10-05T06:05:16.272315925Z
AXGN,"Axogen, Inc. Common Stock",stocks,us,XNAS,CS,True,usd,0000805928,BBG000BN46R9,BBG001S5SRD1,2025-10-05T06:05:16.272316005Z
AXIL,"AXIL Brands, Inc.",stocks,us,XASE,CS,True,usd,0001718500,BBG00HXXP3F3,BBG00HXXP3G2,2025-10-05T06:05:16.272316086Z
AXIN,Axiom Intelligence Acquisition Corp 1 Class A Ordinary Shares,stocks,us,XNAS,CS,True,usd,0002057030,,,2025-10-05T06:05:16.272316166Z
AXINR,Axiom Intelligence Acquisition Corp 1 Right,stocks,us,XNAS,RIGHT,True,usd,0002057030,,,2025-10-05T06:05:16.272316246Z
AXINU,Axiom Intelligence Acquisition Corp 1 Units,stocks,us,XNAS,UNIT,True,usd,0002057030,,,2025-10-05T06:05:16.272316326Z
AXL,"American Axle & Manufacturing Holdings, Inc.",stocks,us,XNYS,CS,True,usd,0001062231,BBG000BPYZV2,BBG001S9DR67,2025-10-05T06:05:16.272316526Z
AXON,"Axon Enterprise, Inc. Common Stock",stocks,us,XNAS,CS,True,usd,0001069183,BBG000BHJWG1,BBG001SB2HG5,2025-10-05T06:05:16.272316607Z
AXP,American Express Company,stocks,us,XNYS,CS,True,usd,0000004962,BBG000BCQZS4,BBG001S5P034,2025-10-05T06:05:16.272317068Z
AXR,AMREP Corporation,stocks,us,XNYS,CS,True,usd,0000006207,BBG000BCRB60,BBG001S5P052,2025-10-05T06:05:16.272317148Z
AXS,Axis Capital Holders Limited,stocks,us,XNYS,CS,True,usd,0001214816,,,2025-10-05T06:05:16.272317238Z
AXSM,"Axsome Therapeutics, Inc",stocks,us,XNAS,CS,True,usd,0001579428,BBG00B6G7GL7,BBG00B6G7GM6,2025-10-05T06:05:16.272317318Z
AXSpE,"AXIS Capital Holdings Limited Depositary Shares, each representing 1/100th interest in a share of the Issuers 5.50% Series E Preferred Shares",stocks,us,XNYS,PFD,True,usd,0001214816,,,2025-10-05T06:05:16.272317398Z
AXTA,Axalta Coating Systems Ltd.,stocks,us,XNYS,CS,True,usd,0001616862,,,2025-10-05T06:05:16.272317478Z
AXTI,AXT Inc,stocks,us,XNAS,CS,True,usd,0001051627,BBG000BHZ0N5,BBG001S7SPZ7,2025-10-05T06:05:16.272317558Z
AXUP,T-REX 2X Long AXON Daily Target ETF,stocks,us,BATS,ETF,True,usd,,BBG01WW9ZMX0,BBG01WW9ZP90,2025-10-05T06:05:16.272317639Z
AYI,Acuity Inc.,stocks,us,XNYS,CS,True,usd,0001144215,BBG000BJ5HK0,BBG001SBG656,2025-10-05T06:05:16.272317719Z
AYTU,"AYTU BioPharma, Inc. Common Stock",stocks,us,XNAS,CS,True,usd,0001385818,BBG000VC2PT9,BBG001T21Q11,2025-10-05T06:05:16.272317799Z
AZ,A2Z Cust2Mate Solutions Corp. Common Shares,stocks,us,XNAS,CS,True,usd,0001866030,BBG00TM0F0B2,BBG00JXQRF10,2025-10-05T06:05:16.272317879Z
AZI,Autozi Internet Technology (Global) Ltd. Class A Ordinary Shares,stocks,us,XNAS,CS,True,usd,0001959726,,,2025-10-05T06:05:16.272317959Z
AZN,AstraZeneca PLC,stocks,us,XNAS,ADRC,True,usd,0000901832,BBG000BZ0DK8,BBG001SB80N8,2025-10-05T06:05:16.272318039Z
AZNH,AstraZeneca PLC ADRhedged,stocks,us,ARCX,ETS,True,usd,,BBG01Q37F602,BBG01Q37F6X6,2025-10-05T06:05:16.27231812Z
AZO,"AutoZone, Inc.",stocks,us,XNYS,CS,True,usd,0000866787,BBG000C7LMS8,BBG001S6Q5D9,2025-10-05T06:05:16.27231833Z
AZTA,"Azenta, Inc.",stocks,us,XNAS,CS,True,usd,0000933974,BBG000DX9JV7,BBG001S8F1B8,2025-10-05T06:05:16.27231841Z
AZTD,Aztlan Global Stock Selection DM SMID ETF,stocks,us,ARCX,ETF,True,usd,0001387131,BBG0196FNNX7,BBG0196FNPT7,2025-10-05T06:05:16.27231853Z
AZTR,Azitra Inc,stocks,us,XASE,CS,True,usd,0001701478,BBG00GDC73T8,BBG00GDC73V5,2025-10-05T06:05:16.27231861Z
AZYY,GraniteShares YieldBoost AMZN ETF,stocks,us,XNAS,ETF,True,usd,0001689873,BBG01X4WYRY7,BBG01X4WYSY5,2025-10-05T06:05:16.272318691Z
AZZ,AZZ Inc.,stocks,us,XNYS,CS,True,usd,0000008947,BBG000F83JZ2,BBG001S9QNK6,2025-10-05T06:05:16.272318771Z
B,Barrick Mining Corporation,stocks,us,XNYS,CS,True,usd,0000756894,BBG000BB07P9,BBG001S5N9P3,2025-10-05T06:05:16.272318851Z
BA,Boeing Company,stocks,us,XNYS,CS,True,usd,0000012927,BBG000BCSST7,BBG001S5P0V3,2025-10-05T06:05:16.272318931Z
BAB,Invesco Taxable Municipal Bond ETF,stocks,us,ARCX,ETF,True,usd,0001378872,BBG000C00736,BBG001STKGB3,2025-10-05T06:05:16.272319041Z
BABA,"Alibaba Group Holding Limited American Depositary Shares, each represents eight Ordinary Shares",stocks,us,XNYS,ADRC,True,usd,0001577552,BBG006G2JVL2,BBG006G2JWB1,2025-10-05T06:05:16.272319131Z
BABO,YieldMax BABA Option Income Strategy ETF,stocks,us,ARCX,ETS,True,usd,,BBG01P50CN21,BBG01P50CNX7,2025-10-05T06:05:16.272319212Z
BABX,GraniteShares ETF Trust GraniteShares 2x Long BABA Daily ETF,stocks,us,XNAS,ETF,True,usd,0001689873,BBG01BWDFNB1,BBG01BWDFP53,2025-10-05T06:05:16.272319302Z
BAC,Bank of America Corporation,stocks,us,XNYS,CS,True,usd,0000070858,BBG000BCTLF6,BBG001S5P0Y0,2025-10-05T06:05:16.272319382Z
BACC,Blue Acquisition Corp. Class A Ordinary Shares,stocks,us,XNAS,CS,True,usd,0002059654,,,2025-10-05T06:05:16.272319462Z
BACCR,Blue Acquisition Corp. Right,stocks,us,XNAS,RIGHT,True,usd,0002059654,,,2025-10-05T06:05:16.272319542Z
BACCU,Blue Acquisition Corp. Unit,stocks,us,XNAS,UNIT,True,usd,0002059654,,,2025-10-05T06:05:16.272319622Z
BACQ,Bleichroeder Acquisition Corp. I Class A Ordinary Shares,stocks,us,XNAS,CS,True,usd,0002028707,,,2025-10-05T06:05:16.272319703Z
BACQR,Bleichroeder Acquisition Corp. I Right,stocks,us,XNAS,RIGHT,True,usd,0002028707,,,2025-10-05T06:05:16.272319783Z
BACQU,Bleichroeder Acquisition Corp. I Unit,stocks,us,XNAS,UNIT,True,usd,0002028707,,,2025-10-05T06:05:16.272319883Z
BACpB,"Bank of America Corporation Depositary Shares, each representing a 1/1,000th interest in a share of 6.000% Non-Cumulative Preferred Stock, Series GG",stocks,us,XNYS,PFD,True,usd,0000070858,,,2025-10-05T06:05:16.272319963Z
BACpE,"Bank of America Corporation Depositary Shares (representing 1/1,000th of a share of Floating Rate Non-Cumalative Preferred Stock, Series E)",stocks,us,XNYS,PFD,True,usd,0000070858,,,2025-10-05T06:05:16.272320254Z
BACpK,"Bank of America Corporation Depositary Shares, each representing a 1/1,000th interest in a share of 5.875% Non- Cumulative Preferred Stock, Series HH",stocks,us,XNYS,PFD,True,usd,0000070858,,,2025-10-05T06:05:16.272320334Z
BACpL,"Bank Of America Corporation 7.25% Non-Cumulative Perpetual Convertible Preferred Stock, Series L",stocks,us,XNYS,PFD,True,usd,0000070858,,,2025-10-05T06:05:16.272320414Z
BACpM,"Bank of America Corporation Depositary Shares, each representing a 1/1,000th interest in a share of 5.375% Non-Cumulative Preferred Stock, Series KK",stocks,us,XNYS,PFD,True,usd,0000070858,,,2025-10-05T06:05:16.272320494Z
BACpN,"Bank of America Corporation Depositary shares, each representing 1/1,000th interest in a share of 5.000% Non-Cumulative Preferred Stock, Series LL",stocks,us,XNYS,PFD,True,usd,0000070858,,,2025-10-05T06:05:16.272320574Z
BACpO,"Bank of America Corporation Depositary shares, each representing 1/1,000th interest in a share of 4.375% Non-Cumulative Preferred Stock, Series NN",stocks,us,XNYS,PFD,True,usd,0000070858,,,2025-10-05T06:05:16.272320654Z
BACpP,"Bank of America Corporation Depositary Shares, each representing a 1/1,000th interest in a share of 4.125% Non- Cumulative Preferred Stock, Series PP",stocks,us,XNYS,PFD,True,usd,0000070858,,,2025-10-05T06:05:16.272320735Z
BACpQ,"Bank of America Corporation Depositary shares, each representing 1/1,000th interest in a share of 4.250% Non-Cumulative Preferred Stock, Series QQ",stocks,us,XNYS,PFD,True,usd,0000070858,,,2025-10-05T06:05:16.272320815Z
BACpS,"Bank of America Corporation Depositary shares, each representing 1/1,000th interest in a share of 4.750% Non-Cumulative Preferred Stock, Series SS",stocks,us,XNYS,PFD,True,usd,0000070858,,,2025-10-05T06:05:16.272320905Z
BAER,"Bridger Aerospace Group Holdings, Inc. Common Stock",stocks,us,XNAS,CS,True,usd,0001941536,BBG019M64MD4,BBG019M64MF2,2025-10-05T06:05:16.272321015Z
BAERW,"Bridger Aerospace Group Holdings, Inc. Warrant",stocks,us,XNAS,WARRANT,True,usd,0001941536,BBG01BBJSP77,,2025-10-05T06:05:16.272321095Z
BAFE,Brown Advisory Flexible Equity ETF,stocks,us,XNAS,ETF,True,usd,0001593547,BBG01QVCT4K8,BBG01QVCTTJ5,2025-10-05T06:05:16.272321175Z
BAFN,BayFirst Financial Corp. Common Stock,stocks,us,XNAS,CS,True,usd,0001649739,BBG000QK3NY5,BBG001SN12G3,2025-10-05T06:05:16.272321386Z
BAGY,Amplify Bitcoin Max Income Covered Call ETF,stocks,us,BATS,ETF,True,usd,0001633061,BBG01THF8MT5,BBG01THF8NP7,2025-10-05T06:05:16.272321466Z
BAH,Booz Allen Hamilton Holding Corporation,stocks,us,XNYS,CS,True,usd,0001443646,BBG000R2YFG7,BBG001T91S76,2025-10-05T06:05:16.272321566Z
BAI,iShares A.I. Innovation and Tech Active ETF,stocks,us,ARCX,ETF,True,usd,0001761055,BBG01Q9L3CL2,BBG01Q9L3DJ3,2025-10-05T06:05:16.272321656Z
BAIG,Leverage Shares 2X Long BBAI Daily ETF,stocks,us,XNAS,ETF,True,usd,0001976322,BBG01WRVB212,BBG01WRVB2Z5,2025-10-05T06:05:16.272321756Z
BAK,Braskem S.A. American Depositary Shares (Each representing Two Class A  Preferred Shares),stocks,us,XNYS,ADRC,True,usd,0001071438,BBG000BDJYK1,BBG001S5XRM5,2025-10-05T06:05:16.272321837Z
BALI,iShares Advantage Large Cap Income ETF,stocks,us,BATS,ETF,True,usd,0001761055,BBG01JJ8XLW1,BBG01JJ8XMV0,2025-10-05T06:05:16.272322047Z
BALL,Ball Corporation,stocks,us,XNYS,CS,True,usd,0000009389,BBG000BDDNH5,BBG001S5P7Q4,2025-10-05T06:05:16.272322127Z
BALT,Innovator Defined Wealth Shield ETF,stocks,us,BATS,ETF,True,usd,0001415726,BBG011MFV0P6,BBG011MFV1P4,2025-10-05T06:05:16.272322207Z
BALY,Bally's Corporation,stocks,us,XNYS,CS,True,usd,0001747079,BBG01QPXB2Q6,BBG01QPXB3P5,2025-10-05T06:05:16.272322287Z
BAM,Brookfield Asset Management Ltd.,stocks,us,XNYS,CS,True,usd,0001937926,BBG01BPHNXZ3,BBG019Z17GF9,2025-10-05T06:05:16.272322368Z
BAMA,Brookstone Active ETF,stocks,us,BATS,ETF,True,usd,,BBG01JG50KL0,BBG01JG50LG4,2025-10-05T06:05:16.272322448Z
BAMB,Brookstone Intermediate Bond ETF,stocks,us,BATS,ETF,True,usd,,BBG01JG4ZQ50,BBG01JG4ZR03,2025-10-05T06:05:16.272322528Z
BAMD,Brookstone Dividend Stock ETF,stocks,us,BATS,ETF,True,usd,,BBG01JG50QK8,BBG01JG50RG1,2025-10-05T06:05:16.272322608Z
BAMG,Brookstone Growth Stock ETF,stocks,us,BATS,ETF,True,usd,,BBG01JG4JRS1,BBG01JG4JSN4,2025-10-05T06:05:16.272322979Z
BAMO,Brookstone Opportunities ETF,stocks,us,BATS,ETF,True,usd,,BBG01JG4H5X5,BBG01JG4H6R0,2025-10-05T06:05:16.272323159Z
BAMU,Brookstone Ultra-Short Bond ETF,stocks,us,BATS,ETF,True,usd,,BBG01JG4D4D4,BBG01JG4D578,2025-10-05T06:05:16.272323239Z
BAMV,Brookstone Value Stock ETF,stocks,us,BATS,ETF,True,usd,,BBG01JG4GBQ1,BBG01JG4GCK5,2025-10-05T06:05:16.272323319Z
BAMY,Brookstone Yield ETF,stocks,us,BATS,ETF,True,usd,,BBG01JG4XT65,BBG01JG4XV33,2025-10-05T06:05:16.27232341Z
BANC,"Banc of California, Inc.",stocks,us,XNYS,CS,True,usd,0001169770,BBG000F7VG25,BBG001SKZX56,2025-10-05T06:05:16.27232348Z
BANCpF,"Banc of California, Inc. Depositary Shares, each representing a 1/40th interest in a share of 7.75% non- cumulative perpetual preferred stock, Series F",stocks,us,XNYS,PFD,True,usd,0001169770,,,2025-10-05T06:05:16.27232356Z
BAND,Bandwidth Inc. Class A Common Stock,stocks,us,XNAS,CS,True,usd,0001514416,BBG001K003W2,BBG001TFDMP2,2025-10-05T06:05:16.27232364Z
BANF,Bancfirst Corp,stocks,us,XNAS,CS,True,usd,0000760498,BBG000BGJJX3,BBG001S75RW1,2025-10-05T06:05:16.27232372Z
BANFP,BancFirst Corporation - BFC Capital Trust II Cumulative Trust Pfd Secs,stocks,us,XNAS,PFD,True,usd,0000760498,,,2025-10-05T06:05:16.2723238Z
BANL,CBL International Limited Ordinary Shares,stocks,us,XNAS,CS,True,usd,0001914805,,,2025-10-05T06:05:16.272323981Z
BANR,Banner Corp.,stocks,us,XNAS,CS,True,usd,0000946673,BBG000MVZH28,BBG001SD3DZ8,2025-10-05T06:05:16.272324061Z
BANX,ArrowMark Financial Corp. Common Stock,stocks,us,XNAS,CS,True,usd,0001578987,BBG004PP4922,BBG004PP4931,2025-10-05T06:05:16.272324141Z
BAOS,Baosheng Media Group Holdings Limited Ordinary shares,stocks,us,XNAS,CS,True,usd,0001811216,,,2025-10-05T06:05:16.272324221Z
BAP,Credicorp LTD,stocks,us,XNYS,CS,True,usd,0001001290,,,2025-10-05T06:05:16.272324301Z
BAPR,Innovator U.S. Equity Buffer ETF - April,stocks,us,BATS,ETF,True,usd,0001482688,BBG00NR9PSK9,BBG00NR9PT90,2025-10-05T06:05:16.272324381Z
BAR,GraniteShares Gold Shares,stocks,us,ARCX,ETV,True,usd,0001690437,BBG00HBPWNN3,BBG00HBPWNP1,2025-10-05T06:05:16.272324472Z
BARK,"BARK, Inc.",stocks,us,XNYS,CS,True,usd,0001819574,BBG00Y9ZTKK0,BBG00Y9ZTKL9,2025-10-05T06:05:16.272324552Z
BARK.WS,"BARK, Inc. Redeemable Warrants, each whole warrant exercisable for shares of Common Stock at an exercise price of $11.50 per share",stocks,us,XNYS,WARRANT,True,usd,0001819574,BBG00YLW5SL1,,2025-10-05T06:05:16.272324782Z
BASG,Brown Advisory Sustainable Growth ETF,stocks,us,XNAS,ETF,True,usd,0001593547,BBG01V6DRPS0,BBG01V6DRR60,2025-10-05T06:05:16.272325113Z
BASV,Brown Advisory Sustainable Value ETF,stocks,us,XNAS,ETF,True,usd,0001593547,BBG01V5C2JW9,BBG01V5C2KS1,2025-10-05T06:05:16.272325193Z
BATL,Battalion Oil Corporation,stocks,us,XASE,CS,True,usd,0001282648,BBG00R4SMLR4,BBG00R4SR3J8,2025-10-05T06:05:16.272325273Z
BATRA,"Atlanta Braves Holdings, Inc. Series A Common Stock",stocks,us,XNAS,CS,True,usd,0001958140,BBG01HCDRG86,BBG01HCDRG95,2025-10-05T06:05:16.272325353Z
BATRK,"Atlanta Braves Holdings, Inc. Series C Common Stock",stocks,us,XNAS,CS,True,usd,0001958140,BBG01HCX3Y34,BBG01HCX3Z22,2025-10-05T06:05:16.272325433Z
BATT,Amplify Lithium & Battery Technology ETF,stocks,us,ARCX,ETF,True,usd,0001633061,BBG00L322ZG8,BBG00L323065,2025-10-05T06:05:16.272325514Z
BAUG,Innovator U.S. Equity Buffer ETF - August,stocks,us,BATS,ETF,True,usd,0001482688,BBG00PVP2Q68,BBG00PVP2QY7,2025-10-05T06:05:16.272325594Z
BAX,Baxter International Inc.,stocks,us,XNYS,CS,True,usd,0000010456,BBG000BCVJ77,BBG001S5P1K3,2025-10-05T06:05:16.272325674Z
BAYA,Bayview Acquisition Corp Class A Ordinary Shares,stocks,us,XNAS,CS,True,usd,0001969475,BBG01KT6FX00,BBG01KT6FXV6,2025-10-05T06:05:16.272325754Z
BAYAR,Bayview Acquisition Corp Right,stocks,us,XNAS,RIGHT,True,usd,0001969475,BBG01KT6G6L5,BBG01KT6G7L3,2025-10-05T06:05:16.272326055Z
BAYAU,Bayview Acquisition Corp Unit,stocks,us,XNAS,UNIT,True,usd,0001969475,BBG01K7N3468,BBG01K7N3510,2025-10-05T06:05:16.272326135Z
BApA,"The Boeing Company Depositary Shares, each representing a 1/20th interest in a share of 6.00% Series A Mandatory Convertible Preferred Stock, par value $1.00",stocks,us,XNYS,SP,True,usd,0000012927,,,2025-10-05T06:05:16.272326215Z
BB,BlackBerry Limited,stocks,us,XNYS,CS,True,usd,0001070235,BBG000CR90K4,BBG001S60618,2025-10-05T06:05:16.272326295Z
BBAG,JPMorgan BetaBuilders U.S. Aggregate Bond ETF,stocks,us,ARCX,ETF,True,usd,0001485894,BBG00MSHTGF0,BBG00MSHTH59,2025-10-05T06:05:16.272326375Z
BBAI,"BigBear.ai Holdings, Inc.",stocks,us,XNYS,CS,True,usd,0001836981,BBG00Z4HKRV4,BBG00Z4HKRY1,2025-10-05T06:05:16.272326455Z
BBAI.WS,"BigBear.ai Holdings, Inc. Redeemable warrants, each full warrant exercisable for one share of common stock at an exercise price of $11.50 per share",stocks,us,XNYS,WARRANT,True,usd,0001836981,BBG00ZVNPL58,,2025-10-05T06:05:16.272326656Z
BBAR,Banco BBVA Argentina S.A.,stocks,us,XNYS,ADRC,True,usd,0000913059,BBG000BLLR07,BBG001S62B15,2025-10-05T06:05:16.272326736Z
BBAX,JPMorgan BetaBuilders Developed Asia Pacific-ex Japan ETF,stocks,us,BATS,ETF,True,usd,0001485894,BBG00LN4D2G3,BBG00LN4D399,2025-10-05T06:05:16.272326926Z
BBB,ONEFUND Trust CYBER HORNET S&P 500 and Bitcoin 75/25 Strategy ETF75/25 Strategy ETF,stocks,us,XNAS,ETF,True,usd,,BBG01KS90D05,BBG01KS90DV1,2025-10-05T06:05:16.272327147Z
BBBI,BondBloxx BBB Rated 5-10 Year Corporate Bond ETF,stocks,us,ARCX,ETF,True,usd,,BBG01L55SHT6,BBG01L55SJN8,2025-10-05T06:05:16.272327227Z
BBBL,BondBloxx BBB Rated 10+ Year Corporate Bond ETF,stocks,us,ARCX,ETF,True,usd,,BBG01L53QR02,BBG01L53QRV8,2025-10-05T06:05:16.272327317Z
BBBS,BondBloxx BBB Rated 1-5 Year Corporate Bond ETF,stocks,us,ARCX,ETF,True,usd,,BBG01L53Z9K0,BBG01L53ZBF1,2025-10-05T06:05:16.272327397Z
BBBY,"Bed Bath & Beyond, Inc.",stocks,us,XNYS,CS,True,usd,0001130713,BBG000BF7BV7,BBG001S64TS5,2025-10-05T06:05:16.272327477Z
BBC,Virtus LifeSci Biotech Clinical Trials ETF,stocks,us,ARCX,ETF,True,usd,0001559109,BBG007QVCGG1,BBG007QVCGH0,2025-10-05T06:05:16.272327558Z
BBCA,JPMorgan BetaBuilders Canada ETF,stocks,us,BATS,ETF,True,usd,0001485894,BBG00LN4CVW2,BBG00LN4CWM1,2025-10-05T06:05:16.272327638Z
BBCB,JPMorgan BetaBuilders USD Investment Grade Corporate Bond ETF,stocks,us,ARCX,ETF,True,usd,0001485894,BBG00MSHT6G1,BBG00MSHT760,2025-10-05T06:05:16.272327728Z
BBCP,"Concrete Pumping Holdings, Inc. Common Stock",stocks,us,XNAS,CS,True,usd,0001703956,BBG00M8BB0W0,BBG00M8BB1P6,2025-10-05T06:05:16.272327808Z
BBD,Banco Bradesco S.A. American Depositary Shares (Each representing one Preferred Shares),stocks,us,XNYS,ADRC,True,usd,0001160330,BBG000BS6WW3,BBG001SF7657,2025-10-05T06:05:16.272327888Z
BBDC,"Barings BDC, Inc.",stocks,us,XNYS,CS,True,usd,0001379785,BBG000F54FK1,BBG001S9DQ05,2025-10-05T06:05:16.272328058Z
BBDO,"Banco Bradesco S.A. American Depositary Shares (Each representing one  Common Share, no par value)",stocks,us,XNYS,ADRC,True,usd,0001160330,BBG002QK59T6,BBG002QK5CB8,2025-10-05T06:05:16.272328139Z
BBEM,JPMorgan BetaBuilders Emerging Markets Equity ETF,stocks,us,BATS,ETF,True,usd,0001485894,BBG01FY5GRT8,BBG01FY5GSN2,2025-10-05T06:05:16.272328209Z
BBEU,JPMorgan BetaBuilders Europe ETF,stocks,us,BATS,ETF,True,usd,0001485894,BBG00L52KWW5,BBG00L52KXM4,2025-10-05T06:05:16.272328449Z
BBGI,Beasley Broadcasting Group Inc,stocks,us,XNAS,CS,True,usd,0001099160,BBG000CB07H7,BBG001SDTSJ5,2025-10-05T06:05:16.272328529Z
BBH,VanEck Biotech ETF,stocks,us,XNAS,ETF,True,usd,0001137360,BBG000C1FW33,BBG002DP3D21,2025-10-05T06:05:16.27232864Z
BBHY,JPMorgan BetaBuilders USD High Yield Corporate Bond ETF,stocks,us,BATS,ETF,True,usd,0001485894,BBG00DRLJ353,BBG00DRLJ399,2025-10-05T06:05:16.27232873Z
BBIB,JPMorgan BetaBuilders U.S. Treasury Bond 3-10 Year ETF,stocks,us,BATS,ETF,True,usd,0001485894,BBG01G1SB1M1,BBG01G26DD59,2025-10-05T06:05:16.27232883Z
BBIN,JPMorgan BetaBuilders International Equity ETF,stocks,us,BATS,ETF,True,usd,0001485894,BBG00QRCN8M9,BBG00QRCN9C8,2025-10-05T06:05:16.27232891Z
BBIO,"BridgeBio Pharma, Inc. Common Stock",stocks,us,XNAS,CS,True,usd,0001743881,BBG00P9KDZK6,BBG00P9KDZL5,2025-10-05T06:05:16.27232908Z
BBJP,JPMorgan BetaBuilders Japan ETF,stocks,us,BATS,ETF,True,usd,0001485894,BBG00L52MGS3,BBG00L52MHJ1,2025-10-05T06:05:16.272329161Z
BBLB,JPMorgan BetaBuilders U.S. Treasury Bond 20+ Year ETF,stocks,us,BATS,ETF,True,usd,0001485894,BBG01G1S4Q99,BBG01G1S4R42,2025-10-05T06:05:16.272329241Z
BBLG,Bone Biologics Corp Common Stock,stocks,us,XNAS,CS,True,usd,0001419554,BBG007GF2K51,BBG007GF2K79,2025-10-05T06:05:16.272329321Z
BBLGW,Bone Biologics Corp Warrants,stocks,us,XNAS,WARRANT,True,usd,0001419554,BBG012Y6Z4L3,,2025-10-05T06:05:16.272329401Z
BBLU,EA Bridgeway Blue Chip ETF,stocks,us,ARCX,ETF,True,usd,,BBG01B089DY1,BBG01B089FS3,2025-10-05T06:05:16.272329481Z
BBMC,JPMorgan BetaBuilders U.S. Mid Cap Equity ETF,stocks,us,ARCX,ETF,True,usd,0001485894,BBG00S7NJMQ3,BBG00S7NJNG2,2025-10-05T06:05:16.272329561Z
BBN,BlackRock Taxable Municipal Bond Trust,stocks,us,XNYS,FUND,True,usd,0001493683,BBG000BGFM15,BBG001T9DW47,2025-10-05T06:05:16.272329641Z
BBNX,"Beta Bionics, Inc. Common Stock",stocks,us,XNAS,CS,True,usd,0001674632,BBG00JNGG9Q2,BBG00JNGG9R1,2025-10-05T06:05:16.272329832Z
BBOT,"BridgeBio Oncology Therapeutics, Inc. Common Stock",stocks,us,XNAS,CS,True,usd,0001869105,BBG01L3GYF02,BBG01L3GYF11,2025-10-05T06:05:16.272329992Z
BBP,Virtus LifeSci Biotech Products ETF,stocks,us,ARCX,ETF,True,usd,0001559109,BBG007QVCC25,BBG007QVCC34,2025-10-05T06:05:16.272330343Z
BBRE,JPMorgan BetaBuilders MSCI U.S. REIT ETF,stocks,us,BATS,ETF,True,usd,0001485894,BBG00L53HBD4,BBG00L53HC42,2025-10-05T06:05:16.272330433Z
BBSB,JPMorgan BetaBuilders U.S. Treasury Bond 1-3 Year ETF,stocks,us,BATS,ETF,True,usd,0001485894,BBG01G1S8XD5,BBG01G1S8Y70,2025-10-05T06:05:16.272330573Z
BBSC,JPMorgan BetaBuilders U.S. Small Cap Equity ETF,stocks,us,ARCX,ETF,True,usd,0001485894,BBG00X0VP3B2,BBG00X0VP439,2025-10-05T06:05:16.272330653Z
BBSI,Barrett Business Services,stocks,us,XNAS,CS,True,usd,0000902791,BBG000BHJSC4,BBG001S7CX50,2025-10-05T06:05:16.272330734Z
BBT,Beacon Financial Corporation,stocks,us,XNYS,CS,True,usd,0001108134,BBG000BB00D7,BBG001S5PSK4,2025-10-05T06:05:16.272330814Z
BBU,Brookfield Business Partners L.P.Limited Partnership Units,stocks,us,XNYS,CS,True,usd,0001654795,,,2025-10-05T06:05:16.272330954Z
BBUC,Brookfield Business Corporation Class A Exchangeable Subordinate Voting Shares,stocks,us,XNYS,CS,True,usd,0001871130,BBG015MRS011,BBG015P1Z2Y7,2025-10-05T06:05:16.272331134Z
BBUS,JPMorgan BetaBuilders U.S. Equity ETF,stocks,us,BATS,ETF,True,usd,0001485894,BBG00NKWFB96,BBG00NKWFC12,2025-10-05T06:05:16.272331295Z
BBVA,"Banco Bilbao Vizcaya Argentaria, S.A.",stocks,us,XNYS,ADRC,True,usd,0000842180,BBG000BXD232,BBG001S5XP76,2025-10-05T06:05:16.272331385Z
BBW,"Build-A-Bear Workshop, Inc.",stocks,us,XNYS,CS,True,usd,0001113809,BBG000H8XPS1,BBG001SMC9T4,2025-10-05T06:05:16.272331465Z
BBWI,"Bath & Body Works, Inc.",stocks,us,XNYS,CS,True,usd,0000701985,BBG000BNGTQ7,BBG001S5SWL1,2025-10-05T06:05:16.272331585Z
BBY,"Best Buy Company, Inc.",stocks,us,XNYS,CS,True,usd,0000764478,BBG000BCWCG1,BBG001S5P285,2025-10-05T06:05:16.272331665Z
BC,Brunswick Corporation,stocks,us,XNYS,CS,True,usd,0000014930,BBG000BCWSS3,BBG001S5P294,2025-10-05T06:05:16.272331746Z
BCAB,"BioAtla, Inc. Common Stock",stocks,us,XNAS,CS,True,usd,0001826892,BBG00Y6GBT61,BBG00Y6GBV39,2025-10-05T06:05:16.272331826Z
BCAL,California BanCorp Common Stock,stocks,us,XNAS,CS,True,usd,0001795815,BBG000QJ8KD2,BBG001SMZ5M4,2025-10-05T06:05:16.272331906Z
BCAR,D. Boral ARC Acquisition I Corp. Class A Ordinary Shares,stocks,us,XNAS,CS,True,usd,0002065779,,,2025-10-05T06:05:16.272332206Z
BCARU,D. Boral ARC Acquisition I Corp. Units,stocks,us,XNAS,UNIT,True,usd,0002065779,,,2025-10-05T06:05:16.272332737Z
BCARW,D. Boral ARC Acquisition I Corp. Warrant,stocks,us,XNAS,WARRANT,True,usd,0002065779,,,2025-10-05T06:05:16.272332968Z
BCAT,BlackRock Capital Allocation Term Trust,stocks,us,XNYS,FUND,True,usd,0001809541,BBG00WRC2FN2,BBG00WRC2HF7,2025-10-05T06:05:16.272333158Z
BCAX,Bicara Therapeutics Inc. Common Stock,stocks,us,XNAS,CS,True,usd,0002023658,BBG00Z15DGK7,BBG00Z15DGL6,2025-10-05T06:05:16.272333339Z
BCBP,BCB Bancorp Inc (NJ),stocks,us,XNAS,CS,True,usd,0001228454,BBG000M7H7J5,BBG001SK9NQ4,2025-10-05T06:05:16.272333419Z
BCC,Boise Cascade Company,stocks,us,XNYS,CS,True,usd,0001328581,BBG000RQKCR4,BBG001SZX397,2025-10-05T06:05:16.272333539Z
BCCC,Global X Bitcoin Covered Call ETF,stocks,us,BATS,ETF,True,usd,,BBG01VCHMVT5,BBG01VCHMWZ6,2025-10-05T06:05:16.272333619Z
BCD,abrdn Bloomberg All Commodity Longer Dated Strategy K-1 Free ETF,stocks,us,ARCX,ETF,True,usd,,BBG00G9CGWP3,BBG00G9CGXD4,2025-10-05T06:05:16.272333739Z
BCDA,"BioCardia, Inc. Common Stock",stocks,us,XNAS,CS,True,usd,0000925741,BBG000BTJTF3,BBG001S72MS0,2025-10-05T06:05:16.2723339Z
BCDF,Horizon Kinetics Blockchain Development ETF,stocks,us,ARCX,ETF,True,usd,0001683471,BBG0191G6DC4,BBG0191G6FC9,2025-10-05T06:05:16.27233398Z
BCE,"BCE, Inc.",stocks,us,XNYS,CS,True,usd,0000718940,BBG000BCXNS3,BBG001S5P2C0,2025-10-05T06:05:16.27233406Z
BCG,"Binah Capital Group, Inc. Common Stock",stocks,us,XNAS,CS,True,usd,0001953984,BBG01G023166,BBG01G023175,2025-10-05T06:05:16.27233414Z
BCGWW,"Binah Capital Group, Inc. Warrants",stocks,us,XNAS,WARRANT,True,usd,0001953984,BBG01GY518Z7,,2025-10-05T06:05:16.27233422Z
BCH,Banco de ChileAmerican Depositary Shares (Each representing 200 shares of Common Stock),stocks,us,XNYS,ADRC,True,usd,0001161125,BBG000D5HVG9,BBG001SF8LP1,2025-10-05T06:05:16.2723343Z
BCHI,GMO Beyond China ETF,stocks,us,ARCX,ETF,True,usd,,BBG01S548VL3,BBG01S548WG7,2025-10-05T06:05:16.272334381Z
BCHP,Principal Focused Blue Chip ETF,stocks,us,BATS,ETF,True,usd,0001572661,BBG01H8T1L01,BBG01H8T1LV7,2025-10-05T06:05:16.272334511Z
BCI,abrdn Bloomberg All Commodity Strategy K-1 Free ETF,stocks,us,ARCX,ETF,True,usd,,BBG00G9CFD03,BBG00G9CFDS3,2025-10-05T06:05:16.272334631Z
BCIC,BCP Investment Corporation Common Stock,stocks,us,XNAS,CS,True,usd,0001372807,BBG000BMSWV3,BBG001SDR8W6,2025-10-05T06:05:16.272334721Z
BCIL,Bancreek International Large Cap ETF,stocks,us,ARCX,ETF,True,usd,0001547950,BBG01LYFDH45,BBG01LYFDHZ1,2025-10-05T06:05:16.272334902Z
BCIM,abrdn Bloomberg Industrial Metals Strategy K-1 Free ETF,stocks,us,ARCX,ETF,True,usd,,BBG012GMQ5R9,BBG012GMQ6L3,2025-10-05T06:05:16.272334982Z
BCKT,LifeX 2030 Income Bucket ETF,stocks,us,BATS,ETF,True,usd,,BBG01XHJ4B25,BBG01XHJ4BZ9,2025-10-05T06:05:16.272335062Z
BCLO,iShares BBB-B CLO Active ETF,stocks,us,XNAS,ETF,True,usd,0001804196,BBG01RZP7ZG3,BBG01RZP80D2,2025-10-05T06:05:16.272335142Z
BCML,BayCom Corp Common Stock,stocks,us,XNAS,CS,True,usd,0001730984,BBG00FWKRBS2,BBG00FWKRCJ0,2025-10-05T06:05:16.272335222Z
BCO,The Brink's Company,stocks,us,XNYS,CS,True,usd,0000078890,BBG000DR5QP5,BBG001S8PZK2,2025-10-05T06:05:16.272335312Z
BCOR,Grayscale Bitcoin Adopters ETF,stocks,us,ARCX,ETF,True,usd,0001068875,BBG01TQ373F0,BBG01TQ37495,2025-10-05T06:05:16.272335392Z
BCPC,Balchem Corporation,stocks,us,XNAS,CS,True,usd,0000009326,BBG000BCY878,BBG001S5P2R4,2025-10-05T06:05:16.272335483Z
BCRX,BioCryst Pharmaceuticals Inc,stocks,us,XNAS,CS,True,usd,0000882796,BBG000BLYWX6,BBG001S7K151,2025-10-05T06:05:16.272335693Z
BCS,Barclays PLC,stocks,us,XNYS,ADRC,True,usd,0000312069,BBG000BCZ341,BBG001S5P2T2,2025-10-05T06:05:16.272335773Z
BCSF,"Bain Capital Specialty Finance, Inc.",stocks,us,XNYS,CS,True,usd,0001655050,BBG00JDV0M15,BBG00JDV0M33,2025-10-05T06:05:16.272335853Z
BCSS.U,"Bain Capital GSS Investment Corp. Units, each consisting of one Class A Ordinary Share and one-fifth of one redeemable warrant",stocks,us,XNYS,UNIT,True,usd,0002064355,,,2025-10-05T06:05:16.272335933Z
BCTX,Briacell Therapeutics Corp. Common Shares,stocks,us,XNAS,CS,True,usd,0001610820,BBG0018783B6,BBG001SMHR46,2025-10-05T06:05:16.272336014Z
BCTXW,BriaCell Therapeutics Corp. Warrant,stocks,us,XNAS,WARRANT,True,usd,0001610820,BBG00ZF3B328,,2025-10-05T06:05:16.272336124Z
BCTXZ,BriaCell Therapeutics Corp. Warrant,stocks,us,XNAS,WARRANT,True,usd,0001610820,BBG01TNZDL47,,2025-10-05T06:05:16.272336204Z
BCUS,Bancreek U.S. Large Cap ETF,stocks,us,ARCX,ETF,True,usd,0001547950,BBG01KM4QLW1,BBG01KM4QMR5,2025-10-05T06:05:16.272336284Z
BCV,Bancroft Fund Ltd.,stocks,us,XASE,FUND,True,usd,0000009521,BBG000BB76H3,BBG001S5P2V9,2025-10-05T06:05:16.272336364Z
BCVpA,Bancroft Fund Ltd 5.375% Series A Cumulative Preferred Shares,stocks,us,XASE,PFD,True,usd,0000009521,,,2025-10-05T06:05:16.272336525Z
BCX,BLACKROCK RESOURCES & COMMODITIES STRATEGY TRUST,stocks,us,XNYS,FUND,True,usd,0001506289,BBG0019VQB06,BBG001TG5XN7,2025-10-05T06:05:16.272336595Z
BCYC,Bicycle Therapeutics plc American Depositary Shares,stocks,us,XNAS,ADRC,True,usd,0001761612,BBG00P0YWPK6,BBG00P0YWQ97,2025-10-05T06:05:16.272336695Z
BCpA,Brunswick Corporation 6.500% Senior Notes due 2048,stocks,us,XNYS,SP,True,usd,0000014930,,,2025-10-05T06:05:16.272336775Z
BCpC,Brunswick Corporation 6.375% Notes due 2049,stocks,us,XNYS,SP,True,usd,0000014930,,,2025-10-05T06:05:16.272336855Z
BDBT,Bluemonte Core Bond ETF,stocks,us,ARCX,ETF,True,usd,0001452937,BBG01VD0Y9P1,BBG01VD0YBM9,2025-10-05T06:05:16.272336935Z
BDC,Belden Inc.,stocks,us,XNYS,CS,True,usd,0000913142,BBG000Q4XNV1,BBG001SM6Z59,2025-10-05T06:05:16.272337016Z
BDCIU,BTC Development Corp. Unit,stocks,us,XNAS,UNIT,True,usd,0002042292,,,2025-10-05T06:05:16.272337096Z
BDCX,"ETRACS Quarterly Pay 1.5x Leveraged MarketVector BDC Liquid Index ETN due June 10, 2050",stocks,us,ARCX,ETN,True,usd,0001114446,BBG00V775ND8,BBG00V775P52,2025-10-05T06:05:16.272337186Z
BDCZ,"ETRACS MarketVector Business Development Companies Liquid Index ETN due April 26, 2041",stocks,us,ARCX,ETN,True,usd,0001114446,BBG00B59K6J4,BBG00B59K6H6,2025-10-05T06:05:16.272337266Z
BDEC,Innovator U.S. Equity Buffer ETF - December,stocks,us,BATS,ETF,True,usd,0001415726,BBG00QYNBZ22,BBG00QYNBZV0,2025-10-05T06:05:16.272337346Z
BDGS,Bridges Capital Tactical ETF,stocks,us,XNAS,ETF,True,usd,,BBG01GKHKY33,BBG01GKHKYY9,2025-10-05T06:05:16.272337426Z
BDIV,AAM Brentview Dividend Growth ETF,stocks,us,ARCX,ETF,True,usd,0001539639,BBG01P17DWD7,BBG01P17DXJ9,2025-10-05T06:05:16.272337637Z
BDJ,BlackRock Enhanced Equity Dividend Trust,stocks,us,XNYS,FUND,True,usd,0001332283,BBG000BZQ7P8,BBG001SK5462,2025-10-05T06:05:16.272337717Z
BDL,Flanigan's Enterprises Inc,stocks,us,XASE,CS,True,usd,0000012040,BBG000BCZHJ4,BBG001S5P347,2025-10-05T06:05:16.272337817Z
BDMD,Baird Medical Investment Holdings Ltd Ordinary Share,stocks,us,XNAS,CS,True,usd,0001982444,,,2025-10-05T06:05:16.272337897Z
BDMDW,Baird Medical Investment Holdings Ltd Warrant,stocks,us,XNAS,WARRANT,True,usd,0001982444,,,2025-10-05T06:05:16.272337977Z
BDN,Brandywine Realty Trust,stocks,us,XNYS,CS,True,usd,0000790816,BBG000CL6RJ3,BBG001S6YGF4,2025-10-05T06:05:16.272338068Z
BDRX,Biodexa Pharmaceuticals plc American Depositary Shs,stocks,us,XNAS,ADRC,True,usd,0001643918,BBG00BLVW2R4,BBG00BLVW3G4,2025-10-05T06:05:16.272338218Z
BDRY,Breakwave Dry Bulk Shipping ETF,stocks,us,ARCX,ETV,True,usd,0001610940,BBG00KDXJCX5,BBG00KDXJDM5,2025-10-05T06:05:16.272338298Z
BDSX,"Biodesix, Inc. Common Stock",stocks,us,XNAS,CS,True,usd,0001439725,BBG001J2LMV6,BBG001V0G914,2025-10-05T06:05:16.272338378Z
BDTX,"Black Diamond Therapeutics, Inc. Common Stock",stocks,us,XNAS,CS,True,usd,0001701541,BBG00MS4Y0W9,BBG00MS4Y0X8,2025-10-05T06:05:16.272338468Z
BDVG,IMGP Berkshire Dividend Growth ETF,stocks,us,ARCX,ETF,True,usd,0001020425,BBG01H8T9X70,BBG01H8T9Y50,2025-10-05T06:05:16.272338569Z
BDVL,iShares Disciplined Volatility Equity Active ETF,stocks,us,XNAS,ETF,True,usd,0001761055,BBG01X70V6B8,BBG01X70V7D4,2025-10-05T06:05:16.272338679Z
BDX,"Becton, Dickinson and Co.",stocks,us,XNYS,CS,True,usd,0000010795,BBG000BCZYD3,BBG001S5P374,2025-10-05T06:05:16.272338759Z
BDYN,iShares Dynamic Equity Active ETF,stocks,us,XNAS,ETF,True,usd,0001761055,BBG01X70TSM1,BBG01X70TTQ5,2025-10-05T06:05:16.272338839Z
BE,Bloom Energy Corporation,stocks,us,XNYS,CS,True,usd,0001664703,BBG000N7KBZ3,BBG001T53509,2025-10-05T06:05:16.272338929Z
BEAG,Bold Eagle Acquisition Corp. Class A Ordinary Shares,stocks,us,XNAS,CS,True,usd,0001852207,,,2025-10-05T06:05:16.27233909Z
BEAGR,Bold Eagle Acquisition Corp. Right,stocks,us,XNAS,RIGHT,True,usd,0001852207,,,2025-10-05T06:05:16.27233929Z
BEAGU,Bold Eagle Acquisition Corp. Units,stocks,us,XNAS,UNIT,True,usd,0001852207,,,2025-10-05T06:05:16.27233938Z
BEAM,Beam Therapeutics Inc. Common Stock,stocks,us,XNAS,CS,True,usd,0001745999,BBG00KXC8646,BBG00KXC8655,2025-10-05T06:05:16.27233949Z
BEAT,"Heartbeam, Inc. Common Stock",stocks,us,XNAS,CS,True,usd,0001779372,BBG012F6HZX2,BBG012F6HZY1,2025-10-05T06:05:16.27233957Z
BEATW,"Heartbeam, Inc. Warrant",stocks,us,XNAS,WARRANT,True,usd,0001779372,BBG012XPRXX4,,2025-10-05T06:05:16.272339651Z
BEDU,"Bright Scholar Education Holdings Limited American Depositary Shares, each representing four (4) Class A Ordinary Shares",stocks,us,XNYS,ADRC,True,usd,0001696355,BBG00GGXGNN1,BBG00GGXGNP9,2025-10-05T06:05:16.272339731Z
BEDZ,AdvisorShares Hotel ETF,stocks,us,ARCX,ETF,True,usd,0001408970,BBG0106XYDN8,BBG0106XYFH0,2025-10-05T06:05:16.272339811Z
BEEM,Beam Global Common Stock,stocks,us,XNAS,CS,True,usd,0001398805,BBG000BBJG06,BBG001S7JC04,2025-10-05T06:05:16.272339901Z
BEEP,Mobile Infrastructure Corporation Common Stock,stocks,us,XNAS,CS,True,usd,0001847874,BBG0104PDLN2,BBG0104PDMH7,2025-10-05T06:05:16.272340051Z
BEEX,The Beehive ETF,stocks,us,XNAS,ETF,True,usd,0001722388,BBG01R71KKD8,BBG01R71KLC7,2025-10-05T06:05:16.272340212Z
BEEZ,Honeytree U.S. Equity ETF,stocks,us,XNAS,ETF,True,usd,,BBG01K0VKY08,BBG01K0VKYW3,2025-10-05T06:05:16.272340502Z
BEGS,Rareview 2x Bull Cryptocurrency & Precious Metals ETF,stocks,us,BATS,ETF,True,usd,,BBG01S57TS58,BBG01S57TT47,2025-10-05T06:05:16.272340582Z
BEKE,KE Holdings Inc. American Depositary Shares (each representing three Class A Ordinary Shares),stocks,us,XNYS,ADRC,True,usd,0001809587,BBG00W9L9LX1,BBG00W9L9N03,2025-10-05T06:05:16.272340663Z
BELFA,Bel Fuse Inc,stocks,us,XNAS,CS,True,usd,0000729580,BBG000C28YR9,BBG001S6BRZ3,2025-10-05T06:05:16.272340743Z
BELFB,Bel Fuse Inc,stocks,us,XNAS,CS,True,usd,0000729580,BBG000DYGCS6,BBG001S93K81,2025-10-05T06:05:16.272340823Z
BELT,BlackRock ETF Trust iShares U.S. Select Equity Active ETF,stocks,us,XNAS,ETF,True,usd,0001761055,BBG01NC45LW9,BBG01NC45MS2,2025-10-05T06:05:16.272340903Z
BEMB,iShares J.P. Morgan Broad USD Emerging Markets Bond ETF,stocks,us,BATS,ETF,True,usd,0001100663,BBG01F749Y32,BBG01F749YY8,2025-10-05T06:05:16.272341123Z
BEN,"Franklin Resources, Inc.",stocks,us,XNYS,CS,True,usd,0000038777,BBG000BD0TF8,BBG001S5P3W6,2025-10-05T06:05:16.272341274Z
BENF,Beneficient Class A Common Stock,stocks,us,XNAS,CS,True,usd,0001775734,BBG00KFV0B41,BBG00KFV0B50,2025-10-05T06:05:16.272341384Z
BENFW,Beneficient Warrant,stocks,us,XNAS,WARRANT,True,usd,0001775734,BBG01FVBG8K9,,2025-10-05T06:05:16.272341464Z
BENJ,Horizon Landmark ETF,stocks,us,ARCX,ETF,True,usd,,BBG01RXYQ4R2,BBG01RXYQ6C3,2025-10-05T06:05:16.272341544Z
BEP,Brookfield Renewable Partners L.P.,stocks,us,XNYS,CS,True,usd,0001533232,,,2025-10-05T06:05:16.272341624Z
BEPC,Brookfield Renewable Corporation Class A Exchangeable Subordinate Voting Shares,stocks,us,XNYS,CS,True,usd,0001791863,BBG01RJ2V7B2,BBG01RJ2Q8X2,2025-10-05T06:05:16.272341705Z
BEPH,Brookfield BRP Holdings (Canada) Inc. 4.625% Perpetual Subordinated Notes,stocks,us,XNYS,SP,True,usd,0001533232,,,2025-10-05T06:05:16.272341785Z
BEPI,Brookfield BRP Holdings (Canada) Inc. 4.875% Perpetual Subordinated Notes,stocks,us,XNYS,SP,True,usd,0001533232,,,2025-10-05T06:05:16.272341865Z
BEPJ,Brookfield BRP Holdings (Canada) Inc. 7.250% Perpetual Subordinated Notes,stocks,us,XNYS,SP,True,usd,0001533232,,,2025-10-05T06:05:16.272342095Z
BEPpA,"Brookfield Renewable Partners L.P. 5.25% Class A Preferred Limited Partnership Units, Series 17",stocks,us,XNYS,PFD,True,usd,0001533232,,,2025-10-05T06:05:16.272342286Z
BERZ,MicroSectors FANG & Innovation -3x Inverse Leveraged ETN,stocks,us,ARCX,ETN,True,usd,0000927971,BBG0123138B5,BBG012313969,2025-10-05T06:05:16.272342366Z
BESF,Bastion Energy ETF,stocks,us,BATS,ETF,True,usd,,BBG01V8RP111,BBG01V8RP246,2025-10-05T06:05:16.272342446Z
BETE,ProShares Bitcoin & Ether Equal Weight ETF,stocks,us,ARCX,ETF,True,usd,,BBG01JLGN2B6,BBG01JLGN351,2025-10-05T06:05:16.272342526Z
BETH,ProShares Bitcoin & Ether Market Cap Weight ETF,stocks,us,ARCX,ETF,True,usd,,BBG01JLGNB44,BBG01JLGNC06,2025-10-05T06:05:16.272342606Z
BETR,Better Home & Finance Holding Company Class A Common Stock,stocks,us,XNAS,CS,True,usd,0001835856,BBG0103VG6N0,BBG0103VG6P8,2025-10-05T06:05:16.272342686Z
BETRW,Better Home & Finance Holding Company Warrant,stocks,us,XNAS,WARRANT,True,usd,0001835856,BBG010B6T055,,2025-10-05T06:05:16.272342767Z
BETZ,Roundhill Sports Betting & iGaming ETF,stocks,us,ARCX,ETF,True,usd,0001776878,BBG00V7866V2,BBG00V7867P7,2025-10-05T06:05:16.272342847Z
BF.A,Brown-Forman Corporation Class A,stocks,us,XNYS,CS,True,usd,0000014693,BBG000BD2C18,BBG001S5P4G2,2025-10-05T06:05:16.272342937Z
BF.B,Brown-Forman Corporation Class B,stocks,us,XNYS,CS,True,usd,0000014693,BBG000BD2NY8,BBG001S5P4H1,2025-10-05T06:05:16.272343107Z
BFAM,BRIGHT HORIZONS FAMILY SOLUTIONS INC.,stocks,us,XNYS,CS,True,usd,0001437578,BBG003LFWP05,BBG003LFWPT4,2025-10-05T06:05:16.272343187Z
BFAP,FT Vest Bitcoin Strategy Floor15 ETF - April,stocks,us,ARCX,ETF,True,usd,0001329377,BBG01T3YN2T6,BBG01T3YN3R6,2025-10-05T06:05:16.272343267Z
BFC,Bank First Corporation Common Stock,stocks,us,XNAS,CS,True,usd,0001746109,BBG000BG27V9,BBG001S79DP6,2025-10-05T06:05:16.272343348Z
BFEB,Innovator U.S. Equity Buffer ETF - February,stocks,us,BATS,ETF,True,usd,0001482688,BBG00RHZ11C7,BBG00RHZ1235,2025-10-05T06:05:16.272343428Z
BFH,"Bread Financial Holdings, Inc.",stocks,us,XNYS,CS,True,usd,0001101215,BBG000BFNR17,BBG001S78Z50,2025-10-05T06:05:16.272343508Z
BFIN,BankFinancial Corporation,stocks,us,XNAS,CS,True,usd,0001303942,BBG000BCD4H9,BBG001S69N21,2025-10-05T06:05:16.272343588Z
BFIX,Build Bond Innovation ETF,stocks,us,ARCX,ETF,True,usd,,BBG01462WN94,BBG01462WP99,2025-10-05T06:05:16.272343678Z
BFJL,FT Vest Bitcoin Strategy Floor15 ETF - July,stocks,us,ARCX,ETF,True,usd,0001125816,BBG01VRRV3L7,BBG01VRRV4Y1,2025-10-05T06:05:16.272343758Z
BFK,BlackRock Municipal Income Trust,stocks,us,XNYS,FUND,True,usd,0001137393,BBG000BZGJ91,BBG001SFL2F9,2025-10-05T06:05:16.272343839Z
BFLY,"Butterfly Network, Inc.",stocks,us,XNYS,CS,True,usd,0001804176,BBG00TN65975,BBG00TN65984,2025-10-05T06:05:16.272343919Z
BFLY.WS,"Butterfly Network, Inc. Redeemable Warrants, each whole warrant exercisable for one share of Class A common stock, each at an exercise price of $11.50 per share",stocks,us,XNYS,WARRANT,True,usd,0001804176,BBG00VXZJCF4,,2025-10-05T06:05:16.272343999Z
BFOC,FT Vest Bitcoin Strategy Floor15 ETF - October,stocks,us,ARCX,ETF,True,usd,0001329377,BBG01XK3K898,BBG01XK3K969,2025-10-05T06:05:16.272344079Z
BFOR,Barron's 400 ETF,stocks,us,ARCX,ETF,True,usd,0001414040,BBG004N1S4Q6,BBG004N1S5G4,2025-10-05T06:05:16.272344279Z
BFRE,Westwood LBRTY Global Equity ETF,stocks,us,ARCX,ETF,True,usd,,BBG01SX4YJH5,BBG01SX4YKM6,2025-10-05T06:05:16.27234436Z
BFRG,"Bullfrog AI Holdings, Inc. Common Stock",stocks,us,XNAS,CS,True,usd,0001829247,BBG01BXY7SH6,BBG01BXY7TD8,2025-10-05T06:05:16.27234448Z
BFRGW,"Bullfrog AI Holdings, Inc. Warrants",stocks,us,XNAS,WARRANT,True,usd,0001829247,BBG01CD99CS2,,2025-10-05T06:05:16.27234456Z
BFRI,Biofrontera Inc. Common Stock,stocks,us,XNAS,CS,True,usd,0001858685,BBG00HTD0PX0,BBG00HTD0PY9,2025-10-05T06:05:16.27234464Z
BFRIW,Biofrontera Inc. Warrants,stocks,us,XNAS,WARRANT,True,usd,0001858685,BBG013841CP0,,2025-10-05T06:05:16.27234478Z
BFRZ,Innovator Equity Managed 100 Buffer ETF,stocks,us,ARCX,ETF,True,usd,0001415726,BBG01TW7DK05,BBG01TW7DKV1,2025-10-05T06:05:16.272344861Z
BFS,"Saul Centers, Inc.",stocks,us,XNYS,CS,True,usd,0000907254,BBG000BJ5G95,BBG001S7F7J9,2025-10-05T06:05:16.272344941Z
BFST,"Business First Bancshares, Inc. Common Stock",stocks,us,XNAS,CS,True,usd,0001624322,BBG000TGZHS6,BBG001T056Q8,2025-10-05T06:05:16.272345031Z
BFSpD,"Saul Centers, Inc. Depositary Shares, each representing 1/100th of a share of 6.125% Series D Cumulative Redeemable Preferred Stock",stocks,us,XNYS,PFD,True,usd,0000907254,,,2025-10-05T06:05:16.272345111Z
BFSpE,"Saul Centers, Inc. Depositary Shares, each representing 1/100th of a share of 6.000% Series E Cumulative Redeemable Preferred Stock",stocks,us,XNYS,PFD,True,usd,0000907254,,,2025-10-05T06:05:16.272345201Z
BFZ,BLACKROCK CA MUNICIPAL INC TR,stocks,us,XNYS,FUND,True,usd,0001137391,BBG000BB9W75,BBG001S5WLM9,2025-10-05T06:05:16.272345281Z
BG,Bunge Global SA,stocks,us,XNYS,CS,True,usd,0001996862,,,2025-10-05T06:05:16.272345361Z
BGB,Blackstone Strategic Credit 2027 Term Fund,stocks,us,XNYS,FUND,True,usd,0001546429,BBG002W5R785,BBG002W5R801,2025-10-05T06:05:16.272345442Z
BGC,"BGC Group, Inc. Class A Common Stock",stocks,us,XNAS,CS,True,usd,0001094831,BBG01H9FTGX5,BBG01H9FTHS9,2025-10-05T06:05:16.272345592Z
BGDV,Bahl & Gaynor Dividend ETF,stocks,us,ARCX,ETF,True,usd,,BBG01R77QK76,BBG01R77QL56,2025-10-05T06:05:16.272345762Z
BGH,Barings Global Short Duration High Yield Fund,stocks,us,XNYS,FUND,True,usd,0001521404,BBG0034WH483,BBG0034WH517,2025-10-05T06:05:16.272345953Z
BGI,Birks Group Inc,stocks,us,XASE,CS,True,usd,0001179821,BBG000BCPBN3,BBG001S6PN78,2025-10-05T06:05:16.272346383Z
BGIG,Bahl & Gaynor Income Growth ETF,stocks,us,ARCX,ETF,True,usd,0001539639,BBG01J9TNBB2,BBG01J9TNC66,2025-10-05T06:05:16.272346464Z
BGL,Blue Gold Limited Class A Ordinary Shares,stocks,us,XNAS,CS,True,usd,0002019435,,,2025-10-05T06:05:16.272346554Z
BGLC,BioNexus Gene Lab Corp Common stock,stocks,us,XNAS,CS,True,usd,0001737523,BBG00N70PLY0,BBG00N70PLZ9,2025-10-05T06:05:16.272346634Z
BGLD,FT Vest Gold Strategy Quarterly Buffer ETF,stocks,us,BATS,ETF,True,usd,0001329377,BBG00YXMR9N6,BBG00YXMRBJ6,2025-10-05T06:05:16.272346714Z
BGLWW,Blue Gold Limited Warrant,stocks,us,XNAS,WARRANT,True,usd,0002019435,,,2025-10-05T06:05:16.272346804Z
BGM,BGM Group Ltd. Class A Ordinary Shares,stocks,us,XNAS,CS,True,usd,0001779578,,,2025-10-05T06:05:16.272346934Z
BGMS,"Bio Green Med Solution, Inc. Common Stock",stocks,us,XNAS,CS,True,usd,0001130166,BBG000CT3XM2,BBG001SGNL18,2025-10-05T06:05:16.272347065Z
BGMSP,"Bio Green Med Solution, Inc. 6% Convertible Preferred Stock",stocks,us,XNAS,PFD,True,usd,0001130166,,,2025-10-05T06:05:16.272347145Z
BGR,Blackrock Energy and Resources Trust,stocks,us,XNYS,FUND,True,usd,0001306550,BBG000QD1Q85,BBG001SMMW12,2025-10-05T06:05:16.272347225Z
BGRN,iShares Trust iShares USD Green Bond ETF,stocks,us,XNAS,ETF,True,usd,0001100663,BBG00MK1NPJ5,BBG00MK1NQ85,2025-10-05T06:05:16.272347305Z
BGRO,BlackRock ETF Trust iShares Large Cap Growth Active ETF,stocks,us,XNAS,ETF,True,usd,0001761055,BBG01N4ZX8Z4,BBG01N4ZX9W5,2025-10-05T06:05:16.272347385Z
BGS,"B&G Foods, Inc.",stocks,us,XNYS,CS,True,usd,0001278027,BBG000RKXRQ1,BBG001SQD861,2025-10-05T06:05:16.272347465Z
BGSF,"BGSF, Inc.",stocks,us,XNYS,CS,True,usd,0001474903,BBG005DLS9N2,BBG005DLS9P0,2025-10-05T06:05:16.272347546Z
BGT,BlackRock Floating Rate Income Trust,stocks,us,XNYS,FUND,True,usd,0001287480,BBG000BWND57,BBG001SCPXR1,2025-10-05T06:05:16.272347776Z
BGX,Blackstone Long-Short Credit Income Fund,stocks,us,XNYS,FUND,True,usd,0001504234,BBG001855699,BBG001TCJG67,2025-10-05T06:05:16.272347856Z
BGY,BlackRock Enhanced International Dividend Trust,stocks,us,XNYS,FUND,True,usd,0001393299,BBG000QY41Y2,BBG001SSV2L3,2025-10-05T06:05:16.272348367Z
BH,Biglari Holdings Inc. Class B Common Stock,stocks,us,XNYS,CS,True,usd,0001726173,BBG00JPRDQH1,BBG00JPRDQJ9,2025-10-05T06:05:16.272348447Z
BH.A,Biglari Holdings Inc. Class A Common Stock,stocks,us,XNYS,CS,True,usd,0001726173,BBG00KK2W379,BBG00KK2W3Y9,2025-10-05T06:05:16.272348528Z
BHAT,Blue Hat Interactive Entertainment Technology Ordinary Shares,stocks,us,XNAS,CS,True,usd,0001759136,,,2025-10-05T06:05:16.272348608Z
BHB,Bar Harbor Bankshares,stocks,us,XASE,CS,True,usd,0000743367,BBG000JKM045,BBG001SB8Q79,2025-10-05T06:05:16.272348728Z
BHC,Bausch Health Companies Inc,stocks,us,XNYS,CS,True,usd,0000885590,BBG000DLFM21,BBG001S7WDP0,2025-10-05T06:05:16.272348808Z
BHE,Benchmark Electronics,stocks,us,XNYS,CS,True,usd,0000863436,BBG000C4JX31,BBG001S6LXL4,2025-10-05T06:05:16.272348888Z
BHF,"Brighthouse Financial, Inc.",stocks,us,XNAS,CS,True,usd,0001685040,BBG00DYPZ4T0,BBG00DYPZ4V7,2025-10-05T06:05:16.272348978Z
BHFAL,"Brighthouse Financial, Inc. 6.25% Junior Subordinated Debentures due 2058",stocks,us,XNAS,CS,True,usd,0001685040,,,2025-10-05T06:05:16.272349129Z
BHFAM,"Brighthouse Financial, Inc. Depositary shares each representing a 1/1,000th Interest in a Share of 4.625% Non-Cumulative Preferred Stock, Series D",stocks,us,XNAS,CS,True,usd,0001685040,,,2025-10-05T06:05:16.272349209Z
BHFAN,"Brighthouse Financial, Inc. Depositary shares, each representing a 1/1,000th interest in a share of 5.375% Non-Cumulative Preferred Stock, Series C",stocks,us,XNAS,CS,True,usd,0001685040,,,2025-10-05T06:05:16.272349289Z
BHFAO,"Brighthouse Financial, Inc. Depositary Shares 6.75% Non-Cum Pfd Series B",stocks,us,XNAS,CS,True,usd,0001685040,,,2025-10-05T06:05:16.272349369Z
BHFAP,"Brighthouse Financial, Inc. Depositary Shares 6.6% Non-Cumulative Preferred Stock, Series A",stocks,us,XNAS,PFD,True,usd,0001685040,,,2025-10-05T06:05:16.272349449Z
BHK,BLACKROCK CORE BD TR,stocks,us,XNYS,FUND,True,usd,0001160864,BBG000C09693,BBG001SFNB21,2025-10-05T06:05:16.272349529Z
BHM,"Bluerock Homes Trust, Inc.",stocks,us,XASE,CS,True,usd,0001903382,BBG0146YWXC8,BBG0146YWXD7,2025-10-05T06:05:16.27234972Z
BHP,BHP Group Limited American Depositary Shares (Each representing two Ordinary Shares),stocks,us,XNYS,ADRC,True,usd,0000811809,BBG000BD5NZ4,BBG001S5P5K4,2025-10-05T06:05:16.2723498Z
BHR,Braemar Hotels & Resorts Inc. Common Stock,stocks,us,XNYS,CS,True,usd,0001574085,BBG004PW84G9,BBG004PW8567,2025-10-05T06:05:16.27235001Z
BHRB,Burke & Herbert Financial Services Corp. Common Stock,stocks,us,XNAS,CS,True,usd,0001964333,BBG019X33P07,BBG019X33P61,2025-10-05T06:05:16.272350191Z
BHRpB,Braemar Hotels & Resorts Inc. 5.50% Series B Cumulative Convertible Preferred Stock,stocks,us,XNYS,PFD,True,usd,0001574085,,,2025-10-05T06:05:16.272350381Z
BHRpD,"Braemar Hotels & Resorts Inc. 8.25% Series D Cumulative Preferred Stock, par value $0.01 per share",stocks,us,XNYS,PFD,True,usd,0001574085,,,2025-10-05T06:05:16.272350471Z
BHST,BioHarvest Sciences Inc. Common Stock,stocks,us,XNAS,CS,True,usd,0001723464,BBG00NB02NZ5,BBG0086KQ0S2,2025-10-05T06:05:16.272350551Z
BHV,BlackRock Virginia Muni Bond Trust,stocks,us,XNYS,FUND,True,usd,0001169034,BBG000DXJJH2,BBG001SKCDT9,2025-10-05T06:05:16.272350632Z
BHVN,Biohaven Ltd.,stocks,us,XNYS,CS,True,usd,0001935979,,,2025-10-05T06:05:16.272350722Z
BHYB,Xtrackers USD High Yield BB-B ex Financials ETF,stocks,us,BATS,ETF,True,usd,,BBG01JTRL253,BBG01JTRLM68,2025-10-05T06:05:16.272350802Z
BIAF,"bioAffinity Technologies, Inc. Common Stock",stocks,us,XNAS,CS,True,usd,0001712762,BBG00H69JDX1,BBG00H69JDY0,2025-10-05T06:05:16.272350882Z
BIAFW,"bioAffinity Technologies, Inc. Warrant",stocks,us,XNAS,WARRANT,True,usd,0001712762,BBG018DZJPN8,,2025-10-05T06:05:16.272350972Z
BIB,ProShares Ultra NASDAQ Biotechnology,stocks,us,XNAS,ETF,True,usd,0001174610,BBG000QMBZX6,BBG001T7V4Q9,2025-10-05T06:05:16.272351122Z
BIBL,Inspire 100 ETF,stocks,us,ARCX,ETF,True,usd,0001733356,BBG00J3H9QW5,BBG00J3H9RL5,2025-10-05T06:05:16.272351303Z
BIDD,iShares International Dividend Active ETF,stocks,us,ARCX,ETF,True,usd,0001761055,BBG01QVVCQY0,BBG01QVVCRV1,2025-10-05T06:05:16.272351383Z
BIDU,"Baidu, Inc.",stocks,us,XNAS,ADRC,True,usd,0001329099,BBG000QXWHD1,BBG001SNBKD5,2025-10-05T06:05:16.272351463Z
BIGY,YieldMax Target 12 Big 50 Option Income ETF,stocks,us,ARCX,ETF,True,usd,,BBG01QRKG3V9,BBG01QRKG4Q3,2025-10-05T06:05:16.272351694Z
BIIB,Biogen Inc. Common Stock,stocks,us,XNAS,CS,True,usd,0000875045,BBG000C17X76,BBG001S67826,2025-10-05T06:05:16.272351794Z
BIL,SPDR Bloomberg 1-3 Month T-Bill ETF,stocks,us,ARCX,ETF,True,usd,0001081019,BBG000RFQSH8,BBG001STKCW9,2025-10-05T06:05:16.272351884Z
BILD,Macquarie Global Listed Infrastructure ETF,stocks,us,ARCX,ETF,True,usd,0001969995,BBG01KBR85T1,BBG01KBR86N5,2025-10-05T06:05:16.272351964Z
BILI,Bilibili Inc. American Depositary Shares,stocks,us,XNAS,ADRC,True,usd,0001723690,BBG00K7T3037,BBG00K7T30T9,2025-10-05T06:05:16.272352044Z
BILL,"BILL Holdings, Inc.",stocks,us,XNYS,CS,True,usd,0001786352,BBG00QVJV6V4,BBG00QVJV7L3,2025-10-05T06:05:16.272352235Z
BILS,SPDR Bloomberg 3-12 Month T-Bill ETF,stocks,us,ARCX,ETF,True,usd,0001081019,BBG00X8RXFQ1,BBG00X8RXGK5,2025-10-05T06:05:16.272352425Z
BILT,iShares Infrastructure Active ETF,stocks,us,BATS,ETF,True,usd,0001761055,BBG01W9TSW68,BBG01W9TSX57,2025-10-05T06:05:16.272352505Z
BILZ,PIMCO Ultra Short Government Active ETF,stocks,us,ARCX,ETF,True,usd,0001450011,BBG01GZF4L55,BBG01GZF4M26,2025-10-05T06:05:16.272352585Z
BINC,iShares Flexible Income Active ETF,stocks,us,ARCX,ETF,True,usd,0001804196,BBG01GQYLJ23,BBG01GQYLJY8,2025-10-05T06:05:16.272352665Z
BINI,"Bollinger Innovations, Inc. Common Stock",stocks,us,XNAS,CS,True,usd,0001499961,BBG003GMH2G7,BBG003GMH366,2025-10-05T06:05:16.272352746Z
BINT,Bluemonte Global Equity ETF,stocks,us,ARCX,ETF,True,usd,0001452937,BBG01VD0TS93,BBG01VD0TTS0,2025-10-05T06:05:16.272352826Z
BINV,Brandes International ETF,stocks,us,BATS,ETF,True,usd,0001616265,BBG01JM52LJ2,BBG01JM52MM6,2025-10-05T06:05:16.272352906Z
BIO,"Bio-Rad Laboratories, Inc.Class A",stocks,us,XNYS,CS,True,usd,0000012208,BBG000DY28W5,BBG001S625W4,2025-10-05T06:05:16.272352996Z
BIO.B,"Bio-Rad Laboratories, Inc. Class B",stocks,us,XNYS,CS,True,usd,0000012208,BBG000BD6WM7,BBG001S5P622,2025-10-05T06:05:16.272353136Z
BIOA,"BioAge Labs, Inc. Common Stock",stocks,us,XNAS,CS,True,usd,0001709941,BBG00HBTB0M9,BBG00HBTB0N8,2025-10-05T06:05:16.272353307Z
BIOX,Bioceres Crop Solutions Corp. Ordinary Shares,stocks,us,XNAS,CS,True,usd,0001769484,,,2025-10-05T06:05:16.272353517Z
BIP,Brookfield Infrastructure Partners L.P. Limited Partnership Units,stocks,us,XNYS,CS,True,usd,0001406234,,,2025-10-05T06:05:16.272353597Z
BIPC,Brookfield Infrastructure Corporation Class A Exchangeable Subordinate Voting Shares,stocks,us,XNYS,CS,True,usd,0001788348,BBG01RJ2W204,BBG01RJ2TXY3,2025-10-05T06:05:16.272353727Z
BIPH,Brookfield Infrastructure Finance ULC 5.000% Subordinated Notes due 2081,stocks,us,XNYS,SP,True,usd,0001406234,,,2025-10-05T06:05:16.272353808Z
BIPI,BIP Bermuda Holdings I Limited 5.125% Perpetual Subordinated Notes,stocks,us,XNYS,SP,True,usd,0001406234,,,2025-10-05T06:05:16.272354208Z
BIPJ,Brookfield Infrastructure Finance ULC 7.250% Subordinated Notes due 2084,stocks,us,XNYS,SP,True,usd,0001406234,,,2025-10-05T06:05:16.272354289Z
BIPpA,"Brookfield Infrastructure Partners L.P. 5.125% Class A Preferred Limited Partnership Units, Series 13",stocks,us,XNYS,PFD,True,usd,0001406234,,,2025-10-05T06:05:16.272354379Z
BIPpB,"Brookfield Infrastructure Partners L.P. 5.000% Class A Preferred Limited Partnership Units, Series 14",stocks,us,XNYS,PFD,True,usd,0001406234,,,2025-10-05T06:05:16.272354539Z
BIRD,"Allbirds, Inc. Class A Common Stock",stocks,us,XNAS,CS,True,usd,0001653909,BBG00CCNTK76,BBG00CCNTK94,2025-10-05T06:05:16.272354709Z
BIRK,Birkenstock Holding plc,stocks,us,XNYS,CS,True,usd,0001977102,,,2025-10-05T06:05:16.272354789Z
BIS,ProShares UltraShort NASDAQ Biotechnology,stocks,us,XNAS,ETF,True,usd,0001174610,BBG000QMCF87,BBG001T7V4S7,2025-10-05T06:05:16.27235487Z
BIT,BLACKROCK MULTI-SECTOR INCOME TRUST,stocks,us,XNYS,FUND,True,usd,0001562818,BBG003P84BH1,BBG003P84C70,2025-10-05T06:05:16.27235495Z
BITB,Bitwise Bitcoin ETF,stocks,us,ARCX,ETV,True,usd,0001763415,BBG01KY66LW5,BBG01KY66MQ0,2025-10-05T06:05:16.27235503Z
BITC,Bitwise Trendwise Bitcoin and Treasuries Rotation Strategy ETF,stocks,us,ARCX,ETF,True,usd,,BBG01FZQP5S0,BBG01FZQP6S8,2025-10-05T06:05:16.27235512Z
BITF,Bitfarms Ltd. Common Stock,stocks,us,XNAS,CS,True,usd,0001812477,BBG00PZTS4J3,BBG00PGMZVM7,2025-10-05T06:05:16.2723552Z
BITI,ProShares Short Bitcoin ETF,stocks,us,ARCX,ETF,True,usd,0001174610,BBG018C3QG43,BBG018C3QH78,2025-10-05T06:05:16.27235528Z
BITK,Tuttle Capital IBIT 0DTE Covered Call ETF,stocks,us,BATS,ETF,True,usd,,BBG01XBSGXD8,BBG01XBSGYB8,2025-10-05T06:05:16.272355721Z
BITO,ProShares Bitcoin ETF,stocks,us,ARCX,ETF,True,usd,0001174610,BBG0131STJL3,BBG0131STKH5,2025-10-05T06:05:16.272355801Z
BITQ,Bitwise Crypto Industry Innovators ETF,stocks,us,ARCX,ETF,True,usd,0001452937,BBG01076JF30,BBG01076JFY6,2025-10-05T06:05:16.272356152Z
BITS,Global X Blockchain & Bitcoin Strategy ETF,stocks,us,XNAS,ETF,True,usd,,BBG013J592N1,BBG013J593K2,2025-10-05T06:05:16.272356232Z
BITU,ProShares Ultra Bitcoin ETF,stocks,us,ARCX,ETF,True,usd,,BBG01M79Z7R0,BBG01M79Z8W2,2025-10-05T06:05:16.272356312Z
BITX,2x Bitcoin Strategy ETF,stocks,us,BATS,ETF,True,usd,,BBG01GXLYLP9,BBG01GXLYNB0,2025-10-05T06:05:16.272356393Z
BITY,Amplify Bitcoin 2% Monthly Option Income ETF,stocks,us,BATS,ETF,True,usd,0001633061,BBG01THXH1S3,BBG01THXH2N6,2025-10-05T06:05:16.272356473Z
BIV,Vanguard Intermediate-Term Bond ETF,stocks,us,ARCX,ETF,True,usd,0000794105,BBG000R44SW0,BBG001ST39R1,2025-10-05T06:05:16.272356553Z
BIVI,"BioVie, Inc. Common Stock",stocks,us,XNAS,CS,True,usd,0001580149,BBG00548BTD6,BBG00548BTF4,2025-10-05T06:05:16.272356633Z
BIVIW,BioVie Inc. Warrant,stocks,us,XNAS,WARRANT,True,usd,0001580149,BBG01WJZNKD6,,2025-10-05T06:05:16.272356853Z
BIYA,Baiya International Group Inc. Ordinary Shares,stocks,us,XNAS,CS,True,usd,0001944712,,,2025-10-05T06:05:16.272357044Z
BIZD,VanEck BDC Income ETF,stocks,us,ARCX,ETF,True,usd,0001137360,BBG00440GKJ4,BBG00440GL84,2025-10-05T06:05:16.272357124Z
BJ,"BJs Wholesale Club Holdings, Inc. Common Stock",stocks,us,XNYS,CS,True,usd,0001531152,BBG00FQ8T4G3,BBG00FQ8T4M6,2025-10-05T06:05:16.272357204Z
BJAN,Innovator U.S. Equity Buffer ETF - January,stocks,us,BATS,ETF,True,usd,0001482688,BBG00MYXK749,BBG00MYXK7W8,2025-10-05T06:05:16.272357284Z
BJDX,"Bluejay Diagnostics, Inc. Common Stock",stocks,us,XNAS,CS,True,usd,0001704287,BBG012TKJCJ1,BBG012TKJDC6,2025-10-05T06:05:16.272357364Z
BJK,VanEck Gaming ETF,stocks,us,XNAS,ETF,True,usd,0001137360,BBG000V86Z03,BBG001T1Q9C2,2025-10-05T06:05:16.272357445Z
BJRI,"BJ's Restaurants, Inc.",stocks,us,XNAS,CS,True,usd,0001013488,BBG000H9LNX1,BBG001S970P2,2025-10-05T06:05:16.272357525Z
BJUL,Innovator U.S. Equity Buffer ETF - July,stocks,us,BATS,ETF,True,usd,0001482688,BBG00LNJLC51,BBG00LNJLCX0,2025-10-05T06:05:16.272357615Z
BJUN,Innovator U.S. Equity Buffer ETF - June,stocks,us,BATS,ETF,True,usd,0001415726,BBG00PBD5ZW5,BBG00PBD60M2,2025-10-05T06:05:16.272357695Z
BK,Bank of New York Mellon Corporation,stocks,us,XNYS,CS,True,usd,0001390777,BBG000BD8PN9,BBG001S5P6Q6,2025-10-05T06:05:16.272357785Z
BKAG,BNY Mellon Core Bond ETF,stocks,us,ARCX,ETF,True,usd,,BBG00RYR56Q6,BBG00RYR57H4,2025-10-05T06:05:16.272357865Z
BKCG,BNY Mellon Concentrated Growth ETF,stocks,us,ARCX,ETF,True,usd,,BBG01SXJKVN3,BBG01SXJKWT5,2025-10-05T06:05:16.272357945Z
BKCH,Global X Blockchain ETF,stocks,us,XNAS,ETF,True,usd,0001432353,BBG011RVGZP6,BBG011RVH0K7,2025-10-05T06:05:16.272358026Z
BKCI,BNY Mellon Concentrated International ETF,stocks,us,ARCX,ETF,True,usd,,BBG013VPCK31,BBG013VPCL11,2025-10-05T06:05:16.272358106Z
BKD,"Brookdale Senior Living, Inc.",stocks,us,XNYS,CS,True,usd,0001332349,BBG000J4L211,BBG001SDHC58,2025-10-05T06:05:16.272358186Z
BKDV,BNY Mellon Dynamic Value ETF,stocks,us,ARCX,ETF,True,usd,,BBG01QM8ZCH6,BBG01QM8ZDG5,2025-10-05T06:05:16.272358266Z
BKE,"The Buckle, Inc.",stocks,us,XNYS,CS,True,usd,0000885245,BBG000BD9525,BBG001S5P6T3,2025-10-05T06:05:16.272358416Z
BKEM,BNY Mellon Emerging Markets Equity ETF,stocks,us,ARCX,ETF,True,usd,,BBG00RYRC6L3,BBG00RYRC7B2,2025-10-05T06:05:16.272358677Z
BKF,iShares MSCI BIC ETF,stocks,us,ARCX,ETF,True,usd,0000930667,BBG000TVZ652,BBG001T0LKN2,2025-10-05T06:05:16.272358757Z
BKGI,BNY Mellon Global Infrastructure Income ETF,stocks,us,BATS,ETF,True,usd,,BBG01B7B20H1,BBG01B7B21C4,2025-10-05T06:05:16.272358837Z
BKH,Black Hills Corporation,stocks,us,XNYS,CS,True,usd,0001130464,BBG000BD9ZM7,BBG001S5P6X8,2025-10-05T06:05:16.272358917Z
BKHA,Black Hawk Acquisition Corporation Class A Ordinary Shares,stocks,us,XNAS,CS,True,usd,0002000775,,,2025-10-05T06:05:16.272358997Z
BKHAR,Black Hawk Acquisition Corporation Rights,stocks,us,XNAS,RIGHT,True,usd,0002000775,,,2025-10-05T06:05:16.272359088Z
BKHAU,Black Hawk Acquisition Corporation Units,stocks,us,XNAS,UNIT,True,usd,0002000775,,,2025-10-05T06:05:16.272359168Z
BKHY,BNY Mellon High Yield ETF,stocks,us,ARCX,ETF,True,usd,,BBG00RYR5TG7,BBG00RYR5V63,2025-10-05T06:05:16.272359248Z
BKIE,BNY Mellon International Equity ETF,stocks,us,ARCX,ETF,True,usd,,BBG00RYRB9H3,BBG00RYRBB79,2025-10-05T06:05:16.272359338Z
BKKT,"Bakkt Holdings, Inc.",stocks,us,XNYS,CS,True,usd,0001820302,BBG00XRJ7Y40,BBG00XRJ7Y59,2025-10-05T06:05:16.272359599Z
BKKT.WS,"Bakkt Holdings, Inc Warrants to purchase Class A Common Stock Each Warrant entitles to purchase 1/25th of a share of Class A common stock at an exercise price of $287.50 for one share of Class A Common Stock",stocks,us,XNYS,WARRANT,True,usd,0001820302,BBG00Y624BK3,,2025-10-05T06:05:16.272359679Z
BKLC,BNY Mellon US Large Cap Core Equity ETF,stocks,us,ARCX,ETF,True,usd,,BBG00RYR67P4,BBG00RYR68F3,2025-10-05T06:05:16.272359759Z
BKLN,Invesco Senior Loan ETF,stocks,us,ARCX,ETF,True,usd,0000914208,BBG001K94N28,BBG001V0MBC0,2025-10-05T06:05:16.272359839Z
BKMC,BNY Mellon US Mid Cap Core Equity ETF,stocks,us,ARCX,ETF,True,usd,,BBG00RYR6CV6,BBG00RYR6DL5,2025-10-05T06:05:16.272359919Z
BKN,BlackRock Investment Quality Municipal Trust,stocks,us,XNYS,FUND,True,usd,0000894242,BBG000BG98N9,BBG001S72D73,2025-10-05T06:05:16.272359999Z
BKNG,Booking Holdings Inc. Common Stock,stocks,us,XNAS,CS,True,usd,0001075531,BBG000BLBVN4,BBG001S89N72,2025-10-05T06:05:16.27236008Z
BKNU,T-REX 2X Long BKNG Daily Target ETF,stocks,us,BATS,ETF,True,usd,,BBG01WX1TM09,BBG01WX1TMZ1,2025-10-05T06:05:16.27236016Z
BKR,Baker Hughes Company,stocks,us,XNAS,CS,True,usd,0001701605,BBG00GBVBK51,BBG00GBVBK60,2025-10-05T06:05:16.27236024Z
BKSE,BNY Mellon US Small Cap Core Equity ETF,stocks,us,ARCX,ETF,True,usd,,BBG00RYR6KV8,BBG00RYR6LL7,2025-10-05T06:05:16.27236047Z
BKSY,BlackSky Technology Inc.,stocks,us,XNYS,CS,True,usd,0001753539,BBG00QRY6P33,BBG00QRY6P42,2025-10-05T06:05:16.27236055Z
BKSY.WS,"BlackSky Technology Inc. Redeemable Warrants, each whole Warrant exercisable for one-eighth (1/8th) of a share of Class A Common Stock at an exercise price of $92.00 per whole share",stocks,us,XNYS,WARRANT,True,usd,0001753539,BBG00R2NP1J7,,2025-10-05T06:05:16.272360631Z
BKT,BlackRock Income Trust Inc.,stocks,us,XNYS,FUND,True,usd,0000832327,BBG000BDC193,BBG001S5P7B0,2025-10-05T06:05:16.272360871Z
BKTI,BK Technologies Corporation,stocks,us,XASE,CS,True,usd,0000002186,BBG00NKSM4N7,BBG00NKSM4P5,2025-10-05T06:05:16.272360941Z
BKTr,"BlackRock Income Trust, Inc. Rights (expiring October 20, 2025)",stocks,us,XNYS,RIGHT,True,usd,0000832327,BBG01X7TQBQ4,BBG01X7TQCP3,2025-10-05T06:05:16.272361061Z
BKU,"Bankunited, Inc.",stocks,us,XNYS,CS,True,usd,0001504008,BBG000PQPCM6,BBG001T5W6B3,2025-10-05T06:05:16.272361142Z
BKUI,BNY Mellon Ultra Short Income ETF,stocks,us,ARCX,ETF,True,usd,,BBG0122M5L01,BBG0122M5LV7,2025-10-05T06:05:16.272361222Z
BKV,BKV Corporation,stocks,us,XNYS,CS,True,usd,0001838406,BBG00YNGK485,BBG00YNGK494,2025-10-05T06:05:16.272361312Z
BKYI,"BIO-key International, Inc. Common Stock",stocks,us,XNAS,CS,True,usd,0001019034,BBG000BHHR29,BBG001S7ZTY2,2025-10-05T06:05:16.272361392Z
BKpK,"The Bank of New York Mellon Corporation Depositary Shares, each representing a 1/4,000th interest in a share of Series K Noncumulative Perpetual Preferred Stock",stocks,us,XNYS,PFD,True,usd,0001390777,,,2025-10-05T06:05:16.272361472Z
BL,"BlackLine, Inc. Common Stock",stocks,us,XNAS,CS,True,usd,0001666134,BBG0029KJVB0,BBG0029KJVD8,2025-10-05T06:05:16.272361552Z
BLBD,Blue Bird Corporation Common Stock,stocks,us,XNAS,CS,True,usd,0001589526,BBG006427SW3,BBG006427TN1,2025-10-05T06:05:16.272361633Z
BLBX,Blackboxstocks Inc. Common Stock,stocks,us,XNAS,CS,True,usd,0001567900,BBG007GGHNQ4,BBG007GGHNR3,2025-10-05T06:05:16.272362123Z
BLCN,Siren ETF Trust Siren Nasdaq NexGen Economy ETF,stocks,us,XNAS,ETF,True,usd,,BBG00JRQRS37,BBG00JRQRSV6,2025-10-05T06:05:16.272362224Z
BLCO,Bausch + Lomb Corporation,stocks,us,XNYS,CS,True,usd,0001860742,BBG014KG1L68,BBG014KG1GY8,2025-10-05T06:05:16.272362304Z
BLCR,BlackRock ETF Trust iShares Large Cap Core Active ETF,stocks,us,XNAS,ETF,True,usd,0001761055,BBG01JV98111,BBG01JV981Y5,2025-10-05T06:05:16.272362394Z
BLCV,iShares Large Cap Value Active ETF,stocks,us,ARCX,ETF,True,usd,0001761055,BBG01GN981T6,BBG01GN982V1,2025-10-05T06:05:16.272362474Z
BLD,TopBuild Corp. Common Stock,stocks,us,XNYS,CS,True,usd,0001633931,BBG0077VS2C0,BBG0077VS2G6,2025-10-05T06:05:16.272362725Z
BLDG,Cambria Global Real Estate ETF,stocks,us,BATS,ETF,True,usd,0001529390,BBG00XK4K218,BBG00XK4K2Z1,2025-10-05T06:05:16.272362805Z
BLDP,Ballard Power Systems Inc.,stocks,us,XNAS,CS,True,usd,0001453015,BBG000BNJRZ8,BBG001S5Y1D1,2025-10-05T06:05:16.272362885Z
BLDR,"Builders FirstSource, Inc.",stocks,us,XNYS,CS,True,usd,0001316835,BBG000BKD3K9,BBG001S9CFC7,2025-10-05T06:05:16.272362965Z
BLE,BlackRock Municipal Income Trust II,stocks,us,XNYS,FUND,True,usd,0001176194,BBG000NWS486,BBG001SKZFD6,2025-10-05T06:05:16.272363045Z
BLES,Inspire Global Hope ETF,stocks,us,ARCX,ETF,True,usd,0001733356,BBG00G3NVM07,BBG00G3NVMQ9,2025-10-05T06:05:16.272363125Z
BLFS,BioLife Solutions Inc.,stocks,us,XNAS,CS,True,usd,0000834365,BBG000HRJ8Q5,BBG001SFGWZ7,2025-10-05T06:05:16.272363206Z
BLFY,Blue Foundry Bancorp Common Stock,stocks,us,XNAS,CS,True,usd,0001846017,BBG00ZLHY9C1,BBG00ZLHYB63,2025-10-05T06:05:16.272363286Z
BLGR,Bluemonte Large Cap Growth ETF,stocks,us,ARCX,ETF,True,usd,0001452937,BBG01VF37R28,BBG01VF37RZ2,2025-10-05T06:05:16.272363376Z
BLIN,Bridgeline Digital Inc.,stocks,us,XNAS,CS,True,usd,0001378590,BBG000PMGM61,BBG001SR52L4,2025-10-05T06:05:16.272363616Z
BLIV,BeLive Holdings Ordinary Share,stocks,us,XNAS,CS,True,usd,0001982448,,,2025-10-05T06:05:16.272363696Z
BLK,"Blackrock, Inc.",stocks,us,XNYS,CS,True,usd,0002012383,BBG01PSW2WN4,BBG01PSW2WR0,2025-10-05T06:05:16.272363777Z
BLKB,"Blackbaud, Inc.",stocks,us,XNAS,CS,True,usd,0001280058,BBG000BGGTW5,BBG001S9B5W8,2025-10-05T06:05:16.272363857Z
BLKC,Invesco Alerian Galaxy Blockchain Users and Decentralized Commerce ETF,stocks,us,BATS,ETF,True,usd,0000914208,BBG012VDH8W0,BBG012VDH9Q5,2025-10-05T06:05:16.272363937Z
BLMN,"Bloomin' Brands, Inc. Common Stock",stocks,us,XNAS,CS,True,usd,0001546417,BBG002VZ68Y2,BBG002VZ69Q9,2025-10-05T06:05:16.272364017Z
BLMZ,Harrison Global Holdings Inc. Ordinary Shares,stocks,us,XNAS,CS,True,usd,0001984014,,,2025-10-05T06:05:16.272364097Z
BLND,"Blend Labs, Inc.",stocks,us,XNYS,CS,True,usd,0001855747,BBG00D0YK7T7,BBG00D0YK7V4,2025-10-05T06:05:16.272364177Z
BLNE,"Beeline Holdings, Inc. Common Stock",stocks,us,XNAS,CS,True,usd,0001534708,BBG00282W8X3,BBG00282W9P0,2025-10-05T06:05:16.272364408Z
BLNK,Blink Charging Co. Common Stock,stocks,us,XNAS,CS,True,usd,0001429764,BBG000F9XKN7,BBG001T2HMC1,2025-10-05T06:05:16.272364698Z
BLOK,Amplify Transformational Data Sharing ETF,stocks,us,ARCX,ETF,True,usd,0001633061,BBG00JRH3F40,BBG00JRH3FV0,2025-10-05T06:05:16.272364789Z
BLOX,Nicholas Crypto Income ETF,stocks,us,ARCX,ETF,True,usd,,BBG01VKBKGB3,BBG01VKBKH94,2025-10-05T06:05:16.272364869Z
BLRX,BioLineRX Ltd,stocks,us,XNAS,ADRC,True,usd,0001498403,BBG001Y26LK0,BBG001Y26MC7,2025-10-05T06:05:16.272364949Z
BLSH,Bullish,stocks,us,XNYS,CS,True,usd,0001872195,,,2025-10-05T06:05:16.272365029Z
BLST,Bluemonte Short Term Bond ETF,stocks,us,ARCX,ETF,True,usd,0001452937,BBG01VF3M4K2,BBG01VF3M5F5,2025-10-05T06:05:16.272365109Z
BLTD,Bluemonte Long Term Bond ETF,stocks,us,ARCX,ETF,True,usd,0001452937,BBG01VF3KYX4,BBG01VF3L049,2025-10-05T06:05:16.272365189Z
BLTE,"Belite Bio, Inc American Depositary Shares",stocks,us,XNAS,ADRC,True,usd,0001889109,BBG016LJYT18,BBG016LJYTW4,2025-10-05T06:05:16.272365269Z
BLUC,Bluemonte Large Cap Core ETF,stocks,us,ARCX,ETF,True,usd,0001452937,BBG01VD0ZH36,BBG01VD0ZJ14,2025-10-05T06:05:16.27236535Z
BLUI,Bluemonte Diversified Income ETF,stocks,us,ARCX,ETF,True,usd,0001452937,BBG01VF3LSN7,BBG01VF3LTJ0,2025-10-05T06:05:16.27236559Z
BLUW,Blue Water Acquisition Corp. III Class A Ordinary Shares,stocks,us,XNAS,CS,True,usd,0002050501,,,2025-10-05T06:05:16.27236567Z
BLUWU,Blue Water Acquisition Corp. III Unit.,stocks,us,XNAS,UNIT,True,usd,0002050501,,,2025-10-05T06:05:16.27236575Z
BLUWW,Blue Water Acquisition Corp. III Warrant,stocks,us,XNAS,WARRANT,True,usd,0002050501,,,2025-10-05T06:05:16.272365831Z
BLUX,Bluemonte Dynamic Total Market ETF,stocks,us,ARCX,ETF,True,usd,0001452937,BBG01VD0QBD8,BBG01VD0QCB8,2025-10-05T06:05:16.272365911Z
BLV,Vanguard Long-Term Bond ETF,stocks,us,ARCX,ETF,True,usd,0000794105,BBG000R45489,BBG001ST39S0,2025-10-05T06:05:16.272365991Z
BLW,Blackrock Limited Duration Income Trust,stocks,us,XNYS,FUND,True,usd,0001233681,BBG000PLYMY2,BBG001SLG5M7,2025-10-05T06:05:16.272366101Z
BLX,"Banco Latinoamericano de Comercio Exterior, S.A",stocks,us,XNYS,CS,True,usd,0000890541,,,2025-10-05T06:05:16.272366181Z
BLZE,"Backblaze, Inc. Class A Common Stock",stocks,us,XNAS,CS,True,usd,0001462056,BBG0037X6HX3,BBG0037X6J05,2025-10-05T06:05:16.272366362Z
BLZRU,Trailblazer Acquisition Corp. Unit,stocks,us,XNAS,UNIT,True,usd,0002075310,,,2025-10-05T06:05:16.272366562Z
BMA,Banco Macro S.A.,stocks,us,XNYS,ADRC,True,usd,0001347426,BBG000Q44W43,BBG001SQK8Y2,2025-10-05T06:05:16.272366652Z
BMAR,Innovator U.S. Equity Buffer ETF - March,stocks,us,BATS,ETF,True,usd,0001482688,BBG00S1NCRJ3,BBG00S1NCS83,2025-10-05T06:05:16.272366722Z
BMAX,REX Bitcoin Corporate Treasury Convertible Bond ETF,stocks,us,XNAS,ETF,True,usd,,BBG01SSL2VG2,BBG01SSL2YV9,2025-10-05T06:05:16.272366802Z
BMAY,Innovator U.S. Equity Buffer ETF - May,stocks,us,BATS,ETF,True,usd,0001415726,BBG00TGLNR34,BBG00TGLNRW2,2025-10-05T06:05:16.272366893Z
BMBL,Bumble Inc. Class A Common Stock,stocks,us,XNAS,CS,True,usd,0001830043,BBG00Z6RF483,BBG00Z6RF535,2025-10-05T06:05:16.272366973Z
BMDL,VictoryShares WestEnd Economic Cycle Bond ETF,stocks,us,XNAS,ETF,True,usd,,BBG01MY5XMM2,BBG01MY5XNY7,2025-10-05T06:05:16.272367053Z
BME,Blackrock Health Sciences Trust,stocks,us,XNYS,FUND,True,usd,0001314966,BBG000QLZLB7,BBG001SN4XL6,2025-10-05T06:05:16.272367133Z
BMEA,"Biomea Fusion, Inc. Common Stock",stocks,us,XNAS,CS,True,usd,0001840439,BBG00YS4WDC9,BBG00YS4WDD8,2025-10-05T06:05:16.272367213Z
BMED,iShares Health Innovation Active ETF,stocks,us,ARCX,ETF,True,usd,0001761055,BBG00XLX7539,BBG00XLX75Y5,2025-10-05T06:05:16.272367464Z
BMEZ,BlackRock Health Sciences Term Trust,stocks,us,XNYS,FUND,True,usd,0001785971,BBG00R28MS68,BBG00R28MSY7,2025-10-05T06:05:16.272367554Z
BMGL,Basel Medical Group Ltd Ordinary Shares,stocks,us,XNAS,CS,True,usd,0002004489,,,2025-10-05T06:05:16.272367624Z
BMHL,Bluemount Holdings Limited Class B Ordinary Shares,stocks,us,XNAS,CS,True,usd,0002027815,,,2025-10-05T06:05:16.272367714Z
BMI,"Badger Meter, Inc.",stocks,us,XNYS,CS,True,usd,0000009092,BBG000BDGHD9,BBG001S5P8Q2,2025-10-05T06:05:16.272367925Z
BMLpG,"Bank Of America Corporation Depositary Shares(Each representing a 1/1200th interest in a share of Bank of America Corporation Floating Rate Non-Cumulative Preferred Stock Series,1)",stocks,us,XNYS,PFD,True,usd,0000070858,,,2025-10-05T06:05:16.272368005Z
BMLpH,"Bank Of America Corporation Depositary Shares(Each representing a 1/1200th interest in a share of Bank of America Corporation Floating Rate Non-Cumulative Preferred Stock Series,2)",stocks,us,XNYS,PFD,True,usd,0000070858,,,2025-10-05T06:05:16.272368135Z
BMLpJ,"Bank of America Depositary Shares(Each representing 1/1200th interest in a share of Bank of America Corporation Floating Rate Non-Cumulative Preferred Stock, Series4)",stocks,us,XNYS,PFD,True,usd,0000070858,,,2025-10-05T06:05:16.272368215Z
BMLpL,"Bank of America Depositary Shares(Each representing 1/1200th interest in a share of Bank of America Corporation Floating Rate Non-Comulative Preferred Stock, Series5)",stocks,us,XNYS,PFD,True,usd,0000070858,,,2025-10-05T06:05:16.272368295Z
BMN,BlackRock 2037 Municipal Target Term Trust,stocks,us,XNYS,FUND,True,usd,0001832871,BBG019C0TPY1,BBG01B6VR0Y2,2025-10-05T06:05:16.272368606Z
BMNR,"BitMine Immersion Technologies, Inc.",stocks,us,XASE,CS,True,usd,0001829311,BBG000BWFL03,BBG001SBD1J5,2025-10-05T06:05:16.272368686Z
BMNU,T-REX 2X Long BMNR Daily Target ETF,stocks,us,BATS,ETF,True,usd,,BBG01XBSLHQ3,BBG01XBSLJR8,2025-10-05T06:05:16.272368766Z
BMO,Bank of Montreal,stocks,us,XNYS,CS,True,usd,0000927971,BBG000DLY9B9,BBG001S5Y203,2025-10-05T06:05:16.272368846Z
BMR,Beamr Imaging Ltd. Ordinary Share,stocks,us,XNAS,CS,True,usd,0001899005,,,2025-10-05T06:05:16.272368926Z
BMRA,BIOMERICA INC,stocks,us,XNAS,CS,True,usd,0000073290,BBG000BDH8F6,BBG001S5P8X4,2025-10-05T06:05:16.272369007Z
BMRC,Bank of Marin Bancorp,stocks,us,XNAS,CS,True,usd,0001403475,BBG000C3N539,BBG001S7WFM8,2025-10-05T06:05:16.272369087Z
BMRN,BioMarin Pharmaceuticals Inc,stocks,us,XNAS,CS,True,usd,0001048477,BBG000CZWZ05,BBG001S76R05,2025-10-05T06:05:16.272369167Z
BMVP,Invesco Bloomberg MVP Multi-factor ETF,stocks,us,ARCX,ETF,True,usd,0001547580,BBG000PQD3P6,BBG001SLN031,2025-10-05T06:05:16.272369277Z
BMY,Bristol-Myers Squibb Co.,stocks,us,XNYS,CS,True,usd,0000014272,BBG000DQLV23,BBG001S8N8J6,2025-10-05T06:05:16.272369518Z
BN,Brookfield Corporation,stocks,us,XNYS,CS,True,usd,0001001085,BBG000C9KL89,BBG001SF86D7,2025-10-05T06:05:16.272369598Z
BNAI,Brand Engagement Network Inc. Common Stock,stocks,us,XNAS,CS,True,usd,0001838163,BBG00Z83ZBN9,BBG00Z83ZBP7,2025-10-05T06:05:16.272370059Z
BNAIW,Brand Engagement Network Inc. Warrant,stocks,us,XNAS,WARRANT,True,usd,0001838163,BBG00ZQZ11K0,,2025-10-05T06:05:16.272370249Z
BNC,CEA Industries Inc. Common Stock,stocks,us,XNAS,CS,True,usd,0001482541,BBG001LM4W55,BBG001SDHK32,2025-10-05T06:05:16.272370449Z
BNCWW,CEA Industries Inc. Warrant,stocks,us,XNAS,WARRANT,True,usd,0001849396,BBG0159N5136,,2025-10-05T06:05:16.27237064Z
BND,Vanguard Total Bond Market,stocks,us,XNAS,ETF,True,usd,0000794105,BBG000BZZS63,BBG001SK7DK4,2025-10-05T06:05:16.27237083Z
BNDC,FlexShares Core Select Bond Fund,stocks,us,ARCX,ETF,True,usd,0001491978,BBG00F9ZDXS2,BBG00F9ZDYJ0,2025-10-05T06:05:16.27237091Z
BNDD,Quadratic Deflation ETF,stocks,us,ARCX,ETF,True,usd,0001536592,BBG012N0P9Z3,BBG012N0PBT5,2025-10-05T06:05:16.27237104Z
BNDI,NEOS Enhanced Income Aggregate Bond ETF,stocks,us,ARCX,ETF,True,usd,0001848758,BBG019CHMSZ4,BBG019CHMV14,2025-10-05T06:05:16.272371231Z
BNDS,Infrastructure Capital Bond Income ETF,stocks,us,ARCX,ETF,True,usd,,BBG01RQ9JP50,BBG01RQ9JQ03,2025-10-05T06:05:16.272371311Z
BNDW,Vanguard Total World Bond ETF,stocks,us,XNAS,ETF,True,usd,0001021882,BBG00LWSF7T3,BBG00LWSF8K0,2025-10-05T06:05:16.272371391Z
BNDX,Vanguard Total International Bond ETF,stocks,us,XNAS,ETF,True,usd,,BBG004N1LFT5,BBG004N1LGK2,2025-10-05T06:05:16.272371782Z
BNDY,Horizon Core Bond ETF,stocks,us,BATS,ETF,True,usd,,BBG01VRMDL29,BBG01VRMDM09,2025-10-05T06:05:16.272371862Z
BNED,"Barnes & Noble Education, Inc",stocks,us,XNYS,CS,True,usd,0001634117,BBG009CNQCW6,BBG009CNQCX5,2025-10-05T06:05:16.272371942Z
BNGE,First Trust S-Network Streaming and Gaming ETF,stocks,us,ARCX,ETF,True,usd,0001552740,BBG011636XP7,BBG011636YL9,2025-10-05T06:05:16.272372022Z
BNGO,"Bionano Genomics, Inc. Common Stock",stocks,us,XNAS,CS,True,usd,0001411690,BBG001KWWRS9,BBG001V0SSM6,2025-10-05T06:05:16.272372102Z
BNH,"Brookfield Finance Inc. 4.625% Subordinated Notes due October 16, 2080",stocks,us,XNYS,SP,True,usd,0001001085,,,2025-10-05T06:05:16.272372193Z
BNJ,Brookfield Finance I (UK) plc 4.50% Perpetual Subordinated Notes,stocks,us,XNYS,SP,True,usd,0001001085,,,2025-10-05T06:05:16.272372373Z
BNKD,"MicroSectors U.S. Big Banks -3x Inverse Leveraged ETNs due February 17, 2045",stocks,us,ARCX,ETN,True,usd,0000927971,BBG01S68FDG1,BBG01S68FFG6,2025-10-05T06:05:16.272372453Z
BNKU,"MicroSectors U.S. Big Banks 3x Leveraged ETNs due February 17, 2045",stocks,us,ARCX,ETN,True,usd,0000927971,BBG01S68X1X8,BBG01S68X2S2,2025-10-05T06:05:16.272372533Z
BNL,"Broadstone Net Lease, Inc.",stocks,us,XNYS,CS,True,usd,0001424182,BBG000PWD2R3,BBG001T61WG3,2025-10-05T06:05:16.272372613Z
BNO,"United States Brent Oil Fund, LP",stocks,us,ARCX,ETV,True,usd,0001472494,BBG000QZBM11,BBG001T8T4Q0,2025-10-05T06:05:16.272372694Z
BNOV,Innovator U.S. Equity Buffer ETF - November,stocks,us,BATS,ETF,True,usd,0001482688,BBG00QPZ0H72,BBG00QPZ0JC2,2025-10-05T06:05:16.272372774Z
BNR,Burning Rock Biotech Limited American Depositary Shares,stocks,us,XNAS,ADRC,True,usd,0001792267,BBG00V1JWDY7,BBG00V1JWFQ1,2025-10-05T06:05:16.272372884Z
BNRG,Brenmiller Energy Ltd Ordinary Shares,stocks,us,XNAS,CS,True,usd,0001901215,,,2025-10-05T06:05:16.272372964Z
BNS,Bank of Nova Scotia,stocks,us,XNYS,CS,True,usd,0000009631,BBG000C2RV03,BBG001S5Y2B1,2025-10-05T06:05:16.272373044Z
BNT,Brookfield Wealth Solutions Ltd.,stocks,us,XNYS,CS,True,usd,0001837429,,,2025-10-05T06:05:16.272373255Z
BNTC,Benitec Biopharma Inc. Common Stock,stocks,us,XNAS,CS,True,usd,0001808898,BBG00R712L56,BBG00R712L65,2025-10-05T06:05:16.272373335Z
BNTX,BioNTech SE American Depositary Share,stocks,us,XNAS,ADRC,True,usd,0001776985,BBG00Q70B3V1,BBG00Q70B4L0,2025-10-05T06:05:16.272373415Z
BNY,BlackRock New York Municipal Income Trust,stocks,us,XNYS,FUND,True,usd,0001137390,BBG000BZF6G2,BBG001SFL1C4,2025-10-05T06:05:16.272373495Z
BNZI,"Banzai International, Inc. Class A Common Stock",stocks,us,XNAS,CS,True,usd,0001826011,BBG00YG9XLK3,BBG00YG9XMG6,2025-10-05T06:05:16.272373575Z
BNZIW,"Banzai International, Inc. Warrant",stocks,us,XNAS,WARRANT,True,usd,0001826011,BBG00YJH34P8,,2025-10-05T06:05:16.272373655Z
BOAT,SonicShares Global Shipping ETF,stocks,us,ARCX,ETF,True,usd,0001387131,BBG0120SRF72,BBG0120SRG34,2025-10-05T06:05:16.272373746Z
BOBP,CORE16 Best of Breed Premier Index ETF,stocks,us,ARCX,ETF,True,usd,0001452937,BBG01TV9SN91,BBG01TV9SP69,2025-10-05T06:05:16.272373956Z
BOC,Boston Omaha Corporation,stocks,us,XNYS,CS,True,usd,0001494582,BBG0021J73K6,BBG0021J74C3,2025-10-05T06:05:16.272374046Z
BOCT,Innovator U.S. Equity Buffer ETF - October,stocks,us,BATS,ETF,True,usd,0001482688,BBG00M4NZ5C3,BBG00M4NZ631,2025-10-05T06:05:16.272374227Z
BODI,"The Beachbody Company, Inc. Class A Common Stock",stocks,us,XNAS,CS,True,usd,0001826889,BBG00XTHJJ15,BBG00XTHJJ24,2025-10-05T06:05:16.272374307Z
BOE,BlackRock Enhanced Global Dividend Trust,stocks,us,XNYS,FUND,True,usd,0001320375,BBG000BGHVY7,BBG001SB82H1,2025-10-05T06:05:16.272374417Z
BOED,Direxion Daily BA Bear 1X Shares,stocks,us,XNAS,ETF,True,usd,,BBG01SQ8D0Q8,BBG01SQ8D1X8,2025-10-05T06:05:16.272374497Z
BOEG,Leverage Shares 2X Long BA Daily ETF,stocks,us,XNAS,ETF,True,usd,0001976322,BBG01VH4C1W2,BBG01VH4C2T4,2025-10-05T06:05:16.272374587Z
BOEU,Direxion Daily BA Bull 2X Shares,stocks,us,XNAS,ETF,True,usd,,BBG01SQB1TB7,BBG01SQB1W93,2025-10-05T06:05:16.272374657Z
BOF,BranchOut Food Inc. Common Stock,stocks,us,XNAS,CS,True,usd,0001962481,BBG01103J5N2,BBG01103J5Q9,2025-10-05T06:05:16.272374748Z
BOH,Bank of Hawaii Corp.,stocks,us,XNYS,CS,True,usd,0000046195,BBG000C8D8G9,BBG001S6R977,2025-10-05T06:05:16.272374828Z
BOHpA,"Bank of Hawaii Corporation Depositary Shares Each Representing a 1/40th Interest in a Share of 4.375% Fixed Rate Non- Cumulative Perpetual Preferred Stock, Series A",stocks,us,XNYS,PFD,True,usd,0000046195,,,2025-10-05T06:05:16.272374918Z
BOHpB,"Bank of Hawaii Corporation Depositary Shares, Each Representing a 1/40th Interest in a Share of 8.000% Fixed Rate Non-Cumulative Perpetual Preferred Stock, Series B",stocks,us,XNYS,PFD,True,usd,0000046195,,,2025-10-05T06:05:16.272374998Z
BOIL,ProShares Ultra Bloomberg Natural Gas,stocks,us,ARCX,ETV,True,usd,0001415311,BBG0024TGRQ2,BBG0024TGSG1,2025-10-05T06:05:16.272375078Z
BOKF,BOK Financial Corp,stocks,us,XNAS,CS,True,usd,0000875357,BBG000CFZ003,BBG001S6VBZ6,2025-10-05T06:05:16.272375158Z
BOLD,"Boundless Bio, Inc. Common Stock",stocks,us,XNAS,CS,True,usd,0001782303,BBG00Q4W34T4,BBG00Q4W34V1,2025-10-05T06:05:16.272375238Z
BOLT,"Bolt Biotherapeutics, Inc. Common Stock",stocks,us,XNAS,CS,True,usd,0001641281,BBG00N8MY5V9,BBG00N8MY5W8,2025-10-05T06:05:16.272375319Z
BON,Bon Natural Life Limited Class A Ordinary Shares,stocks,us,XNAS,CS,True,usd,0001816815,,,2025-10-05T06:05:16.272375519Z
BOND,PIMCO Active Bond Exchange-Traded Fund,stocks,us,XNYS,ETF,True,usd,0001450011,BBG002N12B91,BBG002N12C17,2025-10-05T06:05:16.272375599Z
BOOM,DMC Global Inc. Common Stock,stocks,us,XNAS,CS,True,usd,0000034067,BBG000BDLPF3,BBG001S5PBG6,2025-10-05T06:05:16.272375739Z
BOOT,"Boot Barn Holdings, Inc.",stocks,us,XNYS,CS,True,usd,0001610250,BBG0077SYZV6,BBG007D38ZV3,2025-10-05T06:05:16.27237596Z
BORR,Borr Drilling Limited,stocks,us,XNYS,CS,True,usd,0001715497,,,2025-10-05T06:05:16.27237606Z
BOSC,B.O.S. Better On-Line Solutions Ltd.,stocks,us,XNAS,CS,True,usd,0001005516,,,2025-10-05T06:05:16.27237615Z
BOTJ,"Bank of the James Financial Group, Inc",stocks,us,XNAS,CS,True,usd,0001275101,BBG000BXNHY4,BBG001SFGH35,2025-10-05T06:05:16.27237623Z
BOTT,Themes ETF Trust Themes Humanoid Robotics ETF,stocks,us,XNAS,ETF,True,usd,0001976322,BBG01MJZH6V6,BBG01MJZH7V4,2025-10-05T06:05:16.272376311Z
BOTZ,Global X Funds Global X Robotics & Artificial Intelligence ETF,stocks,us,XNAS,ETF,True,usd,0001432353,BBG00DSB42G0,BBG00DSB42H9,2025-10-05T06:05:16.272376391Z
BOUT,Innovator IBD Breakout Opportunities ETF,stocks,us,ARCX,ETF,True,usd,0001482688,BBG00LYC7Z68,BBG00LYC7ZY7,2025-10-05T06:05:16.272376471Z
BOW,Bowhead Specialty Holdings Inc.,stocks,us,XNYS,CS,True,usd,0002002473,BBG01MF58GZ0,BBG01MF58HT5,2025-10-05T06:05:16.272376551Z
BOWN,Bowen Acquisition Corp Ordinary Shares,stocks,us,XNAS,CS,True,usd,0001973056,,,2025-10-05T06:05:16.272376631Z
BOWNR,Bowen Acquisition Corp Rights,stocks,us,XNAS,RIGHT,True,usd,0001973056,,,2025-10-05T06:05:16.272376821Z
BOWNU,Bowen Acquisition Corp Unit,stocks,us,XNAS,UNIT,True,usd,0001973056,,,2025-10-05T06:05:16.272376902Z
BOX,"BOX, INC.",stocks,us,XNYS,CS,True,usd,0001372612,BBG000PMSK08,BBG001T5R852,2025-10-05T06:05:16.272376982Z
BOXA,Alpha Architect Aggregate Bond ETF,stocks,us,BATS,ETF,True,usd,,BBG01R9HRTW4,BBG01R9HRVW9,2025-10-05T06:05:16.272377062Z
BOXL,Boxlight Corporation Class A Common Stock,stocks,us,XNAS,CS,True,usd,0001624512,BBG007G8KFW8,BBG007G8KFX7,2025-10-05T06:05:16.272377142Z
BOXX,Alpha Architect 1-3 Month Box ETF,stocks,us,BATS,ETF,True,usd,,BBG01BBK3Q88,BBG01BBK3R95,2025-10-05T06:05:16.272377222Z
BP,BP p.l.c.,stocks,us,XNYS,ADRC,True,usd,0000313807,BBG000BT4FC2,BBG001S5W4F5,2025-10-05T06:05:16.272377302Z
BPAY,iShares FinTech Active ETF,stocks,us,ARCX,ETF,True,usd,0001761055,BBG0195P5FB7,BBG0195P5G61,2025-10-05T06:05:16.272377383Z
BPH,BP p.l.c. ADRhedged,stocks,us,ARCX,ETS,True,usd,,BBG01RJX2V23,BBG01RJX2W03,2025-10-05T06:05:16.272377463Z
BPI,Grayscale Bitcoin Premium Income ETF,stocks,us,ARCX,ETF,True,usd,,BBG01T4V23Y6,BBG01T4V2571,2025-10-05T06:05:16.272377733Z
BPOP,Popular Inc,stocks,us,XNAS,CS,True,usd,0000763901,BBG000BDNB35,BBG001S5PC01,2025-10-05T06:05:16.272377884Z
BPOPM,"Popular, Inc. Popular Capital Tr II 6.125%",stocks,us,XNAS,PFD,True,usd,0000763901,,,2025-10-05T06:05:16.272377964Z
BPRN,"Princeton Bancorp, Inc. Common Stock (PA)",stocks,us,XNAS,CS,True,usd,0001913971,BBG017RPLKV6,BBG017RPLKW5,2025-10-05T06:05:16.272378044Z
BPYPM,"Brookfield Property Partners L.P. 6.25% Class A Cumulative Redeemable Preferred Units, Series 1",stocks,us,XNAS,CS,True,usd,,,,2025-10-05T06:05:16.272378124Z
BPYPN,"Brookfield Property Partners L.P. 5.750% Class A Cumulative Redeemable Perpetual Preferred Units, Series 3",stocks,us,XNAS,CS,True,usd,0001085359,,,2025-10-05T06:05:16.272378204Z
BPYPO,"Brookfield Property Partners L.P. 6.375% Class A Cumulative Redeemable Perpetual Preferred Units, Series 2",stocks,us,XNAS,CS,True,usd,0001085359,,,2025-10-05T06:05:16.272378284Z
BPYPP,Brookfield Property Partners L.P. 6.50% Class A Cumulative Redeemable Perpetual Preferred Units,stocks,us,XNAS,PFD,True,usd,0001085359,,,2025-10-05T06:05:16.272378364Z
BQ,Boqii Holding Limited,stocks,us,XASE,CS,True,usd,0001815021,,,2025-10-05T06:05:16.272378445Z
BR,Broadridge Financial Solutions Inc,stocks,us,XNYS,CS,True,usd,0001383312,BBG000PPFKQ7,BBG001SR7MB9,2025-10-05T06:05:16.272378525Z
BRAG,Bragg Gaming Group Inc. Common Shares,stocks,us,XNAS,CS,True,usd,0001867834,BBG008M1H9Y0,BBG001SM49Z6,2025-10-05T06:05:16.272378695Z
BRAZ,Global X Brazil Active ETF,stocks,us,ARCX,ETF,True,usd,,BBG01HVF38B0,BBG01HVF3955,2025-10-05T06:05:16.272379046Z
BRBI,BRBI BR Partners S.A. ADSs,stocks,us,XNAS,ADRC,True,usd,0002058601,BBG01XB0GM34,BBG01XB0GN14,2025-10-05T06:05:16.272379126Z
BRBR,"BellRing Brands, Inc.",stocks,us,XNYS,CS,True,usd,0001772016,BBG013QNJHP8,BBG013QNJHW0,2025-10-05T06:05:16.272379667Z
BRBS,"Blue Ridge Bankshares, Inc.",stocks,us,XASE,CS,True,usd,0000842717,BBG000BJ7RY1,BBG001S7TDQ3,2025-10-05T06:05:16.272379747Z
BRC,Brady Corporation,stocks,us,XNYS,CS,True,usd,0000746598,BBG000BDNV95,BBG001S5PCB9,2025-10-05T06:05:16.272379827Z
BRCB,"Black Rock Coffee Bar, Inc. Class A Common Stock",stocks,us,XNAS,CS,True,usd,0002068577,BBG016NMK1H8,BBG016NMK1M2,2025-10-05T06:05:16.272379907Z
BRCC,BRC Inc.,stocks,us,XNYS,CS,True,usd,0001891101,BBG0157C6612,BBG0157C6630,2025-10-05T06:05:16.272379988Z
BRF,VanEck Brazil Small-Cap ETF,stocks,us,ARCX,ETF,True,usd,0001137360,BBG000LZL692,BBG001T4HDX4,2025-10-05T06:05:16.272380168Z
BRFH,Barfresh Food Group Inc. Common Stock,stocks,us,XNAS,CS,True,usd,0001487197,BBG001P11Y10,BBG001V18136,2025-10-05T06:05:16.272380248Z
BRHY,BlackRock ETF Trust II iShares High Yield Active ETF,stocks,us,XNAS,ETF,True,usd,0001804196,BBG01NC76QB3,BBG01NC76R94,2025-10-05T06:05:16.272380338Z
BRIA,BrilliA Inc,stocks,us,XASE,CS,True,usd,0002000230,,,2025-10-05T06:05:16.272380428Z
BRID,Bridgford Foods Corp,stocks,us,XNAS,CS,True,usd,0000014177,BBG000BDPZ58,BBG001S5PCL8,2025-10-05T06:05:16.272380509Z
BRIF,FIS Bright Portfolios Focused Equity ETF,stocks,us,ARCX,ETF,True,usd,0001848758,BBG01R1TWDK8,BBG01R1TWFG8,2025-10-05T06:05:16.272380589Z
BRK.A,Berkshire Hathaway Inc.,stocks,us,XNYS,CS,True,usd,0001067983,BBG000DWCFL4,BBG001S902J2,2025-10-05T06:05:16.272380669Z
BRK.B,BERKSHIRE HATHAWAY Class B,stocks,us,XNYS,CS,True,usd,0001067983,BBG000DWG505,BBG001S90346,2025-10-05T06:05:16.272380749Z
BRKC,YieldMax BRK.B Option Income Strategy ETF,stocks,us,ARCX,ETS,True,usd,,BBG01V7HYT59,BBG01V7HYV09,2025-10-05T06:05:16.272380949Z
BRKD,Direxion Daily BRKB Bear 1X Shares,stocks,us,XNAS,ETF,True,usd,,BBG01QXYM407,BBG01QXYM5H6,2025-10-05T06:05:16.27238103Z
BRKR,Bruker Corporation,stocks,us,XNAS,CS,True,usd,0001109354,BBG000CL1FG7,BBG001SF69P0,2025-10-05T06:05:16.27238117Z
BRKRP,"Bruker Corporation 6.375% Mandatory Convertible Preferred Stock, Series A",stocks,us,XNAS,PFD,True,usd,0001109354,,,2025-10-05T06:05:16.27238145Z
BRKU,Direxion Daily BRKB Bull 2X Shares,stocks,us,XNAS,ETF,True,usd,,BBG01QXYHG15,BBG01QXYHH68,2025-10-05T06:05:16.272381681Z
BRKW,Roundhill BRKB WeeklyPay ETF,stocks,us,BATS,ETF,True,usd,,BBG01VKRKMR8,BBG01VKRKNP8,2025-10-05T06:05:16.272381871Z
BRLN,iShares Floating Rate Loan Active ETF,stocks,us,BATS,ETF,True,usd,0001804196,BBG019X2ZDC8,BBG019X2ZF79,2025-10-05T06:05:16.272381981Z
BRLS,Borealis Foods Inc. Class A Common Shares,stocks,us,XNAS,CS,True,usd,0001852973,BBG011YN1DX2,BBG011YN1FR4,2025-10-05T06:05:16.272382061Z
BRLSW,Borealis Foods Inc. Warrant,stocks,us,XNAS,WARRANT,True,usd,0001852973,BBG0120CK9R6,,2025-10-05T06:05:16.272382142Z
BRLT,"Brilliant Earth Group, Inc. Class A Common Stock",stocks,us,XNAS,CS,True,usd,0001866757,BBG012C7HQM5,BBG012C7HRG0,2025-10-05T06:05:16.272382212Z
BRN,"Barnwell Industries, Inc.",stocks,us,XASE,CS,True,usd,0000010048,BBG000BDQW54,BBG001S5PCS1,2025-10-05T06:05:16.272382302Z
BRNS,Barinthus Biotherapeutics plc American Depositary Shares,stocks,us,XNAS,ADRC,True,usd,0001828185,BBG00ZZPCP09,BBG00ZZPCPV5,2025-10-05T06:05:16.272382382Z
BRNY,Burney U.S. Factor Rotation ETF,stocks,us,XNAS,ETF,True,usd,,BBG019RXP2W0,BBG019RXP3Q5,2025-10-05T06:05:16.272382462Z
BRO,"Brown & Brown, Inc.",stocks,us,XNYS,CS,True,usd,0000079282,BBG000BWSGF4,BBG001S5XFN0,2025-10-05T06:05:16.272382542Z
BROS,Dutch Bros Inc.,stocks,us,XNYS,CS,True,usd,0001866581,BBG01282ZHB3,BBG01282ZJ56,2025-10-05T06:05:16.272382623Z
BRR,Columbus Circle Capital Corp I Class A Ordinary Shares,stocks,us,XNAS,CS,True,usd,0002056263,,,2025-10-05T06:05:16.272382703Z
BRRR,Coinshares Bitcoin ETF Common Shares of Beneficial Interest,stocks,us,XNAS,ETF,True,usd,0001841175,BBG01KYQ3X49,BBG01KYQ3Y01,2025-10-05T06:05:16.272383043Z
BRRWU,Columbus Circle Capital Corp I Units,stocks,us,XNAS,UNIT,True,usd,0002056263,,,2025-10-05T06:05:16.272383124Z
BRRWW,Columbus Circle Capital Corp I Warrant,stocks,us,XNAS,WARRANT,True,usd,0002056263,,,2025-10-05T06:05:16.272383234Z
BRSL,Brightstar Lottery PLC,stocks,us,XNYS,CS,True,usd,0001619762,,,2025-10-05T06:05:16.272383324Z
BRSP,"BrightSpire Capital, Inc.",stocks,us,XNYS,CS,True,usd,0001717547,BBG00JVRRQF1,BBG00JVRRR41,2025-10-05T06:05:16.272383564Z
BRT,BRT Apartments Corp,stocks,us,XNYS,CS,True,usd,0000014846,BBG000BDR7W8,BBG001S5PCX5,2025-10-05T06:05:16.272383645Z
BRTR,BlackRock ETF Trust II iShares Total Return Active ETF,stocks,us,XNAS,ETF,True,usd,0001804196,BBG01KDV3RF2,BBG01KDV3S97,2025-10-05T06:05:16.272383725Z
BRTX,"BioRestorative Therapies, Inc. Common Stock (NV)",stocks,us,XNAS,CS,True,usd,0001505497,BBG000BNB165,BBG001S90FP6,2025-10-05T06:05:16.272383805Z
BRW,Saba Capital Income & Opportunities Fund,stocks,us,XNYS,FUND,True,usd,0000826020,BBG000C7HM76,BBG001S6Q335,2025-10-05T06:05:16.272383885Z
BRWrw,"Saba Capital Income & Opportunities Fund Rights (expiring October 28, 2025)",stocks,us,XNYS,RIGHT,True,usd,0000826020,BBG01XK1B6W0,BBG01XK1B838,2025-10-05T06:05:16.272383965Z
BRX,BRIXMOR PROPERTY GROUP INC.,stocks,us,XNYS,CS,True,usd,0001581068,BBG001LFLZZ1,BBG001V0T8T2,2025-10-05T06:05:16.272384045Z
BRY,Berry Corporation (bry) Common Stock,stocks,us,XNAS,CS,True,usd,0001705873,BBG00H5HHTV3,BBG00H5HHVK0,2025-10-05T06:05:16.272384125Z
BRZE,"Braze, Inc. Class A Common Stock",stocks,us,XNAS,CS,True,usd,0001676238,BBG00294NX45,BBG00294NX54,2025-10-05T06:05:16.272384206Z
BRZU,Direxion Daily MSCI Brazil Bull 2X Shares,stocks,us,ARCX,ETF,True,usd,0001424958,BBG004F0NT23,BBG004F0NTV1,2025-10-05T06:05:16.272384396Z
BSAA,BEST SPAC I Acquisition Corp. Class A Ordinary Shares,stocks,us,XNAS,CS,True,usd,0002051587,,,2025-10-05T06:05:16.272384476Z
BSAAR,BEST SPAC I Acquisition Corp. Rights,stocks,us,XNAS,RIGHT,True,usd,0002051587,,,2025-10-05T06:05:16.272384556Z
BSAAU,BEST SPAC I Acquisition Corp. Unit,stocks,us,XNAS,UNIT,True,usd,0002051587,,,2025-10-05T06:05:16.272384656Z
BSAC,Banco Santander-Chile,stocks,us,XNYS,ADRC,True,usd,0001027552,BBG000BCZQ13,BBG001S5VVS2,2025-10-05T06:05:16.272384737Z
BSBK,Bogota Financial Corp. Common Stock,stocks,us,XNAS,CS,True,usd,0001787414,BBG00Q709YV6,BBG00Q709ZL4,2025-10-05T06:05:16.272384817Z
BSBR,BANCO SANTANDER (BRASIL) SA,stocks,us,XNYS,ADRC,True,usd,0001471055,BBG000QSFS65,BBG001T5JFT9,2025-10-05T06:05:16.272384897Z
BSCP,Invesco BulletShares 2025 Corporate Bond ETF,stocks,us,XNAS,ETF,True,usd,0001657201,BBG00KJR2HF9,BBG00KJR2J47,2025-10-05T06:05:16.272384977Z
BSCQ,Invesco BulletShares 2026 Corporate Bond ETF,stocks,us,XNAS,ETF,True,usd,0001657201,BBG00KJR2JD7,BBG00KJR2K35,2025-10-05T06:05:16.272385157Z
BSCR,Invesco BulletShares 2027 Corporate Bond ETF,stocks,us,XNAS,ETF,True,usd,0001657201,BBG00KJR2KC5,BBG00KJR2L24,2025-10-05T06:05:16.272385238Z
BSCS,Invesco BulletShares 2028 Corporate Bond ETF,stocks,us,XNAS,ETF,True,usd,0001657201,BBG00LNJW4Y5,BBG00LNJW5P2,2025-10-05T06:05:16.272385318Z
BSCT,Invesco BulletShares 2029 Corporate Bond ETF,stocks,us,XNAS,ETF,True,usd,0001657201,BBG00Q5D6Z22,BBG00Q5D6ZV0,2025-10-05T06:05:16.272385548Z
BSCU,Invesco BulletShares 2030 Corporate Bond ETF,stocks,us,XNAS,ETF,True,usd,0001657201,BBG00X3HYB22,BBG00X3HYBX8,2025-10-05T06:05:16.272385628Z
BSCV,Invesco BulletShares 2031 Corporate Bond ETF,stocks,us,XNAS,ETF,True,usd,0001657201,BBG012JBHC13,BBG012JBHCX8,2025-10-05T06:05:16.272385718Z
BSCW,Invesco BulletShares 2032 Corporate Bond ETF,stocks,us,XNAS,ETF,True,usd,0001657201,BBG019JCS831,BBG019JCS8Z6,2025-10-05T06:05:16.272385799Z
BSCX,Invesco BulletShares 2033 Corporate Bond ETF,stocks,us,XNAS,ETF,True,usd,0001657201,BBG01J7CZNX8,BBG01J7CZQ61,2025-10-05T06:05:16.272385879Z
BSCY,Invesco BulletShares 2034 Corporate Bond ETF,stocks,us,XNAS,ETF,True,usd,0001657201,BBG01N4CTQ26,BBG01N4CTQX2,2025-10-05T06:05:16.272385959Z
BSCZ,Invesco BulletShares 2035 Corporate Bond ETF,stocks,us,XNAS,ETF,True,usd,0001657201,BBG01VDZYY60,BBG01VDZYZ94,2025-10-05T06:05:16.272386139Z
BSEP,Innovator U.S. Equity Buffer ETF - September,stocks,us,BATS,ETF,True,usd,0001482688,BBG00Q4022R1,BBG00Q4023H0,2025-10-05T06:05:16.272386219Z
BSET,Bassett Furniture Industries I,stocks,us,XNAS,CS,True,usd,0000010329,BBG000BDRR63,BBG001S5PDC6,2025-10-05T06:05:16.2723863Z
BSJP,Invesco BulletShares 2025 High Yield Corporate Bond ETF,stocks,us,XNAS,ETF,True,usd,0001657201,BBG00KXH4VM4,BBG00KXH4WB4,2025-10-05T06:05:16.27238638Z
BSJQ,Invesco BulletShares 2026 High Yield Corporate Bond ETF,stocks,us,XNAS,ETF,True,usd,0001657201,BBG00LNJYD19,BBG00LNJYDS0,2025-10-05T06:05:16.27238649Z
BSJR,Invesco BulletShares 2027 High Yield Corporate Bond ETF,stocks,us,XNAS,ETF,True,usd,0001657201,BBG00Q5LFGF2,BBG00Q5LFH79,2025-10-05T06:05:16.27238657Z
BSJS,Invesco BulletShares 2028 High Yield Corporate Bond ETF,stocks,us,XNAS,ETF,True,usd,0001657201,BBG00X3HZJ42,BBG00X3HZJZ8,2025-10-05T06:05:16.27238665Z
BSJT,Invesco BulletShares 2029 High Yield Corporate Bond ETF,stocks,us,XNAS,ETF,True,usd,0001657201,BBG012JBJ2Y7,BBG012JBJ3V8,2025-10-05T06:05:16.27238673Z
BSJU,Invesco BulletShares 2030 High Yield Corporate Bond ETF,stocks,us,XNAS,ETF,True,usd,0001657201,BBG019JCWJW0,BBG019JCWKY5,2025-10-05T06:05:16.272386821Z
BSJV,Invesco BulletShares 2031 High Yield Corporate Bond ETF,stocks,us,XNAS,ETF,True,usd,0001657201,BBG01J7S1505,BBG01J7S15V1,2025-10-05T06:05:16.272386901Z
BSJW,Invesco BulletShares 2032 High Yield Corporate Bond ETF,stocks,us,XNAS,ETF,True,usd,0001657201,BBG01N4CX322,BBG01N4CX3X8,2025-10-05T06:05:16.272386981Z
BSJX,Invesco BulletShares 2033 High Yield Corporate Bond ETF,stocks,us,XNAS,ETF,True,usd,0001657201,BBG01VF0CL85,BBG01VF0CN27,2025-10-05T06:05:16.272387061Z
BSL,Blackstone Senior Floating Rate 2027 Term Fund,stocks,us,XNYS,FUND,True,usd,0001486298,BBG000QFYDY4,BBG001T6YK55,2025-10-05T06:05:16.272387141Z
BSLK,"Bolt Projects Holdings, Inc. Common Stock",stocks,us,XNAS,CS,True,usd,0001841125,BBG00ZGY4FC9,BBG00ZGY4FF6,2025-10-05T06:05:16.272387221Z
BSLKW,"Bolt Projects Holdings, Inc. Warrant",stocks,us,XNAS,WARRANT,True,usd,0001841125,BBG010T16Q19,,2025-10-05T06:05:16.272387472Z
BSM,"Black Stone Minerals, L.P.",stocks,us,XNYS,CS,True,usd,0001621434,BBG008B5CF29,BBG008B5CF38,2025-10-05T06:05:16.272387552Z
BSMC,Brandes U.S. Small-Mid Cap Value ETF,stocks,us,BATS,ETF,True,usd,0001616265,BBG01JM4XMQ1,BBG01JM4XNR8,2025-10-05T06:05:16.272387632Z
BSMP,Invesco BulletShares 2025 Municipal Bond ETF,stocks,us,XNAS,ETF,True,usd,0001657201,BBG00Q9CYLW7,BBG00Q9CYMM6,2025-10-05T06:05:16.272387712Z
BSMQ,Invesco BulletShares 2026 Municipal Bond ETF,stocks,us,XNAS,ETF,True,usd,0001657201,BBG00Q8HN7X9,BBG00Q8HN8N8,2025-10-05T06:05:16.272387792Z
BSMR,Invesco BulletShares 2027 Municipal Bond ETF,stocks,us,XNAS,ETF,True,usd,0001657201,BBG00Q9CYY68,BBG00Q9CYYY7,2025-10-05T06:05:16.272387873Z
BSMS,Invesco BulletShares 2028 Municipal Bond ETF,stocks,us,XNAS,ETF,True,usd,0001657201,BBG00Q8HQSW1,BBG00Q8HQTM0,2025-10-05T06:05:16.272387953Z
BSMT,Invesco BulletShares 2029 Municipal Bond ETF,stocks,us,XNAS,ETF,True,usd,0001657201,BBG00Q9CZ7W7,BBG00Q9CZ8M6,2025-10-05T06:05:16.272388033Z
BSMU,Invesco BulletShares 2030 Municipal Bond ETF,stocks,us,XNAS,ETF,True,usd,0001657201,BBG00X3HX8D8,BBG00X3HX973,2025-10-05T06:05:16.272388113Z
BSMV,Invesco BulletShares 2031 Municipal Bond ETF,stocks,us,XNAS,ETF,True,usd,0001657201,BBG012JBHTD3,BBG012JBHV75,2025-10-05T06:05:16.272388193Z
BSMW,Invesco BulletShares 2032 Municipal Bond ETF,stocks,us,XNAS,ETF,True,usd,0001657201,BBG01FP6V615,BBG01FP6V6X0,2025-10-05T06:05:16.272388273Z
BSMY,Invesco BulletShares 2034 Municipal Bond ETF,stocks,us,XNAS,ETF,True,usd,0001657201,BBG01PMM41N8,BBG01PMM42H3,2025-10-05T06:05:16.272388353Z
BSMZ,Invesco BulletShares 2035 Municipal Bond ETF,stocks,us,XNAS,ETF,True,usd,0001657201,BBG01X5XMKH1,BBG01X5XMLD3,2025-10-05T06:05:16.272388444Z
BSR,Beacon Selective Risk ETF,stocks,us,ARCX,ETF,True,usd,,BBG01G9740W8,BBG01G9741Q3,2025-10-05T06:05:16.272388614Z
BSRR,Sierra Bancorp,stocks,us,XNAS,CS,True,usd,0001130144,BBG000BDJ1L2,BBG001S6XR89,2025-10-05T06:05:16.272388794Z
BSSX,Invesco BulletShares 2033 Municipal Bond ETF,stocks,us,XNAS,ETF,True,usd,0001657201,BBG01J7RZZQ6,BBG01J7S00K5,2025-10-05T06:05:16.272388874Z
BST,BlackRock Science and Technology Trust,stocks,us,XNYS,FUND,True,usd,0001616678,BBG0077G51Q5,BBG0077G51R4,2025-10-05T06:05:16.272388955Z
BSTP,Innovator Buffer Step-Up Strategy ETF,stocks,us,ARCX,ETS,True,usd,0001415726,BBG015LHC1B8,BBG015LHC2K6,2025-10-05T06:05:16.272389035Z
BSTZ,BlackRock Science and Technology Term Trust,stocks,us,XNYS,FUND,True,usd,0001768666,BBG00P5271Z6,BBG00P5272Q4,2025-10-05T06:05:16.272389135Z
BSV,Vanguard Short-Term Bond ETF,stocks,us,ARCX,ETF,True,usd,0000794105,BBG000R44H09,BBG001ST39Q2,2025-10-05T06:05:16.272389205Z
BSVN,Bank7 Corp. Common stock,stocks,us,XNAS,CS,True,usd,0001746129,BBG00LV100N0,BBG00LV101D9,2025-10-05T06:05:16.272389295Z
BSVO,EA Bridgeway Omni Small-Cap Value ETF,stocks,us,XNAS,ETF,True,usd,,BBG01FN0H787,BBG01FN0H876,2025-10-05T06:05:16.272389375Z
BSX,Boston Scientific Corp.,stocks,us,XNYS,CS,True,usd,0000885725,BBG000C0LW92,BBG001S63L94,2025-10-05T06:05:16.272389456Z
BSY,"Bentley Systems, Incorporated Class B Common Stock",stocks,us,XNAS,CS,True,usd,0001031308,BBG000BMSRR9,BBG001SBWGV7,2025-10-05T06:05:16.272389536Z
BTA,Blackrock Long-Term Municipal Advantage Trust,stocks,us,XNYS,FUND,True,usd,0001343793,BBG000BWS336,BBG001SJC7Q8,2025-10-05T06:05:16.272389616Z
BTAI,"BioXcel Therapeutics, Inc. Common Stock",stocks,us,XNAS,CS,True,usd,0001720893,BBG00K20GVD2,BBG00K20GW31,2025-10-05T06:05:16.272389696Z
BTAL,AGF U.S. Market Neutral Anti-Beta Fund,stocks,us,ARCX,ETF,True,usd,0001479598,BBG0021PGZZ5,BBG0021PH0S9,2025-10-05T06:05:16.272389786Z
BTBD,"BT Brands, Inc. Common Stock",stocks,us,XNAS,CS,True,usd,0001718224,BBG00PZ5P5N0,BBG00PZ5P6L0,2025-10-05T06:05:16.272389866Z
BTBDW,"BT Brands, Inc. Warrant",stocks,us,XNAS,WARRANT,True,usd,0001718224,BBG013GN9R23,,2025-10-05T06:05:16.272389947Z
BTBT,"Bit Digital, Inc. Ordinary Shares",stocks,us,XNAS,CS,True,usd,0001710350,,,2025-10-05T06:05:16.272390027Z
BTC,Grayscale Bitcoin Mini Trust ETF,stocks,us,ARCX,ETV,True,usd,0002015034,BBG01NX635X7,BBG01NX636V7,2025-10-05T06:05:16.272390117Z
BTCC,Grayscale Bitcoin Covered Call ETF,stocks,us,ARCX,ETF,True,usd,,BBG01T4T76F0,BBG01T4T77S4,2025-10-05T06:05:16.272390197Z
BTCI,NEOS Bitcoin High Income ETF,stocks,us,BATS,ETF,True,usd,0001848758,BBG01Q9WJCG7,BBG01Q9WJDB0,2025-10-05T06:05:16.272390277Z
BTCL,T-Rex 2X Long Bitcoin Daily Target ETF,stocks,us,BATS,ETF,True,usd,,BBG01MPCZB94,BBG01MPCZCH3,2025-10-05T06:05:16.272390357Z
BTCM,BIT Mining Limited,stocks,us,XNYS,ADRC,True,usd,0001517496,BBG005GRZWJ2,BBG005GRZWH4,2025-10-05T06:05:16.272390437Z
BTCO,Invesco Galaxy Bitcoin ETF,stocks,us,BATS,ETF,True,usd,0001855781,BBG01KY66GF5,BBG01KY66H90,2025-10-05T06:05:16.272390518Z
BTCS,BTCS Inc. Common Stock,stocks,us,XNAS,CS,True,usd,0001436229,BBG000HN50C1,BBG001T3BGY4,2025-10-05T06:05:16.272390748Z
BTCT,BTC Digital Ltd. Ordinary Shares,stocks,us,XNAS,CS,True,usd,0001796514,,,2025-10-05T06:05:16.272390828Z
BTCW,WisdomTree Bitcoin Fund,stocks,us,BATS,ETF,True,usd,0001850391,BBG01KY5LQM0,BBG01KY5LRG5,2025-10-05T06:05:16.272390938Z
BTCZ,T-Rex 2X Inverse Bitcoin Daily Target ETF,stocks,us,BATS,ETF,True,usd,,BBG01MP1JSY1,BBG01MP1JTS6,2025-10-05T06:05:16.272391019Z
BTDR,Bitdeer Technologies Group Class A Ordinary Shares,stocks,us,XNAS,CS,True,usd,0001899123,,,2025-10-05T06:05:16.272391119Z
BTE,Baytex Energy Corp.,stocks,us,XNYS,CS,True,usd,0001279495,BBG000BW3M86,BBG001S998N5,2025-10-05T06:05:16.272391199Z
BTF,Valkyrie ETF Trust II CoinShares Bitcoin and Ether ETF,stocks,us,XNAS,ETF,True,usd,,BBG0132VZKZ0,BBG0132VZLV2,2025-10-05T06:05:16.272391289Z
BTFX,Valkyrie ETF Trust II CoinShares Bitcoin Leverage ETF,stocks,us,XNAS,ETF,True,usd,,BBG01LN1N9G2,BBG01LN1NBB2,2025-10-05T06:05:16.272391359Z
BTG,B2Gold Corp.,stocks,us,XASE,CS,True,usd,0001429937,BBG000V9KFD5,BBG001T0CNW6,2025-10-05T06:05:16.272391439Z
BTGD,Tidal Trust II STKd 100% Bitcoin & 100% Gold ETF,stocks,us,XNAS,ETF,True,usd,,BBG01PPK4B66,BBG01PPK4C28,2025-10-05T06:05:16.27239152Z
BTI,"British American Tobacco p.l.c. American Depositary Shares, American Depositary Shares, each representing one Ordinary Share",stocks,us,XNYS,ADRC,True,usd,0001303523,BBG000BWPXQ8,BBG001S6VV46,2025-10-05T06:05:16.2723916Z
BTM,Bitcoin Depot Inc. Class A Common Stock,stocks,us,XNAS,CS,True,usd,0001901799,BBG014C511P4,BBG014C512J9,2025-10-05T06:05:16.27239168Z
BTMD,Biote Corp. Class A Common Stock,stocks,us,XNAS,CS,True,usd,0001819253,BBG00ZCMCB75,BBG00ZCMCC37,2025-10-05T06:05:16.2723918Z
BTMWW,Bitcoin Depot Inc. Warrant,stocks,us,XNAS,WARRANT,True,usd,0001901799,BBG015LHHQ55,,2025-10-05T06:05:16.27239189Z
BTO,John Hancock Financial Opportunities Fund,stocks,us,XNYS,FUND,True,usd,0000925683,BBG000DH1TW7,BBG001S87ZX8,2025-10-05T06:05:16.27239197Z
BTOC,Armlogi Holding Corp. common stock,stocks,us,XNAS,CS,True,usd,0001972529,BBG01K3HP620,BBG01K3HP6X6,2025-10-05T06:05:16.272392051Z
BTOG,Bit Origin Limited Class A Ordinary Shares,stocks,us,XNAS,CS,True,usd,0001735556,,,2025-10-05T06:05:16.272392391Z
BTOP,Bitwise Trendwise BTC/ETH and Treasuries Rotation Strategy ETF,stocks,us,ARCX,ETF,True,usd,,BBG01JLGWR76,BBG01JLGWS38,2025-10-05T06:05:16.272392471Z
BTQ,BTQ Technologies Corp. Common Stock,stocks,us,XNAS,CS,True,usd,0001821866,BBG01G970R62,BBG001SCZZS4,2025-10-05T06:05:16.272392602Z
BTR,Beacon Tactical Risk ETF,stocks,us,ARCX,ETF,True,usd,,BBG01G965JG6,BBG01G965KC7,2025-10-05T06:05:16.272392682Z
BTRN,Global X Bitcoin Trend Strategy ETF,stocks,us,ARCX,ETF,True,usd,,BBG01LYJJZF9,BBG01LYJK091,2025-10-05T06:05:16.272392762Z
BTSG,"BrightSpring Health Services, Inc. Common Stock",stocks,us,XNAS,CS,True,usd,0001865782,BBG0132WL1X7,BBG0132WL2T0,2025-10-05T06:05:16.272392842Z
BTSGU,"BrightSpring Health Services, Inc. Tangible Equity Unit",stocks,us,XNAS,UNIT,True,usd,0001865782,,,2025-10-05T06:05:16.272392922Z
BTT,BlackRock Municipal 2030 Target Term Trust,stocks,us,XNYS,FUND,True,usd,0001528437,BBG003BPLZZ6,BBG003BPM0W5,2025-10-05T06:05:16.272393293Z
BTTC,Black Titan Corporation Ordinary Shares,stocks,us,XNAS,CS,True,usd,0002034400,,,2025-10-05T06:05:16.272393373Z
BTU,Peabody Energy Corporation,stocks,us,XNYS,CS,True,usd,0001064728,BBG00GBV88T6,BBG00GBV89J5,2025-10-05T06:05:16.272393453Z
BTX,BlackRock Technology and Private Equity Term Trust,stocks,us,XNYS,FUND,True,usd,0001836057,BBG00ZSNMK93,BBG00ZSNML46,2025-10-05T06:05:16.272393533Z
BTZ,BlackRock Credit Allocation Income Trust,stocks,us,XNYS,FUND,True,usd,0001379384,BBG000QHYF20,BBG001SS72L0,2025-10-05T06:05:16.272393614Z
BUCK,Simplify Treasury Option Income ETF,stocks,us,ARCX,ETF,True,usd,0001810747,BBG01B77MTX7,BBG01B77MVT7,2025-10-05T06:05:16.272393694Z
BUD,Anheuser-Busch INBEV SA/NV,stocks,us,XNYS,ADRC,True,usd,0001668717,BBG000RYC984,BBG001T53FW2,2025-10-05T06:05:16.272393774Z
BUFB,Innovator Laddered Allocation Buffer ETF,stocks,us,BATS,ETF,True,usd,0001415726,BBG0154NXWC2,BBG0154NXX67,2025-10-05T06:05:16.272393864Z
BUFC,AB Conservative Buffer ETF,stocks,us,XNAS,ETF,True,usd,,BBG01KCG4K79,BBG01KCG4L31,2025-10-05T06:05:16.272393944Z
BUFD,FT Vest Laddered Deep Buffer ETF,stocks,us,BATS,ETF,True,usd,0001667919,BBG00YXMQWF5,BBG00YXMQXB7,2025-10-05T06:05:16.272394024Z
BUFF,Innovator Laddered Allocation Power Buffer ETF,stocks,us,BATS,ETF,True,usd,0001415726,BBG00DZWKTT5,BBG00DZWKTV2,2025-10-05T06:05:16.272394104Z
BUFG,FT Vest Buffered Allocation Growth ETF,stocks,us,BATS,ETF,True,usd,0001667919,BBG0133TR2L8,BBG0133TR3F3,2025-10-05T06:05:16.272394185Z
BUFH,FT Vest Laddered Max Buffer ETF,stocks,us,BATS,ETF,True,usd,,BBG01VL9CLP0,BBG01VL9CML2,2025-10-05T06:05:16.272394265Z
BUFI,AB International Buffer ETF,stocks,us,XNAS,ETF,True,usd,,BBG01R3MJ382,BBG01R3MJ471,2025-10-05T06:05:16.272394345Z
BUFM,AB Moderate Buffer ETF,stocks,us,XNAS,ETF,True,usd,,BBG01R3M53N0,BBG01R3M54L0,2025-10-05T06:05:16.272394425Z
BUFP,PGIM Laddered S&P 500 Buffer 12 ETF,stocks,us,BATS,ETF,True,usd,,BBG01N63NSX2,BBG01N63NTS6,2025-10-05T06:05:16.272394505Z
BUFQ,FT Vest Laddered Nasdaq Buffer ETF,stocks,us,BATS,ETF,True,usd,0001667919,BBG01846SS29,BBG01846SSX5,2025-10-05T06:05:16.272394585Z
BUFR,FT Vest Laddered Buffer ETF,stocks,us,BATS,ETF,True,usd,0001667919,BBG00VC9SYJ3,BBG00VC9SZ91,2025-10-05T06:05:16.272394816Z
BUFS,FT Vest Laddered Small Cap Moderate Buffer ETF,stocks,us,BATS,ETF,True,usd,0001667919,BBG01N24Q7Q5,BBG01N24Q8K9,2025-10-05T06:05:16.272394996Z
BUFT,FT Vest Buffered Allocation Defensive ETF,stocks,us,BATS,ETF,True,usd,0001667919,BBG0133TT3L4,BBG0133TT4G8,2025-10-05T06:05:16.272395076Z
BUFX,FT Vest Laddered Enhance & Moderate Buffer ETF,stocks,us,BATS,ETF,True,usd,,BBG01VL8HR38,BBG01VL8HS27,2025-10-05T06:05:16.272395287Z
BUFY,FT Vest Laddered International Moderate Buffer ETF,stocks,us,BATS,ETF,True,usd,0001667919,BBG01PXF9M23,BBG01PXF9WP6,2025-10-05T06:05:16.272395367Z
BUFZ,FT Vest Laddered Moderate Buffer ETF,stocks,us,BATS,ETF,True,usd,0001667919,BBG01JPH1F07,BBG01JPH1FX1,2025-10-05T06:05:16.272395447Z
BUG,Global X Cybersecurity ETF,stocks,us,XNAS,ETF,True,usd,0001432353,BBG00QNKPSW8,BBG00QNKPTM7,2025-10-05T06:05:16.272395527Z
BUI,"BlackRock Utilities, Infrastructure & Power Opportunities Trust",stocks,us,XNYS,FUND,True,usd,0001528988,BBG0021RGFM9,BBG0021RGFN8,2025-10-05T06:05:16.272395607Z
BUL,Pacer US Cash Cows Growth ETF,stocks,us,ARCX,ETF,True,usd,0001616668,BBG00P1M9DR7,BBG00P1M9FH3,2025-10-05T06:05:16.272395697Z
BULD,Pacer BlueStar Engineering the Future ETF,stocks,us,XNAS,ETF,True,usd,0001616668,BBG016PG3268,BBG016PG3311,2025-10-05T06:05:16.272395778Z
BULG,Leverage Shares 2X Long BULL Daily ETF,stocks,us,XNAS,ETF,True,usd,,BBG01WJFFBH5,BBG01WJFFCG4,2025-10-05T06:05:16.272395938Z
BULL,Webull Corporation Class A Ordinary Shares,stocks,us,XNAS,CS,True,usd,0001866364,,,2025-10-05T06:05:16.272396018Z
BULLW,Webull Corporation Warrants,stocks,us,XNAS,WARRANT,True,usd,0001866364,,,2025-10-05T06:05:16.272396098Z
BULU,T-REX 2X Long BULL Daily Target ETF,stocks,us,BATS,ETF,True,usd,,BBG01WC0KS19,BBG01WC0KTL5,2025-10-05T06:05:16.272396168Z
BULX,GraniteShares 2x Long BULL Daily ETF,stocks,us,XNAS,ETF,True,usd,0001689873,BBG01WYK2Y27,BBG01WYK2Z15,2025-10-05T06:05:16.272396259Z
BULZ,MicroSectors FANG & Innovation 3x Leveraged ETN,stocks,us,ARCX,ETN,True,usd,0000927971,BBG012312V16,BBG012312VW2,2025-10-05T06:05:16.272396339Z
BUR,Burford Capital Limited,stocks,us,XNYS,CS,True,usd,0001714174,,,2025-10-05T06:05:16.272396419Z
BURL,"BURLINGTON STORES, INC.",stocks,us,XNYS,CS,True,usd,0001579298,BBG004S641N5,BBG004S641P3,2025-10-05T06:05:16.272396489Z
BURU,"Nuburu, Inc.",stocks,us,XASE,CS,True,usd,0001814215,BBG00XY98XV5,BBG00XY98YP0,2025-10-05T06:05:16.272396689Z
BUSA,Brandes U.S. Value ETF,stocks,us,BATS,ETF,True,usd,0001616265,BBG01JM4S879,BBG01JM4S959,2025-10-05T06:05:16.27239688Z
BUSE,First Busey Corporation Class A Common Stock,stocks,us,XNAS,CS,True,usd,0000314489,BBG000JNCBF4,BBG001SBH5P5,2025-10-05T06:05:16.27239696Z
BUSEP,"First Busey Corporation Depositary Shares, Each Representing a 1/40thInterest in a Share of 8.25% Fixed-Rate Series B Non-Cumulative Perpetual Preferred Stock",stocks,us,XNAS,PFD,True,usd,0000314489,,,2025-10-05T06:05:16.27239704Z
BUUU,BUUU Group Limited Class A Ordinary Share,stocks,us,XNAS,CS,True,usd,0002047273,,,2025-10-05T06:05:16.27239712Z
BUXX,Strive Enhanced Income Short Maturity ETF,stocks,us,XNYS,ETF,True,usd,,BBG01HTJY992,BBG01HTJYB42,2025-10-05T06:05:16.2723972Z
BUYO,KraneShares Man Buyout Beta Index ETF,stocks,us,ARCX,ETF,True,usd,0001536592,BBG01Q54RZ00,BBG01Q54RZW5,2025-10-05T06:05:16.272397421Z
BUYW,Main BuyWrite ETF,stocks,us,BATS,ETF,True,usd,0001733356,BBG019K5YFR5,BBG019K5YGL9,2025-10-05T06:05:16.272397501Z
BUYZ,Franklin Disruptive Commerce ETF,stocks,us,BATS,ETF,True,usd,0001655589,BBG00RRFQK40,BBG00RRFQKW9,2025-10-05T06:05:16.272397711Z
BUZZ,VanEck Social Sentiment ETF,stocks,us,ARCX,ETF,True,usd,0001137360,BBG00ZFBZ155,BBG00ZFBZ217,2025-10-05T06:05:16.272397872Z
BV,"BrightView Holdings, Inc. Common Stock",stocks,us,XNYS,CS,True,usd,0001734713,BBG00L1LT6D6,BBG00L1LT744,2025-10-05T06:05:16.272398042Z
BVAL,Bluemonte Large Cap Value ETF,stocks,us,ARCX,ETF,True,usd,0001452937,BBG01VF3LX56,BBG01VF3LY18,2025-10-05T06:05:16.272398122Z
BVFL,"BV Financial, Inc. Common Stock",stocks,us,XNAS,CS,True,usd,0001302387,BBG000QRTJ17,BBG001SNJGK8,2025-10-05T06:05:16.272398202Z
BVN,Compania de Minas Buenaventura S.A.,stocks,us,XNYS,ADRC,True,usd,0001013131,BBG000GPXR82,BBG001S8LTR3,2025-10-05T06:05:16.272398292Z
BVS,Bioventus Inc. Class A Common Stock,stocks,us,XNAS,CS,True,usd,0001665988,BBG00D8550B3,BBG00D8550C2,2025-10-05T06:05:16.272398373Z
BW,"Babcock & Wilcox Enterprises, Inc.",stocks,us,XNYS,CS,True,usd,0001630805,BBG007H0TDK3,BBG007H0TDL2,2025-10-05T06:05:16.272398453Z
BWA,BorgWarner Inc.,stocks,us,XNYS,CS,True,usd,0000908255,BBG000BJ49H3,BBG001S7F4D2,2025-10-05T06:05:16.272398533Z
BWAY,Brainsway Ltd. American Depositary Shares,stocks,us,XNAS,ADRC,True,usd,0001505065,BBG00N2K3XL3,BBG00N2K3YB2,2025-10-05T06:05:16.272398603Z
BWB,"Bridgewater Bancshares, Inc. Common Stock",stocks,us,XNAS,CS,True,usd,0001341317,BBG000NMWQ11,BBG001SQNYQ1,2025-10-05T06:05:16.272398823Z
BWBBP,"Bridgewater Bancshares, Inc. Depositary Shares, Each Representing a 1/100th Interest in a Share of 5.875% Non-Cumulative Perpetual Preferred Stock, Series A",stocks,us,XNAS,CS,True,usd,0001341317,,,2025-10-05T06:05:16.272398904Z
BWEB,Bitwise Web3 ETF,stocks,us,ARCX,ETF,True,usd,,BBG019XGH0S8,BBG019XGH1M2,2025-10-05T06:05:16.272398984Z
BWEN,"Broadwind, Inc. Common Stock",stocks,us,XNAS,CS,True,usd,0001120370,BBG000DYHZ04,BBG001SKFPL7,2025-10-05T06:05:16.272399074Z
BWET,Breakwave Tanker Shipping ETF,stocks,us,ARCX,ETV,True,usd,0001610940,BBG01FP0JLS0,BBG01FP0JMP1,2025-10-05T06:05:16.272399174Z
BWFG,Bankwell Financial Group Inc,stocks,us,XNAS,CS,True,usd,0001505732,BBG000Q4FJD0,BBG001SM5TJ9,2025-10-05T06:05:16.272399264Z
BWG,BrandywineGLOBAL Global Income Opportunities Fund Inc.,stocks,us,XNYS,FUND,True,usd,0001504545,BBG002B1RR92,BBG002B1RS18,2025-10-05T06:05:16.272399344Z
BWIN,"The Baldwin Insurance Group, Inc. Class A Common Stock",stocks,us,XNAS,CS,True,usd,0001781755,BBG00QDCHF36,BBG00QDCHF45,2025-10-05T06:05:16.272399425Z
BWLP,BW LPG Limited,stocks,us,XNYS,CS,True,usd,0001649313,,,2025-10-05T06:05:16.272399535Z
BWMN,Bowman Consulting Group Ltd. Common Stock,stocks,us,XNAS,CS,True,usd,0001847590,BBG003BPV1Q0,BBG003BPV1R9,2025-10-05T06:05:16.272399625Z
BWMX,"Betterware de Mexico, S.A.P.I. de C.V.",stocks,us,XNYS,CS,True,usd,0001788257,,,2025-10-05T06:05:16.272399795Z
BWNB,"Babcock & Wilcox Enterprises, Inc. 6.50% Senior Notes due 2026",stocks,us,XNYS,SP,True,usd,0001630805,,,2025-10-05T06:05:16.272399875Z
BWSN,"Babcock & Wilcox Enterprises, Inc. 8.125% Senior Notes due 2026",stocks,us,XNYS,SP,True,usd,0001630805,,,2025-10-05T06:05:16.272399956Z
BWTG,Brendan Wood TopGun Index ETF,stocks,us,BATS,ETF,True,usd,,BBG01K1W6WQ7,BBG01K1W6XK1,2025-10-05T06:05:16.272400036Z
BWX,SPDR Bloomberg International Treasury Bond ETF,stocks,us,ARCX,ETF,True,usd,0001064642,BBG000TH5D97,BBG001T05M47,2025-10-05T06:05:16.272400116Z
BWXT,"BWX Technologies, Inc.",stocks,us,XNYS,CS,True,usd,0001486957,BBG000D86F25,BBG001SGJPH7,2025-10-05T06:05:16.272400206Z
BWZ,SPDR Bloomberg Short Term International Treasury Bond ETF,stocks,us,ARCX,ETF,True,usd,0001064642,BBG000F935R9,BBG001T2HDZ6,2025-10-05T06:05:16.272400286Z
BWpA,"Babcock & Wilcox Enterprises, Inc. 7.75% Series A Cumulative Perpetual Preferred Stock",stocks,us,XNYS,PFD,True,usd,0001630805,,,2025-10-05T06:05:16.272400366Z
BX,Blackstone Inc.,stocks,us,XNYS,CS,True,usd,0001393818,BBG000BH0106,BBG001S7H949,2025-10-05T06:05:16.272400537Z
BXC,BlueLinx Holdings Inc.,stocks,us,XNYS,CS,True,usd,0001301787,BBG000GZGZR0,BBG001SHHF25,2025-10-05T06:05:16.272400697Z
BXMT,"Blackstone Mortgage Trust, Inc. (NEW)",stocks,us,XNYS,CS,True,usd,0001061630,BBG000BGKJ70,BBG001S5Q7V7,2025-10-05T06:05:16.272401048Z
BXMX,NUVEEN S&P BUY-WRITE INCOME FUND,stocks,us,XNYS,FUND,True,usd,0001298699,BBG000BHB453,BBG001S7ZM04,2025-10-05T06:05:16.272401128Z
BXP,"BXP, Inc.",stocks,us,XNYS,CS,True,usd,0001037540,BBG000BS5CM9,BBG001S9TWV1,2025-10-05T06:05:16.272401278Z
BXSL,Blackstone Secured Lending Fund,stocks,us,XNYS,CS,True,usd,0001736035,BBG00MS80PM3,BBG00MS80PP0,2025-10-05T06:05:16.272401358Z
BY,"Byline Bancorp, Inc. Common Stock",stocks,us,XNYS,CS,True,usd,0001702750,BBG000G2ZJ98,BBG001SMZRV6,2025-10-05T06:05:16.272401469Z
BYD,Boyd Gaming Corporation,stocks,us,XNYS,CS,True,usd,0000906553,BBG000BHX9P6,BBG001S7DMW3,2025-10-05T06:05:16.272401549Z
BYFC,Broadway Financial Corp/Del,stocks,us,XNAS,CS,True,usd,0001001171,BBG000BD6V58,BBG001S5WLL0,2025-10-05T06:05:16.272401639Z
BYLD,iShares Yield Optimized Bond ETF,stocks,us,ARCX,ETF,True,usd,0001100663,BBG006C0Q450,BBG006C0Q441,2025-10-05T06:05:16.272401799Z
BYM,BLACKROCK MUNICIPAL INCOME QUALITY TRUST,stocks,us,XNYS,FUND,True,usd,0001181187,BBG000BLWDZ8,BBG001S99KD9,2025-10-05T06:05:16.272401979Z
BYND,"Beyond Meat, Inc. Common Stock",stocks,us,XNAS,CS,True,usd,0001655210,BBG003CVJP50,BBG003CVJP69,2025-10-05T06:05:16.27240206Z
BYRE,Principal Real Estate Active Opportunities ETF,stocks,us,ARCX,ETF,True,usd,0001572661,BBG017F2LW26,BBG017F2LX60,2025-10-05T06:05:16.27240214Z
BYRN,"Byrna Technologies, Inc. Common Stock",stocks,us,XNAS,CS,True,usd,0001354866,BBG000BB05T9,BBG001S5QDS8,2025-10-05T06:05:16.27240225Z
BYSI,BeyondSpring Inc. Ordinary Shares,stocks,us,XNAS,CS,True,usd,0001677940,,,2025-10-05T06:05:16.27240233Z
BZ,KANZHUN LIMITED American Depository Shares,stocks,us,XNAS,ADRC,True,usd,0001842827,BBG01163M5L4,BBG01163M6H7,2025-10-05T06:05:16.27240241Z
BZAI,"Blaize Holdings, Inc. Common Stock",stocks,us,XNAS,CS,True,usd,0001871638,BBG0127JV6Z9,BBG0127JV7T4,2025-10-05T06:05:16.27240249Z
BZAIW,"Blaize Holdings, Inc. Warrants",stocks,us,XNAS,WARRANT,True,usd,0001871638,BBG0127QCDZ9,,2025-10-05T06:05:16.272402581Z
BZFD,"BuzzFeed, Inc. Class A Common Stock",stocks,us,XNAS,CS,True,usd,0001828972,BBG00YPS9JP8,BBG00YPS9KZ4,2025-10-05T06:05:16.272402811Z
BZFDW,"BuzzFeed, Inc. Warrant",stocks,us,XNAS,WARRANT,True,usd,0001828972,BBG00YPTSJH4,,2025-10-05T06:05:16.272402891Z
BZH,"Beazer Homes USA, Inc. New",stocks,us,XNYS,CS,True,usd,0000915840,BBG000BDLQJ7,BBG001S76DH8,2025-10-05T06:05:16.272402971Z
BZQ,ProShares UltraShort MSCI Brazil Capped,stocks,us,ARCX,ETF,True,usd,0001174610,BBG000MKPM86,BBG001T4SGH3,2025-10-05T06:05:16.272403052Z
BZUN,Baozun Inc. American Depositary Shares,stocks,us,XNAS,ADRC,True,usd,0001625414,BBG008HNS333,BBG008HNS324,2025-10-05T06:05:16.272403142Z
C,Citigroup Inc.,stocks,us,XNYS,CS,True,usd,0000831001,BBG000FY4S11,BBG001S72ZG4,2025-10-05T06:05:16.272403222Z
CA,Xtrackers California Municipal Bonds ETF,stocks,us,XNAS,ETF,True,usd,,BBG01KC51RB6,BBG01KC51S51,2025-10-05T06:05:16.272403302Z
CAAA,First Trust AAA CMBS ETF,stocks,us,ARCX,ETF,True,usd,0001517936,BBG01LPWBDS3,BBG01LPWBFM4,2025-10-05T06:05:16.272403382Z
CAAP,Corporacion America Airports S.A.,stocks,us,XNYS,CS,True,usd,0001717393,,,2025-10-05T06:05:16.272403472Z
CAAS,"China Automotive Systems, Inc. Ordinary Share",stocks,us,XNAS,CS,True,usd,0002037400,,,2025-10-05T06:05:16.272403673Z
CABA,"Cabaletta Bio, Inc. Common Stock",stocks,us,XNAS,CS,True,usd,0001759138,BBG00MJ3BKW2,BBG00MJ3BKX1,2025-10-05T06:05:16.272403853Z
CABO,"Cable One, Inc.",stocks,us,XNYS,CS,True,usd,0001632127,BBG000F02T51,BBG001SFK9N6,2025-10-05T06:05:16.272403933Z
CAC,Camden National Corporation,stocks,us,XNAS,CS,True,usd,0000750686,BBG000BB1LK2,BBG001S5PGN7,2025-10-05T06:05:16.272404013Z
CACC,Credit Acceptance Corp,stocks,us,XNAS,CS,True,usd,0000885550,BBG000CS0D96,BBG001S71KS5,2025-10-05T06:05:16.272404104Z
CACI,CACI INTERNATIONAL CLA,stocks,us,XNYS,CS,True,usd,0000016058,BBG000KQY8Y7,BBG001SF9NK1,2025-10-05T06:05:16.272404194Z
CADE,Cadence Bank,stocks,us,XNYS,CS,True,usd,0001299939,BBG000D3MJP5,BBG001SHFG98,2025-10-05T06:05:16.272404274Z
CADEpA,Cadence Bank 5.50% Series A Non- Cumulative Perpetual Preferred Stock,stocks,us,XNYS,PFD,True,usd,0001299939,,,2025-10-05T06:05:16.272404494Z
CADL,"Candel Therapeutics, Inc. Common Stock",stocks,us,XNAS,CS,True,usd,0001841387,BBG00N0D4Z71,BBG00N0D4Z80,2025-10-05T06:05:16.272404574Z
CAE,CAE INC,stocks,us,XNYS,CS,True,usd,0001173382,BBG000KPFXB0,BBG001S5Y4F3,2025-10-05T06:05:16.272404705Z
CAEP,"Cantor Equity Partners III, Inc. Class A Ordinary Shares",stocks,us,XNAS,CS,True,usd,0002034268,,,2025-10-05T06:05:16.272404795Z
CAF,"MORGAN STANLEY CHINA A SHARE FUND, INC",stocks,us,XNYS,FUND,True,usd,0001368493,BBG000BXCMK0,BBG001SJJR32,2025-10-05T06:05:16.272404885Z
CAFG,Pacer US Small Cap Cash Cows Growth Leaders ETF,stocks,us,XNAS,ETF,True,usd,0001616668,BBG01GHNGXP7,BBG01GHNGYJ2,2025-10-05T06:05:16.272404975Z
CAFX,Congress Intermediate Bond ETF,stocks,us,ARCX,ETF,True,usd,,BBG01PH9B6T8,BBG01PH9B8W0,2025-10-05T06:05:16.272405045Z
CAG,"Conagra Brands, Inc.",stocks,us,XNYS,CS,True,usd,0000023217,BBG000BDXGP9,BBG001S5PGY5,2025-10-05T06:05:16.272405136Z
CAH,"Cardinal Health, Inc.",stocks,us,XNYS,CS,True,usd,0000721371,BBG000D898T9,BBG001S7PC34,2025-10-05T06:05:16.272405206Z
CAI,"Caris Life Sciences, Inc. Common Stock",stocks,us,XNAS,CS,True,usd,0002019410,BBG00255V2N4,BBG00255V2P2,2025-10-05T06:05:16.272405296Z
CAIE,Calamos Autocallable Income ETF,stocks,us,ARCX,ETF,True,usd,0001579881,BBG01VPYP2K4,BBG01VPYP3N9,2025-10-05T06:05:16.272405486Z
CAKE,Cheesecake Factory (The),stocks,us,XNAS,CS,True,usd,0000887596,BBG000CS8TM8,BBG001S71Q75,2025-10-05T06:05:16.272405566Z
CAL,Caleres Inc,stocks,us,XNYS,CS,True,usd,0000014707,BBG000CYSFS7,BBG001S76YV6,2025-10-05T06:05:16.272405656Z
CALC,"CalciMedica, Inc. Common Stock",stocks,us,XNAS,CS,True,usd,0001534133,BBG0088HHJ97,BBG0088HHJB4,2025-10-05T06:05:16.272405747Z
CALF,Pacer US Small Cap Cash Cows ETF,stocks,us,BATS,ETF,True,usd,0001616668,BBG00GXXR0R6,BBG00GXXR1G6,2025-10-05T06:05:16.272405827Z
CALI,BlackRock ETF Trust II iShares Short-Term California Muni Active ETF,stocks,us,XNAS,ETF,True,usd,0001804196,BBG01HFQDDT3,BBG01HFQDFN4,2025-10-05T06:05:16.272405907Z
CALM,Cal-Maine Foods Inc,stocks,us,XNAS,CS,True,usd,0000016160,BBG000CDMJW6,BBG001S80MM6,2025-10-05T06:05:16.272406127Z
CALX,"CALIX, INC.",stocks,us,XNYS,CS,True,usd,0001406666,BBG000PXJB68,BBG001T633M8,2025-10-05T06:05:16.272406208Z
CAML,Congress Large Cap Growth ETF,stocks,us,ARCX,ETF,True,usd,,BBG01J1GM3V5,BBG01J1GM4P0,2025-10-05T06:05:16.272406368Z
CAMP,CAMP4 Therapeutics Corporation Common Stock,stocks,us,XNAS,CS,True,usd,0001736730,BBG00L2CHQ80,BBG00L2CHQ99,2025-10-05T06:05:16.272406448Z
CAMT,Camtek Ltd,stocks,us,XNAS,CS,True,usd,0001109138,,,2025-10-05T06:05:16.272406688Z
CAMX,Cambiar Aggressive Value ETF,stocks,us,ARCX,ETF,True,usd,,BBG01F6P7HM4,BBG01F6P7JG7,2025-10-05T06:05:16.272406769Z
CAN,Canaan Inc. American Depositary Shares,stocks,us,XNAS,ADRC,True,usd,0001780652,BBG00QQ10GB3,BBG00QQ10GC2,2025-10-05T06:05:16.272406939Z
CANC,Tema Oncology ETF,stocks,us,XNAS,ETF,True,usd,0002056807,BBG01HWYMDJ8,BBG01HWYMFD9,2025-10-05T06:05:16.272407029Z
CANE,Teucrium Sugar Fund,stocks,us,ARCX,ETV,True,usd,0001471824,BBG0022QX3Y5,BBG0022QX4Q2,2025-10-05T06:05:16.272407109Z
CANF,"Can-Fite BioPharma Ltd. American Depositary Shares, each representing three hundred (300) Ordinary Shares",stocks,us,XASE,ADRC,True,usd,0001536196,BBG003CMFDM2,BBG003CMFFC8,2025-10-05T06:05:16.272407189Z
CANG,"Cango Inc. American Depositary Shares,  each representing two (2) Class A Ordinary Shares",stocks,us,XNYS,ADRC,True,usd,0001725123,BBG00L8YVV43,BBG00L8YVVX1,2025-10-05T06:05:16.27240727Z
CANQ,Calamos ETF Trust Calamos Nasdaq Equity & Income ETF,stocks,us,XNAS,ETF,True,usd,0001579881,BBG01LG9GZD6,BBG01LG9H097,2025-10-05T06:05:16.27240735Z
CAOS,Alpha Architect Tail Risk ETF,stocks,us,BATS,ETF,True,usd,,BBG01F8C2631,BBG01F8C26Y7,2025-10-05T06:05:16.27240744Z
CAPE,DoubleLine Shiller CAPE U.S. Equities ETF,stocks,us,ARCX,ETF,True,usd,0001886172,BBG016GD7CG8,BBG016GD7D94,2025-10-05T06:05:16.27240762Z
CAPL,CrossAmerica Partners LP Common units representing limited partner interests,stocks,us,XNYS,CS,True,usd,0001538849,BBG002Z9XD93,BBG002Z9XF16,2025-10-05T06:05:16.272407811Z
CAPN,Cayson Acquisition Corp Ordinary shares,stocks,us,XNAS,CS,True,usd,0002024203,,,2025-10-05T06:05:16.272407901Z
CAPNR,Cayson Acquisition Corp Right,stocks,us,XNAS,RIGHT,True,usd,0002024203,,,2025-10-05T06:05:16.272408121Z
CAPNU,Cayson Acquisition Corp Unit,stocks,us,XNAS,UNIT,True,usd,0002024203,,,2025-10-05T06:05:16.272408201Z
CAPR,Capricor Therapeutics Inc,stocks,us,XNAS,CS,True,usd,0001133869,BBG000DZMK99,BBG001SKJV12,2025-10-05T06:05:16.272408312Z
CAPS,Capstone Holding Corp. Common Stock,stocks,us,XNAS,CS,True,usd,0000887151,BBG000BGY478,BBG001S76F74,2025-10-05T06:05:16.272408392Z
CAPT,Captivision Inc. Ordinary Shares,stocks,us,XNAS,CS,True,usd,0001967478,,,2025-10-05T06:05:16.272408472Z
CAPTW,Captivision Inc. Warrant,stocks,us,XNAS,WARRANT,True,usd,0001967478,,,2025-10-05T06:05:16.272408552Z
CAR,"Avis Budget Group, Inc.",stocks,us,XNAS,CS,True,usd,0000723612,BBG000FLPRH1,BBG001S8S6R6,2025-10-05T06:05:16.272408632Z
CARD,MAX Auto Industry -3x Inverse Leveraged ETN,stocks,us,ARCX,ETN,True,usd,0000927971,BBG01GWQMZQ0,BBG01GWQN0K2,2025-10-05T06:05:16.272408712Z
CARE,"Carter Bankshares, Inc. Common Stock",stocks,us,XNAS,CS,True,usd,0001829576,BBG00Y9DFYJ6,BBG00Y9DFYK4,2025-10-05T06:05:16.272408973Z
CARG,"CarGurus, Inc. Class A Common Stock",stocks,us,XNAS,CS,True,usd,0001494259,BBG00HQ77DS2,BBG00HQ77DT1,2025-10-05T06:05:16.272409043Z
CARK,CastleArk Large Growth ETF,stocks,us,ARCX,ETF,True,usd,,BBG01KFL5G37,BBG01KFL5GY3,2025-10-05T06:05:16.272409133Z
CARL,"Carlsmed, Inc. Common Stock",stocks,us,XNAS,CS,True,usd,0001794546,BBG00PQMDFQ1,BBG00PQMDFR0,2025-10-05T06:05:16.272409213Z
CARM,"Carisma Therapeutics, Inc. Common Stock",stocks,us,XNAS,CS,True,usd,0001485003,BBG001J2N453,BBG001V0GC35,2025-10-05T06:05:16.272409293Z
CARR,Carrier Global Corporation,stocks,us,XNYS,CS,True,usd,0001783180,BBG00RP5HYS8,BBG00RP5HZM1,2025-10-05T06:05:16.272409364Z
CARS,Cars.com Inc. Common Stock,stocks,us,XNYS,CS,True,usd,0001683606,BBG000HGTH33,BBG001SP6HB5,2025-10-05T06:05:16.272409454Z
CART,Maplebear Inc. Common Stock,stocks,us,XNAS,CS,True,usd,0001579091,BBG00KG5VJF4,BBG00KG5VJG3,2025-10-05T06:05:16.272409624Z
CARU,MAX Auto Industry 3x Leveraged ETN,stocks,us,ARCX,ETN,True,usd,0000927971,BBG01GWQK5M2,BBG01GWQK6G7,2025-10-05T06:05:16.272409834Z
CARV,"Carver Bancorp, Inc.",stocks,us,XNAS,CS,True,usd,0001016178,BBG000BV2JL1,BBG001S73P02,2025-10-05T06:05:16.272409915Z
CARY,Angel Oak Income ETF,stocks,us,XNAS,ETF,True,usd,,BBG01B5GT706,BBG01B5GT7V2,2025-10-05T06:05:16.272410035Z
CARZ,First Trust Exchange-Traded Fund II First Trust S-Network Future Vehicles & Technology ETF,stocks,us,XNAS,ETF,True,usd,0001125816,BBG001P62KF3,BBG001V18T17,2025-10-05T06:05:16.272410125Z
CAS,Simplify China A Shares PLUS Income ETF,stocks,us,ARCX,ETF,True,usd,0001822309,BBG01RQWJHF6,BBG01RQWJJK6,2025-10-05T06:05:16.272410205Z
CASH,"Pathward Financial, Inc. Common Stock",stocks,us,XNAS,CS,True,usd,0000907471,BBG000BKLTP8,BBG001S7G4Q7,2025-10-05T06:05:16.272410285Z
CASI,"CASI Pharmaceuticals, Inc. Ordinary Shares",stocks,us,XNAS,CS,True,usd,0001962738,,,2025-10-05T06:05:16.272410365Z
CASS,Cass Information Systems Inc,stocks,us,XNAS,CS,True,usd,0000708781,BBG000BCXN49,BBG001S5VK42,2025-10-05T06:05:16.272410446Z
CASY,Casey's General Stores Inc,stocks,us,XNAS,CS,True,usd,0000726958,BBG000BF0672,BBG001S5PHZ2,2025-10-05T06:05:16.272410526Z
CAT,Caterpillar Inc.,stocks,us,XNYS,CS,True,usd,0000018230,BBG000BF0K17,BBG001S5PJ06,2025-10-05T06:05:16.272410616Z
CATF,American Century California Municipal Bond ETF,stocks,us,ARCX,ETF,True,usd,0001710607,BBG01NMQT7R0,BBG01NMQT9L2,2025-10-05T06:05:16.272410696Z
CATH,Global X S&P 500 Catholic Values ETF,stocks,us,XNAS,ETF,True,usd,0001432353,BBG00CP9KWJ3,BBG00CP9KWK1,2025-10-05T06:05:16.272410907Z
CATO,CATO CORP,stocks,us,XNYS,CS,True,usd,0000018255,BBG000JX7SX1,BBG001SD32N5,2025-10-05T06:05:16.272410997Z
CATX,"Perspective Therapeutics, Inc.",stocks,us,XASE,CS,True,usd,0000728387,BBG000BG5HT7,BBG001S5Q300,2025-10-05T06:05:16.272411067Z
CATY,Cathay General Bancorp,stocks,us,XNAS,CS,True,usd,0000861842,BBG000C668L5,BBG001S6PB10,2025-10-05T06:05:16.272411157Z
CAVA,"CAVA Group, Inc.",stocks,us,XNYS,CS,True,usd,0001639438,BBG00GBR8753,BBG00GBR8762,2025-10-05T06:05:16.272411237Z
CB,Chubb Limited,stocks,us,XNYS,CS,True,usd,0000896159,,,2025-10-05T06:05:16.272411317Z
CBAN,Colony Bankcorp Inc.,stocks,us,XNYS,CS,True,usd,0000711669,BBG000HH3LY6,BBG001S98KP7,2025-10-05T06:05:16.272411407Z
CBAT,"CBAK Energy Technology, Inc. Common Stock",stocks,us,XNAS,CS,True,usd,0001117171,BBG000DZX6K5,BBG001SKK0H1,2025-10-05T06:05:16.272411488Z
CBFV,"CB Financial Services, Inc. (PA)",stocks,us,XNAS,CS,True,usd,0001605301,BBG000BKT8B1,BBG001S825Y8,2025-10-05T06:05:16.272411568Z
CBIO,"Crescent Biopharma, Inc. Common Stock",stocks,us,XNAS,CS,True,usd,0001253689,,,2025-10-05T06:05:16.272411648Z
CBK,"Commercial Bancgroup, Inc. Common Stock",stocks,us,XNAS,CS,True,usd,0001981546,BBG000FVM009,BBG001SGZPN2,2025-10-05T06:05:16.272411728Z
CBL,"CBL & Associates Properties, Inc.",stocks,us,XNYS,CS,True,usd,0000910612,BBG01396RNK7,BBG01396RPH6,2025-10-05T06:05:16.272411808Z
CBLL,"CeriBell, Inc. Common Stock",stocks,us,XNAS,CS,True,usd,0001861107,BBG00KMSVGN4,BBG00KMSVGP2,2025-10-05T06:05:16.272411888Z
CBLS,Clough Hedged Equity ETF,stocks,us,ARCX,ETF,True,usd,0001776878,BBG01RV9WSG1,BBG01RV9WTD2,2025-10-05T06:05:16.272411979Z
CBNA,"Chain Bridge Bancorp, Inc.",stocks,us,XNYS,CS,True,usd,0001392272,BBG000V8CRG7,BBG001T1QS94,2025-10-05T06:05:16.272412059Z
CBNK,"Capital Bancorp, Inc.",stocks,us,XNAS,CS,True,usd,0001419536,BBG000G2Z909,BBG001SMZRH2,2025-10-05T06:05:16.272412229Z
CBOA,Calamos Bitcoin Structured Alt Protection ETF - April,stocks,us,BATS,ETF,True,usd,0001579881,BBG01T2FVRC2,BBG01T2FVS67,2025-10-05T06:05:16.272412469Z
CBOE,"Cboe Global Markets, Inc.",stocks,us,BATS,CS,True,usd,0001374310,BBG000QH56C1,BBG001T71BP7,2025-10-05T06:05:16.27241255Z
CBOJ,Calamos Bitcoin Structured Alt Protection ETF - January,stocks,us,BATS,ETF,True,usd,0001579881,BBG01RX4YJ96,BBG01RX4YK84,2025-10-05T06:05:16.27241263Z
CBON,VanEck China Bond ETF,stocks,us,ARCX,ETF,True,usd,0001137360,BBG007HMYQ39,BBG007HMYQ20,2025-10-05T06:05:16.27241271Z
CBOY,Calamos Bitcoin Structured Alt Protection ETF - July,stocks,us,BATS,ETF,True,usd,0001579881,BBG01VWLBP28,BBG01VWLBQ17,2025-10-05T06:05:16.27241295Z
CBRE,"CBRE GROUP, INC.",stocks,us,XNYS,CS,True,usd,0001138118,BBG000C04224,BBG001SC2D27,2025-10-05T06:05:16.272413161Z
CBRL,"Cracker Barrel Old Country Store, Inc,.",stocks,us,XNAS,CS,True,usd,0001067294,BBG000BF33K1,BBG001S5PK03,2025-10-05T06:05:16.272413241Z
CBSE,Clough Select Equity ETF,stocks,us,ARCX,ETF,True,usd,0001776878,BBG01RV9WH20,BBG01RV9WHY5,2025-10-05T06:05:16.272413321Z
CBSH,Commerce Bancshares Inc,stocks,us,XNAS,CS,True,usd,0000022356,BBG000BF3G77,BBG001S5PK21,2025-10-05T06:05:16.272413401Z
CBT,Cabot Corporation,stocks,us,XNYS,CS,True,usd,0000016040,BBG000BF3WW4,BBG001S5PK58,2025-10-05T06:05:16.272413481Z
CBTA,Calamos Bitcoin 80 Series Structured Alt Protection ETF - April,stocks,us,BATS,ETF,True,usd,0001579881,BBG01T3VTN47,BBG01T3VTP51,2025-10-05T06:05:16.272413562Z
CBTJ,Calamos Bitcoin 80 Series Structured Alt Protection ETF - January,stocks,us,BATS,ETF,True,usd,0001579881,BBG01S2WVSK6,BBG01S2WVTF0,2025-10-05T06:05:16.272413642Z
CBTY,Calamos Bitcoin 80 Series Structured Alt Protection ETF - July,stocks,us,BATS,ETF,True,usd,0001579881,BBG01VWLPJ54,BBG01VWLPKN1,2025-10-05T06:05:16.272413722Z
CBU,"Community Financial System, Inc.",stocks,us,XNYS,CS,True,usd,0000723188,BBG000BF4D19,BBG001S5PK76,2025-10-05T06:05:16.272413802Z
CBUS,"Cibus, Inc. Class A Common Stock",stocks,us,XNAS,CS,True,usd,0001705843,BBG00H1CJS11,BBG00H1CJSR3,2025-10-05T06:05:16.272413882Z
CBXA,Calamos Bitcoin 90 Series Structured Alt Protection ETF - April,stocks,us,BATS,ETF,True,usd,0001579881,BBG01T3VWBM9,BBG01T3VWCM7,2025-10-05T06:05:16.272414193Z
CBXJ,Calamos Bitcoin 90 Series Structured Alt Protection ETF - January,stocks,us,BATS,ETF,True,usd,0001579881,BBG01S2WNR90,BBG01S2WNSF1,2025-10-05T06:05:16.272414273Z
CBXY,Calamos Bitcoin 90 Series Structured Alt Protection ETF - July,stocks,us,BATS,ETF,True,usd,0001579881,BBG01VWLCTD7,BBG01VWLCV97,2025-10-05T06:05:16.272414353Z
CBZ,"CBIZ, Inc.",stocks,us,XNYS,CS,True,usd,0000944148,BBG000FQD1Z0,BBG001S8MB55,2025-10-05T06:05:16.272414563Z
CC,The Chemours Company,stocks,us,XNYS,CS,True,usd,0001627223,BBG005H82GB2,BBG005H82GC1,2025-10-05T06:05:16.272414644Z
CCAP,"Crescent Capital BDC, Inc. Common stock",stocks,us,XNAS,CS,True,usd,0001633336,BBG009NX1JT8,BBG009NX1JV5,2025-10-05T06:05:16.272414754Z
CCB,Coastal Financial Corporation,stocks,us,XNAS,CS,True,usd,0001437958,BBG000QK5803,BBG001SN16N6,2025-10-05T06:05:16.272414834Z
CCBG,Capital City Bank Group Inc,stocks,us,XNAS,CS,True,usd,0000726601,BBG000BM97G6,BBG001S9K7B7,2025-10-05T06:05:16.272414914Z
CCCC,"C4 Therapeutics, Inc.",stocks,us,XNAS,CS,True,usd,0001662579,BBG00BV2Y9B7,BBG00BV2Y9C6,2025-10-05T06:05:16.272415235Z
CCCS,CCC Intelligent Solutions Holdings Inc. Common Stock,stocks,us,XNAS,CS,True,usd,0001818201,BBG00WNSJM49,BBG00WNSJM58,2025-10-05T06:05:16.272415315Z
CCCX,Churchill Capital Corp X Class A Ordinary Shares,stocks,us,XNAS,CS,True,usd,0002007825,,,2025-10-05T06:05:16.272415395Z
CCCXU,Churchill Capital Corp X Unit,stocks,us,XNAS,UNIT,True,usd,0002007825,,,2025-10-05T06:05:16.272415475Z
CCCXW,Churchill Capital Corp X Warrants,stocks,us,XNAS,WARRANT,True,usd,0002007825,,,2025-10-05T06:05:16.272415555Z
CCD,Calamos Dynamic Convertible & Income Fund,stocks,us,XNAS,CS,True,usd,0001602584,BBG0065XMFL7,BBG0065XMFM6,2025-10-05T06:05:16.272415636Z
CCEC,Capital Clean Energy Carriers Corp. Common Share,stocks,us,XNAS,CS,True,usd,0001392326,,,2025-10-05T06:05:16.272415716Z
CCEF,Calamos CEF Income & Arbitrage ETF,stocks,us,ARCX,ETF,True,usd,0001579881,BBG01L01ZGJ5,BBG01L01ZHD9,2025-10-05T06:05:16.272415796Z
CCEL,Cryo-Cell International Inc.,stocks,us,XASE,CS,True,usd,0000862692,BBG000BS6ZT0,BBG001S6Z7X3,2025-10-05T06:05:16.272415876Z
CCEP,Coca-Cola Europacific Partners plc Ordinary Shares,stocks,us,XNAS,CS,True,usd,0001650107,,,2025-10-05T06:05:16.272416056Z
CCFE,Concourse Capital Focused Equity ETF,stocks,us,XNAS,ETF,True,usd,,BBG01VC55Y14,BBG01VC56026,2025-10-05T06:05:16.272416136Z
CCG,Cheche Group Inc. Class A Ordinary Shares,stocks,us,XNAS,CS,True,usd,0001965473,,,2025-10-05T06:05:16.272416217Z
CCGWW,Cheche Group Inc. Warrant,stocks,us,XNAS,WARRANT,True,usd,0001965473,,,2025-10-05T06:05:16.272416297Z
CCHH,CCH Holdings Ltd Ordinary Shares,stocks,us,XNAS,CS,True,usd,0002074123,,,2025-10-05T06:05:16.272416377Z
CCI,Crown Castle Inc.,stocks,us,XNYS,CS,True,usd,0001051470,BBG000FV1Z23,BBG001S7W5T3,2025-10-05T06:05:16.272416457Z
CCIA,Carlyle Credit Income Fund 8.75% Series A Preferred Shares due 2028,stocks,us,XNYS,SP,True,usd,0001517767,,,2025-10-05T06:05:16.272416537Z
CCIF,Carlyle Credit Income Fund Shares of Beneficial Interest,stocks,us,XNYS,FUND,True,usd,0001517767,BBG0038Q3183,BBG0038Q3192,2025-10-05T06:05:16.272416617Z
CCII,Cohen Circle Acquisition Corp. II Class A Ordinary Shares,stocks,us,XNAS,CS,True,usd,0002064683,,,2025-10-05T06:05:16.272416708Z
CCIIU,Cohen Circle Acquisition Corp. II Unit,stocks,us,XNAS,UNIT,True,usd,0002064683,,,2025-10-05T06:05:16.272417008Z
CCIIW,Cohen Circle Acquisition Corp. II Warrant,stocks,us,XNAS,WARRANT,True,usd,0002064683,,,2025-10-05T06:05:16.272417108Z
CCIX,Churchill Capital Corp IX Ordinary Shares,stocks,us,XNAS,CS,True,usd,0002006291,,,2025-10-05T06:05:16.272417188Z
CCIXU,Churchill Capital Corp IX Unit,stocks,us,XNAS,UNIT,True,usd,0002006291,,,2025-10-05T06:05:16.272417269Z
CCIXW,Churchill Capital Corp IX Warrant,stocks,us,XNAS,WARRANT,True,usd,0002006291,,,2025-10-05T06:05:16.272417349Z
CCJ,Cameco Corporation,stocks,us,XNYS,CS,True,usd,0001009001,BBG000DSZTN6,BBG001S5Y5S6,2025-10-05T06:05:16.272417429Z
CCK,Crown Holdings Inc.,stocks,us,XNYS,CS,True,usd,0001219601,BBG000BF6756,BBG001S5PKZ5,2025-10-05T06:05:16.272417509Z
CCL,Carnival Corporation,stocks,us,XNYS,CS,True,usd,0000815097,BBG000BF6LY3,BBG001S5PL01,2025-10-05T06:05:16.272417589Z
CCLD,"CareCloud, Inc. Common Stock",stocks,us,XNAS,CS,True,usd,0001582982,BBG000QYF0M5,BBG001SSV992,2025-10-05T06:05:16.272417679Z
CCLDO,"CareCloud, Inc. 8.75% Series B Cumulative Redeemable Perpetual Preferred Stock",stocks,us,XNAS,PFD,True,usd,0001582982,,,2025-10-05T06:05:16.27241792Z
CCM,Concord Medical Services Holding Limited,stocks,us,XNYS,ADRC,True,usd,0001472072,BBG000PWRPT5,BBG001T62CP6,2025-10-05T06:05:16.272418Z
CCMG,CCM Global Equity ETF,stocks,us,ARCX,ETF,True,usd,,BBG01KYRHRB7,BBG01KYRHS52,2025-10-05T06:05:16.27241808Z
CCNE,CNB Financial Corp/PA,stocks,us,XNAS,CS,True,usd,0000736772,BBG000BKPZC4,BBG001S80QZ3,2025-10-05T06:05:16.27241816Z
CCNEP,"CNB Financial Corporation Depositary Shares, each representing a 1/40th ownership interest in a share of 7.125% Series A Fixed-Rate Non-Cumulative Perpetual Preferred Stock",stocks,us,XNAS,PFD,True,usd,0000736772,,,2025-10-05T06:05:16.27241824Z
CCNR,Financial Investors Trust ALPS/CoreCommodity Natural Resources ETF,stocks,us,XNAS,ETF,True,usd,,BBG01NPDHFB8,BBG01NPDHG62,2025-10-05T06:05:16.272418321Z
CCO,"Clear Channel Outdoor Holdings, Inc. Common Stock",stocks,us,XNYS,CS,True,usd,0001334978,BBG000SSC5C9,BBG001SY0WV7,2025-10-05T06:05:16.272418401Z
CCOI,"Cogent Communications Holdings, Inc.",stocks,us,XNAS,CS,True,usd,0001158324,BBG000D0SMY8,BBG001SC5GP2,2025-10-05T06:05:16.272418481Z
CCOR,Core Alternative Capital,stocks,us,ARCX,ETF,True,usd,0001776878,BBG00R486HJ4,BBG00R486J91,2025-10-05T06:05:16.272418701Z
CCRD,CoreCard Corporation,stocks,us,XNYS,CS,True,usd,0000320340,BBG000CGZHP7,BBG001S6WBB1,2025-10-05T06:05:16.272418902Z
CCRN,Cross Country Healthcare Inc,stocks,us,XNAS,CS,True,usd,0001141103,BBG000DGM5N8,BBG001SG7SC9,2025-10-05T06:05:16.272418982Z
CCS,"CENTURY COMMUNITIES, INC.",stocks,us,XNYS,CS,True,usd,0001576940,BBG006G412Q6,BBG006G413H4,2025-10-05T06:05:16.272419062Z
CCSB,Carbon Collective Short Duration Green Bond ETF,stocks,us,XNAS,ETF,True,usd,0001924868,BBG01MCGNTJ2,BBG01MCGNVC4,2025-10-05T06:05:16.272419142Z
CCSI,"Consensus Cloud Solutions, Inc. Common Stock",stocks,us,XNAS,CS,True,usd,0001866633,BBG0105XBRH0,BBG0105XBRJ8,2025-10-05T06:05:16.272419222Z
CCSO,Carbon Collective Climate Solutions U.S. Equity ETF,stocks,us,XNAS,ETF,True,usd,,BBG019R2Z6F7,BBG019R2Z783,2025-10-05T06:05:16.272419303Z
CCTG,CCSC Technology International Holdings Limited Class A Ordinary Shares,stocks,us,XNAS,CS,True,usd,0001931717,,,2025-10-05T06:05:16.272419383Z
CCU,Compania Cervecerias Unidas S.A.,stocks,us,XNYS,ADRC,True,usd,0000888746,BBG000BBCT50,BBG001S5VY42,2025-10-05T06:05:16.272419613Z
CCUP,T-REX 2X Long CRCL Daily Target ETF,stocks,us,BATS,ETF,True,usd,,BBG01WJCGBW4,BBG01WJCGCV3,2025-10-05T06:05:16.272419693Z
CCZ,"Comcast Holdings Corp. 2.0% Exchangeable Subordinated Debentures due October 15, 2029 (ZONES)",stocks,us,XNYS,SP,True,usd,0001166691,,,2025-10-05T06:05:16.272419994Z
CDC,VictoryShares US EQ Income Enhanced Volatility Wtd ETF,stocks,us,XNAS,ETF,True,usd,0001547580,BBG006QSN876,BBG006QSN885,2025-10-05T06:05:16.272420074Z
CDE,"Coeur Mining, Inc.",stocks,us,XNYS,CS,True,usd,0000215466,BBG000BF8TF5,BBG001S5PM54,2025-10-05T06:05:16.272420154Z
CDEI,"Calvert US Large-Cap Diversity, Equity and Inclusion Index ETF",stocks,us,ARCX,ETF,True,usd,,BBG01DPGLNQ5,BBG01DPGLPL5,2025-10-05T06:05:16.272420234Z
CDIG,City Different Investments Global Equity ETF,stocks,us,XNAS,ETF,True,usd,,BBG01XBFPN02,BBG01XBFPPB5,2025-10-05T06:05:16.272420314Z
CDIO,Cardio Diagnostics Holdings Inc. Common stock,stocks,us,XNAS,CS,True,usd,0001870144,BBG013P0VV65,BBG013P0VV74,2025-10-05T06:05:16.272420395Z
CDIOW,Cardio Diagnostics Holdings Inc. Warrant,stocks,us,XNAS,WARRANT,True,usd,0001870144,BBG013P15KL9,,2025-10-05T06:05:16.272420475Z
CDL,VictoryShares US Large Cap High Div Volatility Wtd ETF,stocks,us,XNAS,ETF,True,usd,0001547580,BBG009K7JNC8,BBG009K7JND7,2025-10-05T06:05:16.272420555Z
CDLR,Cadeler A/S American Depositary Share (each representing four (4) Ordinary Shares),stocks,us,XNYS,ADRC,True,usd,0001978867,BBG01KFX5H11,BBG01KFX5HW7,2025-10-05T06:05:16.272420765Z
CDLX,"Cardlytics, Inc. Common Stock",stocks,us,XNAS,CS,True,usd,0001666071,BBG00225ZDD0,BBG00225ZDF8,2025-10-05T06:05:16.272420966Z
CDNA,"CareDx, Inc.",stocks,us,XNAS,CS,True,usd,0001217234,BBG006JS5785,BBG006JS5794,2025-10-05T06:05:16.272421046Z
CDNS,Cadence Design Systems,stocks,us,XNAS,CS,True,usd,0000813672,BBG000C13CD9,BBG001S65YK1,2025-10-05T06:05:16.272421146Z
CDP,COPT Defense Properties,stocks,us,XNYS,CS,True,usd,0000860546,BBG000BXL4N7,BBG001S5XVM6,2025-10-05T06:05:16.272421236Z
CDRE,"Cadre Holdings, Inc.",stocks,us,XNYS,CS,True,usd,0001860543,BBG011RK3N71,BBG011RK3P21,2025-10-05T06:05:16.272421326Z
CDRO,"Codere Online Luxembourg, S.A. Ordinary Shares",stocks,us,XNAS,CS,True,usd,0001866782,,,2025-10-05T06:05:16.272421417Z
CDROW,"Codere Online Luxembourg, S.A. Warrants",stocks,us,XNAS,WARRANT,True,usd,0001866782,,,2025-10-05T06:05:16.272421497Z
CDRpB,"CEDAR REALTY TRUST, INC. 7.25% Series B Cumulative Redeemable Preferred Stock",stocks,us,XNYS,PFD,True,usd,0000761648,,,2025-10-05T06:05:16.272421577Z
CDRpC,"Cedar Realty Trust, Inc. 6.50% Series C Cumulative Redeemable Preferred Stock",stocks,us,XNYS,PFD,True,usd,0000761648,,,2025-10-05T06:05:16.272421657Z
CDT,CDT Equity Inc. Common Stock,stocks,us,XNAS,CS,True,usd,0001896212,BBG015879ML2,BBG015879NG6,2025-10-05T06:05:16.272421877Z
CDTG,CDT Environmental Technology Investment Holdings Limited ordinary shares,stocks,us,XNAS,CS,True,usd,0001793895,,,2025-10-05T06:05:16.272421958Z
CDTTW,CDT Equity Inc. Warrant,stocks,us,XNAS,WARRANT,True,usd,0001896212,BBG016B2FLC2,,2025-10-05T06:05:16.272422038Z
CDTX,"Cidara Therapeutics, Inc.",stocks,us,XNAS,CS,True,usd,0001610618,BBG006R5MFT6,BBG006R5MFV3,2025-10-05T06:05:16.272422118Z
CDW,CDW Corporation,stocks,us,XNAS,CS,True,usd,0001402057,BBG001P63B80,BBG001V18TB6,2025-10-05T06:05:16.272422198Z
CDX,Simplify High Yield ETF,stocks,us,ARCX,ETF,True,usd,0001810747,BBG015BCL2F4,BBG015BCL3G1,2025-10-05T06:05:16.272422278Z
CDXS,"Codexis, Inc.",stocks,us,XNAS,CS,True,usd,0001200375,BBG000RN0GZ5,BBG001SV4129,2025-10-05T06:05:16.272422348Z
CDZI,"CADIZ, Inc.",stocks,us,XNAS,CS,True,usd,0000727273,BBG000CSMLT2,BBG001S71VF5,2025-10-05T06:05:16.272422439Z
CDZIP,"Cadiz, Inc. Depositary Shares",stocks,us,XNAS,ADRC,True,usd,0000727273,,,2025-10-05T06:05:16.272422519Z
CE,Celanese Corporation Common Stock,stocks,us,XNYS,CS,True,usd,0001306830,BBG000JYP7L8,BBG001SJDDG5,2025-10-05T06:05:16.272422709Z
CECO,Ceco Environmental Corp,stocks,us,XNAS,CS,True,usd,0000003197,BBG000BFG2J1,BBG001S6PJV0,2025-10-05T06:05:16.272422789Z
CEE,"The Central and Eastern Europe Fund, Inc.",stocks,us,XNYS,FUND,True,usd,0000860489,BBG000BFBWT9,BBG001S5PMX3,2025-10-05T06:05:16.272422869Z
CEF,Sprott Physical Gold and Silver Trust,stocks,us,ARCX,ETV,True,usd,0001726122,BBG00JRGLXZ9,BBG00JPZ8T56,2025-10-05T06:05:16.27242307Z
CEFA,Global X S&P Catholic Values Developed ex-U.S. ETF,stocks,us,XNAS,ETF,True,usd,0001432353,BBG00VNLZTW2,BBG00VNLZVN7,2025-10-05T06:05:16.27242315Z
CEFD,ETRACS Monthly Pay 1.5X Leveraged Closed-End Fund Index ETN,stocks,us,ARCX,ETN,True,usd,0001114446,BBG00V775SJ1,BBG00V775T90,2025-10-05T06:05:16.27242326Z
CEFS,Saba Closed-End Funds ETF,stocks,us,BATS,ETF,True,usd,0001547950,BBG00G3T5145,BBG00G3T51V5,2025-10-05T06:05:16.27242338Z
CEFZ,RiverNorth Active Income ETF,stocks,us,BATS,ETF,True,usd,0001114446,BBG01W9CN5C2,BBG01W9CN6D9,2025-10-05T06:05:16.27242346Z
CEG,Constellation Energy Corporation Common Stock,stocks,us,XNAS,CS,True,usd,0001868275,BBG014KFRNP7,BBG014KFRPJ9,2025-10-05T06:05:16.272423541Z
CEGX,Tradr 2X Long CEG Daily ETF,stocks,us,BATS,ETF,True,usd,,BBG01VXQQ4P2,BBG01VXQQ5P9,2025-10-05T06:05:16.272423851Z
CELC,Celcuity Inc. Common Stock,stocks,us,XNAS,CS,True,usd,0001603454,BBG00HKBW045,BBG00HKBW054,2025-10-05T06:05:16.272423931Z
CELGr,Bristol-Myers Squibb Company Contingent Value Rights,stocks,us,XNYS,RIGHT,True,usd,0000014272,BBG001732JG2,BBG001TCQ0Q2,2025-10-05T06:05:16.272424012Z
CELH,"Celsius Holdings, Inc. Common Stock",stocks,us,XNAS,CS,True,usd,0001341766,BBG000NY37X4,BBG001SQSKT3,2025-10-05T06:05:16.272424092Z
CELU,Celularity Inc. Class A Common Stock,stocks,us,XNAS,CS,True,usd,0001752828,BBG00P2RTT34,BBG00P2RTT43,2025-10-05T06:05:16.272424172Z
CELUW,Celularity Inc. Warrant,stocks,us,XNAS,WARRANT,True,usd,0001752828,BBG00PPX2Y16,,2025-10-05T06:05:16.272424252Z
CELZ,"Creative Medical Technology Holdings, Inc. Common Stock",stocks,us,XNAS,CS,True,usd,0001187953,BBG000BCFRJ4,BBG001S924N1,2025-10-05T06:05:16.272424563Z
CEMB,iShares J.P. Morgan EM Corporate Bond ETF,stocks,us,BATS,ETF,True,usd,0000930667,BBG002WGKHN9,BBG002WGKJD6,2025-10-05T06:05:16.272424643Z
CENN,Cenntro Inc. Common Stock,stocks,us,XNAS,CS,True,usd,0001707919,BBG01JJ2CQL8,BBG01JJ2CQM7,2025-10-05T06:05:16.272424733Z
CENT,Central Garden and Pet Co,stocks,us,XNAS,CS,True,usd,0000887733,BBG000BFD605,BBG001S5PNG0,2025-10-05T06:05:16.272424813Z
CENTA,Central Garden & Pet Company,stocks,us,XNAS,CS,True,usd,0000887733,BBG000KTYB56,BBG001SLHT35,2025-10-05T06:05:16.272425033Z
CENX,Century Aluminum Co,stocks,us,XNAS,CS,True,usd,0000949157,BBG000BW1LS8,BBG001S766G4,2025-10-05T06:05:16.272425114Z
CEP,"Cantor Equity Partners, Inc. Class A Ordinary Shares",stocks,us,XNAS,CS,True,usd,0001865602,,,2025-10-05T06:05:16.272425284Z
CEPF,"Cantor Equity Partners IV, Inc. Class A Ordinary Shares",stocks,us,XNAS,CS,True,usd,0002034267,,,2025-10-05T06:05:16.272425364Z
CEPI,REX Crypto Equity Premium Income ETF,stocks,us,XNAS,ETF,True,usd,,BBG01R0XS7B8,BBG01R0XS899,2025-10-05T06:05:16.272425444Z
CEPO,"Cantor Equity Partners I, Inc. Class A Ordinary Shares",stocks,us,XNAS,CS,True,usd,0002027708,,,2025-10-05T06:05:16.272425524Z
CEPT,"Cantor Equity Partners II, Inc. Class A Ordinary Share",stocks,us,XNAS,CS,True,usd,0002034269,,,2025-10-05T06:05:16.272425605Z
CEPU,Central Puerto S.A. American Depositary Shares (each represents ten Common Shares),stocks,us,XNYS,CS,True,usd,0001717161,BBG00JNMX8W5,BBG00JNMX9L5,2025-10-05T06:05:16.272425685Z
CERO,"CERo Therapeutics Holdings, Inc. Common Stock",stocks,us,XNAS,CS,True,usd,0001870404,BBG012LSLG64,BBG012LSLH99,2025-10-05T06:05:16.272425905Z
CEROW,"CERo Therapeutics Holdings, Inc. Warrants",stocks,us,XNAS,WARRANT,True,usd,0001870404,BBG013RST7M0,,2025-10-05T06:05:16.272425985Z
CERS,Cerus Corp,stocks,us,XNAS,CS,True,usd,0001020214,BBG000HBVZX8,BBG001S97DG4,2025-10-05T06:05:16.272426065Z
CERT,"Certara, Inc. Common Stock",stocks,us,XNAS,CS,True,usd,0001827090,BBG00Y7BR4K3,BBG00Y7BR4L2,2025-10-05T06:05:16.272426146Z
CERY,SPDR Bloomberg Enhanced Roll Yield Commodity Strategy No K-1 ETF,stocks,us,ARCX,ETF,True,usd,0001081019,BBG01PKPCTK6,BBG01PKPCVP6,2025-10-05T06:05:16.272426226Z
CET,Central Securities Corp.,stocks,us,XASE,FUND,True,usd,0000018748,BBG000B9Y7P7,BBG001S5PP20,2025-10-05T06:05:16.272426556Z
CETX,CEMTREX INC.,stocks,us,XNAS,CS,True,usd,0001435064,BBG000GC6D82,BBG001SJX829,2025-10-05T06:05:16.272426637Z
CETY,"Clean Energy Technologies, Inc. Common Stock",stocks,us,XNAS,CS,True,usd,0001329606,BBG000NQGHL8,BBG001SQPNN6,2025-10-05T06:05:16.272426717Z
CEV,Eaton Vance California Municipal Income Trust,stocks,us,XASE,FUND,True,usd,0001074692,BBG000BQ1B85,BBG001SCBLC8,2025-10-05T06:05:16.272426967Z
CEVA,CEVA Inc.,stocks,us,XNAS,CS,True,usd,0001173489,BBG000BN3P07,BBG001S9R702,2025-10-05T06:05:16.272427047Z
CEW,WisdomTree  Emerging Currency Strategy Fund,stocks,us,ARCX,ETF,True,usd,0001350487,BBG000LVF2S6,BBG001T4FSX3,2025-10-05T06:05:16.272427158Z
CF,"CF Industries Holding, Inc.",stocks,us,XNYS,CS,True,usd,0001324404,BBG000BWJFZ4,BBG001SJ8KV8,2025-10-05T06:05:16.272427238Z
CFA,VictoryShares US 500 Volatility Wtd ETF,stocks,us,XNAS,ETF,True,usd,0001547580,BBG006QSN9S1,BBG006QSN9T0,2025-10-05T06:05:16.272427318Z
CFBK,CF Bankshares Inc. Common Stock,stocks,us,XNAS,CS,True,usd,0001070680,BBG000BBWB75,BBG001S5XSL4,2025-10-05T06:05:16.272427398Z
CFFI,C&F Financial Corp,stocks,us,XNAS,CS,True,usd,0000913341,BBG000BYN5H7,BBG001SBJZY7,2025-10-05T06:05:16.272427478Z
CFFN,"Capitol Federal Financial, Inc.",stocks,us,XNAS,CS,True,usd,0001490906,BBG000C34488,BBG001SBWDX2,2025-10-05T06:05:16.272427558Z
CFG,"Citizens Financial Group, Inc.",stocks,us,XNYS,CS,True,usd,0000759944,BBG006Q0HY77,BBG006Q0HZT0,2025-10-05T06:05:16.272427648Z
CFGpE,"Citizens Financial Group, Inc.Depositary Shares Each Representing 1/40th Interest in a Share of 5.000% Fixed-Rate Non-Cumulative Perpetual Preferred Stock, Series E",stocks,us,XNYS,PFD,True,usd,0000759944,,,2025-10-05T06:05:16.272427749Z
CFGpH,"Citizens Financial Group, Inc. Depositary Shares Each Representing a 1/40th Interest in a Share of 7.375% Fixed-Rate Non-Cumulative Perpetual Preferred Stock, Series H",stocks,us,XNYS,PFD,True,usd,0000759944,,,2025-10-05T06:05:16.272427889Z
CFGpI,"Citizens Financial Group, Inc. Depositary Shares, Each Representing a 1/40th Interest in a Share of 6.500% Fixed-Rate Reset Non-Cumulative Perpetual Preferred Stock, Series I",stocks,us,XNYS,PFD,True,usd,0000759944,,,2025-10-05T06:05:16.272427969Z
CFIT,Cambria Fixed Income Trend ETF,stocks,us,BATS,ETF,True,usd,0001529390,BBG01T23HNF1,BBG01T23HPK0,2025-10-05T06:05:16.272428109Z
CFLT,"Confluent, Inc. Class A Common Stock",stocks,us,XNAS,CS,True,usd,0001699838,BBG007HWGYQ5,BBG007HWGYS3,2025-10-05T06:05:16.272428189Z
CFND,C1 Fund Inc.,stocks,us,XNYS,CS,True,usd,0002044327,BBG01QS2CVY7,BBG01QS2CX00,2025-10-05T06:05:16.27242827Z
CFO,VictoryShares US 500 Enhanced Volatility Wtd ETF,stocks,us,XNAS,ETF,True,usd,0001547580,BBG006QSNBW1,BBG006QSNBX0,2025-10-05T06:05:16.27242835Z
CFR,Cullen/Frost Bankers Inc.,stocks,us,XNYS,CS,True,usd,0000039263,BBG000C2PL98,BBG001S6D2D0,2025-10-05T06:05:16.27242857Z
CFRpB,"Cullen/Frost Bankers, Inc. Depositary Shares, each representing a 1/40th ownership interest in a share of 4.450% non-cumulative perpetual preferred stock, Series B",stocks,us,XNYS,PFD,True,usd,0000039263,,,2025-10-05T06:05:16.27242865Z
CFSB,"CFSB Bancorp, Inc. Common Stock",stocks,us,XNAS,CS,True,usd,0001879103,BBG014H7HX32,BBG014H7HXZ7,2025-10-05T06:05:16.272428811Z
CG,The Carlyle Group Inc. Common Stock,stocks,us,XNAS,CS,True,usd,0001527166,BBG000BH3F20,BBG001S7JM84,2025-10-05T06:05:16.272428931Z
CGABL,The Carlyle Group Inc. 4.625% Subordinated Notes due 2061,stocks,us,XNAS,CS,True,usd,,,,2025-10-05T06:05:16.272429011Z
CGAU,Centerra Gold Inc.,stocks,us,XNYS,CS,True,usd,0001854640,BBG000QWM2M7,BBG001SLVFY5,2025-10-05T06:05:16.272429091Z
CGBD,"Carlyle Secured Lending, Inc. Common Stock",stocks,us,XNAS,CS,True,usd,0001544206,BBG00GQVWWP4,BBG00GQVWWQ3,2025-10-05T06:05:16.272429171Z
CGBDL,"Carlyle Secured Lending, Inc. 8.20% Notes due 2028",stocks,us,XNAS,CS,True,usd,0001544206,,,2025-10-05T06:05:16.272429252Z
CGBL,Capital Group Core Balanced ETF,stocks,us,ARCX,ETF,True,usd,,BBG01J9W1JF8,BBG01J9W1K83,2025-10-05T06:05:16.272429332Z
CGC,Canopy Growth Corporation Common Shares,stocks,us,XNAS,CS,True,usd,0001737927,BBG0069FB082,BBG001T6MH82,2025-10-05T06:05:16.272429412Z
CGCB,Capital Group Core Bond ETF,stocks,us,ARCX,ETF,True,usd,,BBG01J5S7M86,BBG01J5S7N48,2025-10-05T06:05:16.272429492Z
CGCP,Capital Group Core Plus Income ETF,stocks,us,ARCX,ETF,True,usd,,BBG014YZRQW3,BBG014YZRRT5,2025-10-05T06:05:16.272429692Z
CGCT,Cartesian Growth Corporation III Class A Ordinary Shares,stocks,us,XNAS,CS,True,usd,0002049662,,,2025-10-05T06:05:16.272429783Z
CGCTU,Cartesian Growth Corporation III Unit,stocks,us,XNAS,UNIT,True,usd,0002049662,,,2025-10-05T06:05:16.272429863Z
CGCTW,Cartesian Growth Corporation III Warrant,stocks,us,XNAS,WARRANT,True,usd,0002049662,,,2025-10-05T06:05:16.272429943Z
CGCV,Capital Group Conservative Equity ETF,stocks,us,ARCX,ETF,True,usd,,BBG01N7RN8J8,BBG01N7RN9W1,2025-10-05T06:05:16.272430023Z
CGDG,Capital Group Dividend Growers ETF,stocks,us,ARCX,ETF,True,usd,,BBG01J9W2K55,BBG01J9W2L17,2025-10-05T06:05:16.272430103Z
CGDV,Capital Group Dividend Value ETF,stocks,us,ARCX,ETF,True,usd,0001870128,BBG015H8BWY1,BBG015H8BXT5,2025-10-05T06:05:16.272430183Z
CGEM,"Cullinan Therapeutics, Inc. Common Stock",stocks,us,XNAS,CS,True,usd,0001789972,BBG00HW2DGQ4,BBG00HW2DGR3,2025-10-05T06:05:16.272430263Z
CGEN,Compugen Ltd,stocks,us,XNAS,CS,True,usd,0001119774,,,2025-10-05T06:05:16.272430344Z
CGGE,Capital Group Global Equity ETF,stocks,us,ARCX,ETF,True,usd,,BBG01N7SMLH0,BBG01N7SMMC3,2025-10-05T06:05:16.272430534Z
CGGG,Capital Group U.S. Large Growth ETF,stocks,us,ARCX,ETF,True,usd,,BBG01VJG04H7,BBG01VJG05L9,2025-10-05T06:05:16.272430634Z
CGGO,Capital Group Global Growth Equity ETF,stocks,us,ARCX,ETF,True,usd,0001870116,BBG015DN3FW0,BBG015DN3GR4,2025-10-05T06:05:16.272430714Z
CGGR,Capital Group Growth ETF,stocks,us,ARCX,ETF,True,usd,,BBG015DMY4V4,BBG015DMY5P8,2025-10-05T06:05:16.272430794Z
CGHM,Capital Group Municipal High-Income ETF,stocks,us,ARCX,ETF,True,usd,,BBG01N7T4G98,BBG01N7T4H50,2025-10-05T06:05:16.272430875Z
CGHY,Capital Group High Yield Bond ETF,stocks,us,ARCX,ETF,True,usd,,BBG01VKBFFX7,BBG01VKBFGV7,2025-10-05T06:05:16.272430985Z
CGIB,Capital Group International Bond ETF (USD-Hedged),stocks,us,ARCX,ETF,True,usd,,BBG01N7Q8Z34,BBG01N7Q9067,2025-10-05T06:05:16.272431065Z
CGIC,Capital Group International Core Equity ETF,stocks,us,ARCX,ETF,True,usd,,BBG01N7S4184,BBG01N7S4291,2025-10-05T06:05:16.272431145Z
CGIE,Capital Group International Equity ETF,stocks,us,ARCX,ETF,True,usd,,BBG01J9W3CF1,BBG01J9W3D87,2025-10-05T06:05:16.272431225Z
CGMM,Capital Group U.S. Small and Mid Cap ETF,stocks,us,ARCX,ETF,True,usd,,BBG01RL7XKS9,BBG01RL7XM41,2025-10-05T06:05:16.272431305Z
CGMS,Capital Group U.S. Multi-Sector Income ETF,stocks,us,ARCX,ETF,True,usd,,BBG019XS8MX8,BBG019XS8NR3,2025-10-05T06:05:16.272431396Z
CGMU,Capital Group Municipal Income ETF,stocks,us,ARCX,ETF,True,usd,,BBG019XRCL67,BBG019XRCM29,2025-10-05T06:05:16.272431476Z
CGNG,Capital Group New Geography Equity ETF,stocks,us,ARCX,ETF,True,usd,,BBG01N7SVCX2,BBG01N7SVDT5,2025-10-05T06:05:16.272431696Z
CGNT,Cognyte Software Ltd. Ordinary Shares,stocks,us,XNAS,CS,True,usd,0001824814,,,2025-10-05T06:05:16.272431776Z
CGNX,Cognex Corp,stocks,us,XNAS,CS,True,usd,0000851205,BBG000BPBVW5,BBG001S5TC16,2025-10-05T06:05:16.272431907Z
CGO,Calamos Global Total Return Fund,stocks,us,XNAS,CS,True,usd,0001285650,BBG000NPGLP7,BBG001SKVJY9,2025-10-05T06:05:16.272431987Z
CGON,"CG Oncology, Inc. Common stock",stocks,us,XNAS,CS,True,usd,0001991792,BBG00YHKK4Q3,BBG00YHKK4R2,2025-10-05T06:05:16.272432387Z
CGRO,CoreValues Alpha Greater China Growth ETF,stocks,us,ARCX,ETF,True,usd,0001799611,BBG01JLGVQ88,BBG01JLGVR40,2025-10-05T06:05:16.272432468Z
CGSD,Capital Group Short Duration Income ETF,stocks,us,ARCX,ETF,True,usd,,BBG019XFYR75,BBG019XFYS46,2025-10-05T06:05:16.272432648Z
CGSM,Capital Group Short Duration Municipal Income ETF,stocks,us,ARCX,ETF,True,usd,,BBG01J5S8MY6,BBG01J5S8NT0,2025-10-05T06:05:16.272432728Z
CGTL,Creative Global Technology Holdings Limited Class A Ordinary Shares,stocks,us,XNAS,CS,True,usd,0001967822,,,2025-10-05T06:05:16.272432808Z
CGTX,"Cognition Therapeutics, Inc. Common Stock",stocks,us,XNAS,CS,True,usd,0001455365,BBG001J2P8S7,BBG001V0GFB9,2025-10-05T06:05:16.272432888Z
CGUI,Capital Group Ultra Short Income ETF,stocks,us,ARCX,ETF,True,usd,,BBG01N7Q8JK1,BBG01N7Q8KK8,2025-10-05T06:05:16.272432969Z
CGUS,Capital Group Core Equity ETF,stocks,us,ARCX,ETF,True,usd,0001870102,BBG015D25XY3,BBG015D25YS8,2025-10-05T06:05:16.272433049Z
CGV,Conductor Global Equity Value ETF,stocks,us,XNYS,ETF,True,usd,0001552947,BBG0190B0V14,BBG0190B0VX9,2025-10-05T06:05:16.272433129Z
CGVV,Capital Group U.S. Large Value ETF,stocks,us,ARCX,ETF,True,usd,,BBG01VJHNMT7,BBG01VJHNNQ8,2025-10-05T06:05:16.272433209Z
CGW,Invesco S&P Global Water Index ETF,stocks,us,ARCX,ETF,True,usd,0000914208,BBG00KJR2226,BBG00KJR22S8,2025-10-05T06:05:16.272433289Z
CGXU,Capital Group International Focus Equity ETF,stocks,us,ARCX,ETF,True,usd,0001870130,BBG015DN0VK1,BBG015DN0WJ1,2025-10-05T06:05:16.27243349Z
CHA,Chagee Holdings Limited American Depositary Shares,stocks,us,XNAS,ADRC,True,usd,0002013649,BBG01T2HRQH0,BBG01T2HRRD2,2025-10-05T06:05:16.2724337Z
CHAC,Crane Harbor Acquisition Corp. Class A Ordinary Shares,stocks,us,XNAS,CS,True,usd,0002054174,,,2025-10-05T06:05:16.27243378Z
CHACR,Crane Harbor Acquistion Corp. Rights,stocks,us,XNAS,RIGHT,True,usd,0002054174,,,2025-10-05T06:05:16.27243386Z
CHACU,Crane Harbor Acquistion Corp. Units,stocks,us,XNAS,UNIT,True,usd,0002054174,,,2025-10-05T06:05:16.27243394Z
CHAR,Charlton Aria Acquisition Corporation Class A Ordinary Shares,stocks,us,XNAS,CS,True,usd,0002024459,,,2025-10-05T06:05:16.272434021Z
CHARR,Charlton Aria Acquisition Corporation Rights,stocks,us,XNAS,RIGHT,True,usd,0002024459,,,2025-10-05T06:05:16.272434341Z
CHARU,Charlton Aria Acquisition Corporation Units,stocks,us,XNAS,UNIT,True,usd,0002024459,,,2025-10-05T06:05:16.272434421Z
CHAT,Roundhill Generative AI & Technology ETF,stocks,us,ARCX,ETF,True,usd,0001924868,BBG01GNBGD89,BBG01GNBGF39,2025-10-05T06:05:16.272434502Z
CHAU,Direxion Daily CSI 300 China A Share Bull 2X Shares,stocks,us,ARCX,ETF,True,usd,,BBG008HBH279,BBG008HBH288,2025-10-05T06:05:16.272434592Z
CHCI,"Comstock Holding Companies, Inc. Class A",stocks,us,XNAS,CS,True,usd,0001299969,BBG000Q808Z7,BBG001SMCN40,2025-10-05T06:05:16.272434662Z
CHCO,City Holding Co,stocks,us,XNAS,CS,True,usd,0000726854,BBG000BFJFX3,BBG001S5PR71,2025-10-05T06:05:16.272434752Z
CHCT,"Community Healthcare Trust Incorporated Common Stock, $0.01 par value per share",stocks,us,XNYS,CS,True,usd,0001631569,BBG008G2P3M2,BBG008G2P3N1,2025-10-05T06:05:16.272434832Z
CHD,"Church & Dwight Co., Inc.",stocks,us,XNYS,CS,True,usd,0000313927,BBG000BFJT36,BBG001S5PR99,2025-10-05T06:05:16.272434902Z
CHDN,Churchill Downs Inc,stocks,us,XNAS,CS,True,usd,0000020212,BBG000BGXMG9,BBG001S67Z80,2025-10-05T06:05:16.272434982Z
CHE,Chemed Corporation,stocks,us,XNYS,CS,True,usd,0000019584,BBG000C19QW1,BBG001S679X0,2025-10-05T06:05:16.272435063Z
CHECU,Chenghe Acquisition III Co. Units,stocks,us,XNAS,UNIT,True,usd,0002047177,,,2025-10-05T06:05:16.272435143Z
CHEF,The Chef's Warehouse Inc,stocks,us,XNAS,CS,True,usd,0001517175,BBG001MFW6D6,BBG001V11JN2,2025-10-05T06:05:16.272435233Z
CHEK,Check-Cap Ltd.,stocks,us,XNAS,CS,True,usd,0001610590,,,2025-10-05T06:05:16.272435413Z
CHGG,"CHEGG, INC.",stocks,us,XNYS,CS,True,usd,0001364954,BBG0014XR0N5,BBG001TBCK85,2025-10-05T06:05:16.272435493Z
CHGX,Stance Sustainable Beta ETF,stocks,us,XNAS,ETF,True,usd,0000810972,BBG01QMWLPH9,BBG01QMWLQB3,2025-10-05T06:05:16.272435574Z
CHH,Choice Hotels Intnl.,stocks,us,XNYS,CS,True,usd,0001046311,BBG000BPBTL2,BBG001S997X6,2025-10-05T06:05:16.272435654Z
CHI,Calamos Convertible Opportunities and Income Fund,stocks,us,XNAS,CS,True,usd,0001171471,BBG000D8GTW1,BBG001SG6175,2025-10-05T06:05:16.272435734Z
CHIQ,Global X MSCI China Consumer Discretionary ETF,stocks,us,ARCX,ETF,True,usd,0001432353,BBG000PYGRT9,BBG001T64BB1,2025-10-05T06:05:16.272435814Z
CHKP,Check Point Software Technologies Ltd,stocks,us,XNAS,CS,True,usd,0001015922,,,2025-10-05T06:05:16.272435894Z
CHMG,Chemung Financial Corp,stocks,us,XNAS,CS,True,usd,0000763563,BBG000BHQ7B3,BBG001S7RT53,2025-10-05T06:05:16.272435974Z
CHMI,CHERRY HILL MORTGAGE INVESTMENT CORPORATION,stocks,us,XNYS,CS,True,usd,0001571776,BBG004HQLJH2,BBG004HQLK70,2025-10-05T06:05:16.272436054Z
CHMIpA,Cherry Hill Mortgage Investment Corporation 8.20% Series A Cumulative Redeemable Preferred Stock,stocks,us,XNYS,PFD,True,usd,0001571776,,,2025-10-05T06:05:16.272436355Z
CHMIpB,Cherry Hill Mortgage Investment Corporation 8.250% Series B Fixed-to-Floating Rate Cumulative Redeemable Preferred Stock,stocks,us,XNYS,PFD,True,usd,0001571776,,,2025-10-05T06:05:16.272436435Z
CHN,CHINA FUND,stocks,us,XNYS,FUND,True,usd,0000845379,BBG000C3L9B4,BBG001S6HMG9,2025-10-05T06:05:16.272436515Z
CHNR,"China Natural Resources, Inc.",stocks,us,XNAS,CS,True,usd,0000793628,,,2025-10-05T06:05:16.272436596Z
CHOW,ChowChow Cloud International Holdings Limited,stocks,us,XASE,CS,True,usd,0002041829,,,2025-10-05T06:05:16.272436676Z
CHPG,ChampionsGate Acquisition Corporation Class A Ordinary Share,stocks,us,XNAS,CS,True,usd,0002024460,,,2025-10-05T06:05:16.272436756Z
CHPGR,ChampionsGate Acquisition Corporation Rights,stocks,us,XNAS,RIGHT,True,usd,0002024460,,,2025-10-05T06:05:16.272437006Z
CHPGU,ChampionsGate Acquisition Corporation Unit,stocks,us,XNAS,UNIT,True,usd,0002024460,,,2025-10-05T06:05:16.272437086Z
CHPS,Xtrackers Semiconductor Select Equity ETF,stocks,us,XNAS,ETF,True,usd,,BBG01HDDR160,BBG01HDDR231,2025-10-05T06:05:16.272437217Z
CHPT,"ChargePoint Holdings, Inc.",stocks,us,XNYS,CS,True,usd,0001777393,BBG00Q741Z16,BBG00Q741ZS7,2025-10-05T06:05:16.272437407Z
CHPX,Global X AI Semiconductor & Quantum ETF,stocks,us,XNAS,ETF,True,usd,,BBG01XHHB3Y4,BBG01XHHB5G9,2025-10-05T06:05:16.272437487Z
CHPY,YieldMax Semiconductor Portfolio Option Income ETF,stocks,us,ARCX,ETF,True,usd,,BBG01SX6T2F5,BBG01SX6T443,2025-10-05T06:05:16.272437567Z
CHR,"Cheer Holding, Inc. Class A Ordinary Share",stocks,us,XNAS,CS,True,usd,0001738758,,,2025-10-05T06:05:16.272437648Z
CHRD,Chord Energy Corporation Common Stock,stocks,us,XNAS,CS,True,usd,0001486159,BBG00Y7BLHL9,BBG00Y7BLJF2,2025-10-05T06:05:16.272437728Z
CHRI,Global X S&P 500 Christian Values ETF,stocks,us,XNAS,ETF,True,usd,,BBG01XH961H1,BBG01XH96305,2025-10-05T06:05:16.272437818Z
CHRS,"Coherus Oncology, Inc. Common Stock",stocks,us,XNAS,CS,True,usd,0001512762,BBG0063N8V69,BBG0063N8V87,2025-10-05T06:05:16.272437898Z
CHRW,"C.H. Robinson Worldwide, Inc.",stocks,us,XNAS,CS,True,usd,0001043277,BBG000BTCH57,BBG001SB6KF5,2025-10-05T06:05:16.272437978Z
CHSCL,"CHS Inc Class B Cumulative Redeemable Preferred Stock, Series 4",stocks,us,XNAS,PFD,True,usd,,,,2025-10-05T06:05:16.272438088Z
CHSCM,"CHS Inc Class B Reset Rate Cumulative Redeemable Preferred Stock, Series 3",stocks,us,XNAS,PFD,True,usd,,,,2025-10-05T06:05:16.272438269Z
CHSCN,CHS Inc Preferred Class B Series 2 Reset Rate,stocks,us,XNAS,PFD,True,usd,,,,2025-10-05T06:05:16.272438359Z
CHSCO,CHS Inc. Class B Cumulative Redeemable Preferred Stock,stocks,us,XNAS,PFD,True,usd,,,,2025-10-05T06:05:16.272438439Z
CHSCP,CHS Inc. 8% Cumulative Redeemable Pfd,stocks,us,XNAS,PFD,True,usd,,,,2025-10-05T06:05:16.272438519Z
CHSN,Chanson International Holding Class A Ordinary Shares,stocks,us,XNAS,CS,True,usd,0001825349,,,2025-10-05T06:05:16.27243872Z
CHT,"CHUNGHWA TELECOM CO., LTD",stocks,us,XNYS,ADRC,True,usd,0001132924,BBG000BBYJ94,BBG001S66W15,2025-10-05T06:05:16.2724388Z
CHTR,Charter Comm Inc Del CL A New,stocks,us,XNAS,CS,True,usd,0001091667,BBG000VPGNR2,BBG001T3TDG2,2025-10-05T06:05:16.27243894Z
CHW,Calamos Global Dynamic Income Fund,stocks,us,XNAS,CS,True,usd,0001396277,BBG000NK3XQ5,BBG001SQN842,2025-10-05T06:05:16.27243902Z
CHWY,"Chewy, Inc.",stocks,us,XNYS,CS,True,usd,0001766502,BBG00P19DKZ6,BBG00P19DLQ4,2025-10-05T06:05:16.2724391Z
CHY,Calamos Convertible and High Income Fund,stocks,us,XNAS,CS,True,usd,0001222719,BBG000BK02T6,BBG001S8SMN5,2025-10-05T06:05:16.27243918Z
CHYM,"Chime Financial, Inc. Class A Common Stock",stocks,us,XNAS,CS,True,usd,0001795586,BBG00QK4M9M3,BBG00QK4M9N2,2025-10-05T06:05:16.272439271Z
CI,The Cigna Group,stocks,us,XNYS,CS,True,usd,0001739940,BBG00KXRCDP0,BBG00KXRCDQ9,2025-10-05T06:05:16.272439351Z
CIA,"Citizens, Inc.",stocks,us,XNYS,CS,True,usd,0000024090,BBG000DJ3D29,BBG001S81V90,2025-10-05T06:05:16.272439441Z
CIB,Grupo Cibest S.A. American Depositary Shares (each representing four (4) Preferred Shares),stocks,us,XNYS,ADRC,True,usd,0002058897,BBG01TW82NG2,BBG01TW82PB2,2025-10-05T06:05:16.272439521Z
CIBR,First Trust Exchange-Traded Fund II First Trust NASDAQ Cybersecurity ETF,stocks,us,XNAS,ETF,True,usd,0001125816,BBG009K1H2V8,BBG009K1H2W7,2025-10-05T06:05:16.272439601Z
CICB,CION Investment Corporation 7.50% Notes due 2029,stocks,us,XNYS,SP,True,usd,0001534254,,,2025-10-05T06:05:16.272439681Z
CIEN,Ciena Corporation,stocks,us,XNYS,CS,True,usd,0000936395,BBG000BP1152,BBG001S61J73,2025-10-05T06:05:16.272439762Z
CIF,MFS Intermediate High Income Fund,stocks,us,XNYS,FUND,True,usd,0000833021,BBG000BFNL65,BBG001S5PT31,2025-10-05T06:05:16.272439842Z
CIFR,Cipher Mining Inc. Common Stock,stocks,us,XNAS,CS,True,usd,0001819989,BBG00XYHY0K2,BBG00XYHY0L1,2025-10-05T06:05:16.272440022Z
CIFRW,Cipher Mining Inc. Warrant,stocks,us,XNAS,WARRANT,True,usd,0001819989,BBG00YFJ1RC3,,2025-10-05T06:05:16.272440102Z
CIG,Companhia Energetica De Minas Gerais-CEMIG,stocks,us,XNYS,ADRC,True,usd,0001157557,BBG000BBKV10,BBG001S64WN3,2025-10-05T06:05:16.272440343Z
CIG.C,Companhia Energetica De Minas Gerais-CEMIG,stocks,us,XNYS,ADRC,True,usd,0001157557,BBG000GN0XD4,BBG001STLY96,2025-10-05T06:05:16.272440423Z
CIGI,Colliers International Group Inc. Subordinate Voting Shares,stocks,us,XNAS,CS,True,usd,0000913353,BBG000BN6P22,BBG001S79G88,2025-10-05T06:05:16.272440543Z
CIGL,Concorde International Group Ltd Class A Ordinary Shares,stocks,us,XNAS,CS,True,usd,0002001794,,,2025-10-05T06:05:16.272440623Z
CII,"BlackRock Enhanced Large Cap Core Fund, Inc.",stocks,us,XNYS,FUND,True,usd,0001278895,BBG000L0QDX2,BBG001SJTK18,2025-10-05T06:05:16.272440713Z
CIIT,"Tianci International, Inc. Common Stock",stocks,us,XNAS,CS,True,usd,0001557798,BBG003NFDV65,BBG003NFDVY4,2025-10-05T06:05:16.272440804Z
CIK,Credit Suisse Asset Management Income Fund Inc.,stocks,us,XASE,FUND,True,usd,0000810766,BBG000G894K4,BBG001SCVJQ6,2025-10-05T06:05:16.272440894Z
CIL,VictoryShares International Volatility Wtd ETF,stocks,us,XNAS,ETF,True,usd,0001547580,BBG009QTF396,BBG009QTF403,2025-10-05T06:05:16.272441104Z
CIM,Chimera Investment Corp.,stocks,us,XNYS,CS,True,usd,0001409493,BBG000PFLGY2,BBG001SR1G28,2025-10-05T06:05:16.272441274Z
CIMN,Chimera Investment Corporation 9.000% Senior Notes due 2029,stocks,us,XNYS,SP,True,usd,0001409493,,,2025-10-05T06:05:16.272441355Z
CIMO,Chimera Investment Corporation 9.250% Senior Notes due 2029,stocks,us,XNYS,SP,True,usd,0001409493,,,2025-10-05T06:05:16.272441445Z
CIMP,Chimera Investment Corporation 8.875% Senior Notes due 2030,stocks,us,XNYS,SP,True,usd,0001409493,,,2025-10-05T06:05:16.272441525Z
CIMpA,Chimera Investment Corporation 8.00% Series A Cumulative Redeemable Preferred Stock,stocks,us,XNYS,PFD,True,usd,0001409493,,,2025-10-05T06:05:16.272441605Z
CIMpB,Chimera Investment Corporation 8.00% Series B Fixed-to-Floating Rate Cumulative Redeemable Preferred Stock,stocks,us,XNYS,PFD,True,usd,0001409493,,,2025-10-05T06:05:16.272441685Z
CIMpC,Chimera Investment Corporation 7.75% Series C Fixed-to-Floating Rate  Cumulative Redeemable  Preferred Stock,stocks,us,XNYS,PFD,True,usd,0001409493,,,2025-10-05T06:05:16.272441765Z
CIMpD,Chimera Investment Corporation 8.00% Series D Fixed-to-Floating Rate Cumulative Redeemable Preferred Stock,stocks,us,XNYS,PFD,True,usd,0001409493,,,2025-10-05T06:05:16.272442126Z
CINF,Cincinnati Financial Corp,stocks,us,XNAS,CS,True,usd,0000020286,BBG000BFPK65,BBG001S5PTM0,2025-10-05T06:05:16.272442547Z
CING,Cingulate Inc. Common Stock,stocks,us,XNAS,CS,True,usd,0001862150,BBG012G40MY2,BBG012G40NT6,2025-10-05T06:05:16.272442707Z
CINGW,Cingulate Inc. Warrants,stocks,us,XNAS,WARRANT,True,usd,0001862150,BBG013YMVH68,,2025-10-05T06:05:16.272442817Z
CINT,CI&T Inc,stocks,us,XNYS,CS,True,usd,0001868995,,,2025-10-05T06:05:16.272442898Z
CIO,"CITY OFFICE REIT, INC.",stocks,us,XNYS,CS,True,usd,0001593222,BBG005T5RWR6,BBG005T5RWQ7,2025-10-05T06:05:16.272442978Z
CION,CION Investment Corporation,stocks,us,XNYS,CS,True,usd,0001534254,BBG009KJ66B4,BBG009KJ66C3,2025-10-05T06:05:16.272443058Z
CIOpA,"City Office REIT, Inc.  6.625% Series A Cumulative Redeemable Preferred Stock",stocks,us,XNYS,PFD,True,usd,0001593222,,,2025-10-05T06:05:16.272443138Z
CISO,"CISO Global, Inc. Common Stock",stocks,us,XNAS,CS,True,usd,0001777319,BBG00SL5GH17,BBG00SL5GJ31,2025-10-05T06:05:16.272443228Z
CISS,C3is Inc. Common Stock,stocks,us,XNAS,CS,True,usd,0001951067,,,2025-10-05T06:05:16.272443318Z
CIVB,"Civista Bancshares, Inc.",stocks,us,XNAS,CS,True,usd,0000944745,BBG000DWZWT4,BBG001S91FV8,2025-10-05T06:05:16.272443489Z
CIVI,"Civitas Resources, Inc.",stocks,us,XNYS,CS,True,usd,0001509589,BBG00GLNJ018,BBG00GLNJ0R0,2025-10-05T06:05:16.272443669Z
CIX,Comp X International Inc.,stocks,us,XASE,CS,True,usd,0001049606,BBG000BCGY99,BBG001S643N7,2025-10-05T06:05:16.272443749Z
CJET,"Chijet Motor Company, Inc. Ordinary Shares",stocks,us,XNAS,CS,True,usd,0001957413,,,2025-10-05T06:05:16.272443829Z
CJMB,Callan JMB Inc. Common Stock,stocks,us,XNAS,CS,True,usd,0002032545,BBG01QK922X6,BBG01QK923R1,2025-10-05T06:05:16.272443909Z
CKX,"CKX Lands, Inc.",stocks,us,XASE,CS,True,usd,0000352955,BBG000CTBX52,BBG001S72DB8,2025-10-05T06:05:16.27244399Z
CL,Colgate-Palmolive Company,stocks,us,XNYS,CS,True,usd,0000021665,BBG000BFQYY3,BBG001S5PVM5,2025-10-05T06:05:16.27244407Z
CLAR,Clarus Corporation Common Stock,stocks,us,XNAS,CS,True,usd,0000913277,BBG000C6QPN3,BBG001SBNNC3,2025-10-05T06:05:16.27244415Z
CLB,Core Laboratories Inc.,stocks,us,XNYS,CS,True,usd,0001958086,BBG01GG28WR3,BBG01GG28WT1,2025-10-05T06:05:16.27244435Z
CLBK,"Columbia Financial, Inc. Common Stock",stocks,us,XNAS,CS,True,usd,0001723596,BBG003222R31,BBG003222R95,2025-10-05T06:05:16.272444531Z
CLBT,Cellebrite DI Ltd. Class A Ordinary Shares,stocks,us,XNAS,CS,True,usd,0001854587,,,2025-10-05T06:05:16.272444721Z
CLCG,Crossmark Large Cap Growth ETF,stocks,us,ARCX,ETF,True,usd,0002062986,BBG01W9F1Q97,BBG01W9F1R77,2025-10-05T06:05:16.272444801Z
CLCO,Cool Company Ltd.,stocks,us,XNYS,CS,True,usd,0001944057,,,2025-10-05T06:05:16.272444881Z
CLCV,Crossmark Large Cap Value ETF,stocks,us,ARCX,ETF,True,usd,0002062986,BBG01W9F1TJ0,BBG01W9F1VH7,2025-10-05T06:05:16.272444961Z
CLDI,"Calidi Biotherapeutics, Inc.",stocks,us,XASE,CS,True,usd,0001855485,BBG012QFCL84,BBG012QFCL93,2025-10-05T06:05:16.272445042Z
CLDT,CHATHAM LODGING TRUST,stocks,us,XNYS,CS,True,usd,0001476045,BBG000PT6BR8,BBG001T5ZKL8,2025-10-05T06:05:16.272445122Z
CLDTpA,Chatham Lodging Trust 6.625% Series A Cumulative Redeemable Preferred Shares of Beneficial Interest,stocks,us,XNYS,PFD,True,usd,0001476045,,,2025-10-05T06:05:16.272445202Z
CLDX,"Celldex Therapeutics, Inc",stocks,us,XNAS,CS,True,usd,0000744218,BBG000FW8LZ9,BBG001S7QN20,2025-10-05T06:05:16.272445292Z
CLF,Cleveland-Cliffs Inc.,stocks,us,XNYS,CS,True,usd,0000764065,BBG000BFRF55,BBG001S5PW43,2025-10-05T06:05:16.272445503Z
CLFD,"Clearfield, Inc.",stocks,us,XNAS,CS,True,usd,0000796505,BBG000BC35R6,BBG001S5NS35,2025-10-05T06:05:16.272445583Z
CLGN,CollPlant Biotechnologies Ltd Ordinary Shares,stocks,us,XNAS,CS,True,usd,0001631487,,,2025-10-05T06:05:16.272445663Z
CLH,"Clean Harbors, Inc",stocks,us,XNYS,CS,True,usd,0000822818,BBG000BFRRX8,BBG001S5PW98,2025-10-05T06:05:16.272445743Z
CLIK,Click Holdings Limited Class A Ordinary Share,stocks,us,XNAS,CS,True,usd,0002020027,,,2025-10-05T06:05:16.272445823Z
CLIP,Global X 1-3 Month T-Bill ETF,stocks,us,ARCX,ETF,True,usd,,BBG01H2Z07K3,BBG01H2Z08D9,2025-10-05T06:05:16.272446164Z
CLIR,ClearSign Technologies Corporation Common Stock (DE),stocks,us,XNAS,CS,True,usd,0001434524,BBG00283BTK2,BBG00283BV90,2025-10-05T06:05:16.272446244Z
CLIX,ProShares Long Online/Short Stores ETF,stocks,us,ARCX,ETF,True,usd,0001174610,BBG00J7QX2N7,BBG00J7QX3N5,2025-10-05T06:05:16.272446434Z
CLLS,Cellectis S.A. American Depositary Shares,stocks,us,XNAS,ADRC,True,usd,0001627281,BBG0084L1XN2,BBG0084L1YD1,2025-10-05T06:05:16.272446514Z
CLM,"Cornerstone Strategic Investment Fund, Inc.",stocks,us,XASE,FUND,True,usd,0000814083,BBG000B9YZT1,BBG001S5PWK5,2025-10-05T06:05:16.272446675Z
CLMB,"Climb Global Solutions, Inc. Common Stock",stocks,us,XNAS,CS,True,usd,0000945983,BBG000BCJVD7,BBG001S5T4D1,2025-10-05T06:05:16.272446755Z
CLMT,"Calumet, Inc. Common Stock",stocks,us,XNAS,CS,True,usd,0002013745,BBG01NQ82GB2,BBG01NQ82GC1,2025-10-05T06:05:16.272446835Z
CLNE,Clean Energy Fuels Corp.,stocks,us,XNAS,CS,True,usd,0001368265,BBG000J5J943,BBG001SPD4H0,2025-10-05T06:05:16.272446925Z
CLNN,Clene Inc. Common Stock,stocks,us,XNAS,CS,True,usd,0001822791,BBG00X3GTK66,BBG00X3GTK84,2025-10-05T06:05:16.272447005Z
CLNNW,Clene Inc. Warrant,stocks,us,XNAS,WARRANT,True,usd,0001822791,BBG00YQ7WGM6,,2025-10-05T06:05:16.272447086Z
CLOA,BlackRock ETF Trust II iShares AAA CLO Active ETF,stocks,us,XNAS,ETF,True,usd,0001804196,BBG01C8314R8,BBG01C8315P7,2025-10-05T06:05:16.272447166Z
CLOB,VanEck AA-BB CLO ETF,stocks,us,ARCX,ETF,True,usd,0001137360,BBG01PZXSTL5,BBG01PZXSVG6,2025-10-05T06:05:16.272447246Z
CLOD,Themes Cloud Computing ETF,stocks,us,XNAS,ETF,True,usd,0001976322,BBG01KMFSDL4,BBG01KMFSFG5,2025-10-05T06:05:16.272447336Z
CLOI,VanEck CLO ETF,stocks,us,ARCX,ETF,True,usd,0001137360,BBG0188ZYKG6,BBG0188ZYL92,2025-10-05T06:05:16.272447536Z
CLOU,Global X Cloud Computing ETF,stocks,us,XNAS,ETF,True,usd,0001432353,BBG00NW3VBY1,BBG00NW3VCQ8,2025-10-05T06:05:16.272447617Z
CLOV,"Clover Health Investments, Corp",stocks,us,XNAS,CS,True,usd,0001801170,BBG00SHY90J5,BBG00SHY90K3,2025-10-05T06:05:16.272447707Z
CLOX,Eldridge AAA CLO ETF,stocks,us,ARCX,ETF,True,usd,,BBG01HH1DF39,BBG01HH1DFY5,2025-10-05T06:05:16.272448007Z
CLOZ,Eldridge BBB-B CLO ETF,stocks,us,ARCX,ETF,True,usd,,BBG01CH33MC2,BBG01CH33N67,2025-10-05T06:05:16.272448097Z
CLPR,Clipper Realty Inc. Common Stock,stocks,us,XNYS,CS,True,usd,0001649096,BBG00FY0CZQ9,BBG00FY0CZR8,2025-10-05T06:05:16.272448208Z
CLPS,CLPS Incorporation Common Stock,stocks,us,XNAS,CS,True,usd,0001724542,,,2025-10-05T06:05:16.272448318Z
CLPT,"ClearPoint Neuro, Inc. Common Stock",stocks,us,XNAS,CS,True,usd,0001285550,BBG000Q39HV3,BBG001T6D542,2025-10-05T06:05:16.272448398Z
CLRB,Cellectar Biosciences INC NEW,stocks,us,XNAS,CS,True,usd,0001279704,BBG000G9WFQ5,BBG001SNWCK2,2025-10-05T06:05:16.272448478Z
CLRO,"ClearOne, Inc. (DE) Common Stock",stocks,us,XNAS,CS,True,usd,0000840715,BBG000F7XWR1,BBG001S9QBR5,2025-10-05T06:05:16.272448618Z
CLS,"Celestica, Inc.",stocks,us,XNYS,CS,True,usd,0001030894,BBG000BPS2C3,BBG001S9CXM7,2025-10-05T06:05:16.272448819Z
CLSD,"Clearside Biomedical, Inc. Common Stock",stocks,us,XNAS,CS,True,usd,0001539029,BBG002D4D4X3,BBG002D4D4Z1,2025-10-05T06:05:16.272448899Z
CLSE,Convergence Long/Short Equity ETF,stocks,us,BATS,ETF,True,usd,0001141819,BBG015HY6PY5,BBG015HY6QS0,2025-10-05T06:05:16.272448989Z
CLSK,CLEANSPARK INC,stocks,us,XNAS,CS,True,usd,0000827876,BBG001MB89V6,BBG001S7F576,2025-10-05T06:05:16.272449059Z
CLSKW,"CleanSpark, Inc. Warrant",stocks,us,XNAS,WARRANT,True,usd,0000827876,BBG01QM8XY17,,2025-10-05T06:05:16.272449149Z
CLSM,Exchange Listed Funds Trust ETC Cabana Target Leading Sector Moderate ETF,stocks,us,XNAS,ETF,True,usd,0001547950,BBG011RJLCJ5,BBG011RJLDC0,2025-10-05T06:05:16.27244922Z
CLST,"Catalyst Bancorp, Inc. Common Stock",stocks,us,XNAS,CS,True,usd,0001849867,BBG00ZMYKX53,BBG00ZMYKY06,2025-10-05T06:05:16.2724493Z
CLSX,Tradr 2X Long CLSK Daily ETF,stocks,us,BATS,ETF,True,usd,,BBG01X7SYZY5,BBG01X7SZ0V4,2025-10-05T06:05:16.27244939Z
CLVT,Clarivate Plc,stocks,us,XNYS,CS,True,usd,0001764046,,,2025-10-05T06:05:16.27244948Z
CLW,Clearwater Paper Corporation,stocks,us,XNYS,CS,True,usd,0001441236,BBG000JY3FM3,BBG001T3T1B3,2025-10-05T06:05:16.272449961Z
CLWT,Euro Tech Holdings Co Ltd. New,stocks,us,XNAS,CS,True,usd,0001026662,,,2025-10-05T06:05:16.272450041Z
CLX,Clorox Company,stocks,us,XNYS,CS,True,usd,0000021076,BBG000BFS7D3,BBG001S5PX50,2025-10-05T06:05:16.272450131Z
CLYM,"Climb Bio, Inc. Common Stock",stocks,us,XNAS,CS,True,usd,0001768446,BBG00ZNKL0K6,BBG00ZNKL0L5,2025-10-05T06:05:16.272450222Z
CM,Canadian Imperial Bank of Commerce,stocks,us,XNYS,CS,True,usd,0001045520,BBG000FKTHQ1,BBG001S5YBB1,2025-10-05T06:05:16.272450312Z
CMA,Comerica Incorporated,stocks,us,XNYS,CS,True,usd,0000028412,BBG000C75N77,BBG001S6PXB1,2025-10-05T06:05:16.272450392Z
CMApB,"Comerica Incorporated Depositary Shares, each representing a 1/40th interest in a share of 6.875% Fixed-Rate Reset Non-Cumulative Perpetual Preferred Stock, Series B",stocks,us,XNYS,PFD,True,usd,0000028412,,,2025-10-05T06:05:16.272450472Z
CMBM,Cambium Networks Corporation Ordinary Shares,stocks,us,XNAS,CS,True,usd,0001738177,,,2025-10-05T06:05:16.272450552Z
CMBS,iShares CMBS ETF,stocks,us,ARCX,ETF,True,usd,0001100663,BBG002NCLSR9,BBG002NCLTH8,2025-10-05T06:05:16.272450632Z
CMBT,CMB.TECH NV,stocks,us,XNYS,CS,True,usd,0001604481,,,2025-10-05T06:05:16.272450823Z
CMC,Commercial Metals Company,stocks,us,XNYS,CS,True,usd,0000022444,BBG000BFSND8,BBG001S5PXG8,2025-10-05T06:05:16.272450893Z
CMCI,VanEck CMCI Commodity Strategy ETF,stocks,us,BATS,ETF,True,usd,,BBG01J1GXTN5,BBG01J1GXVH7,2025-10-05T06:05:16.272450973Z
CMCL,Caledonia Mining Corporation Plc,stocks,us,XASE,CS,True,usd,0000766011,,,2025-10-05T06:05:16.272451053Z
CMCM,"Cheetah Mobile Inc. American Depositary Shares, each representing fifty (50) Class A Ordinary Shares",stocks,us,XNYS,ADRC,True,usd,0001597835,BBG0068TQ8R9,BBG0068TQ8S8,2025-10-05T06:05:16.272451143Z
CMCO,Columbus McKinnon Corp/NY,stocks,us,XNAS,CS,True,usd,0001005229,BBG000BCWWV0,BBG001S5VFS7,2025-10-05T06:05:16.272451223Z
CMCSA,Comcast Corp,stocks,us,XNAS,CS,True,usd,0001166691,BBG000BFT2L4,BBG001S5PXL2,2025-10-05T06:05:16.272451304Z
CMCT,Creative Media & Community Trust Corporation Common stock,stocks,us,XNAS,CS,True,usd,0000908311,BBG000BN7SF1,BBG001S8G3W0,2025-10-05T06:05:16.272451544Z
CMDB,Costamare Bulkers Holdings Limited,stocks,us,XNYS,CS,True,usd,0002033535,,,2025-10-05T06:05:16.272451674Z
CMDT,PIMCO Commodity Strategy Active Exchange-Traded Fund,stocks,us,ARCX,ETF,True,usd,0001450011,BBG01G446S02,BBG01G446SV8,2025-10-05T06:05:16.272451805Z
CMDY,iShares Bloomberg Roll Select Commodity Strategy ETF,stocks,us,ARCX,ETF,True,usd,0001524513,BBG00KHT03W1,BBG00KHT04L1,2025-10-05T06:05:16.272451885Z
CME,CME Group Inc.,stocks,us,XNAS,CS,True,usd,0001156375,BBG000BHLYP4,BBG001S86547,2025-10-05T06:05:16.272451965Z
CMF,iShares California Muni Bond ETF,stocks,us,ARCX,ETF,True,usd,0001100663,BBG000TGH441,BBG001T03XM5,2025-10-05T06:05:16.272452045Z
CMG,"Chipotle Mexican Grill, Inc.",stocks,us,XNYS,CS,True,usd,0001058090,BBG000QX74T1,BBG001SP50B3,2025-10-05T06:05:16.272452125Z
CMI,Cummins Inc.,stocks,us,XNYS,CS,True,usd,0000026172,BBG000BGPTV6,BBG001S5Q9M3,2025-10-05T06:05:16.272452205Z
CMMB,Chemomab Therapeutics Ltd. American Depositary Share,stocks,us,XNAS,ADRC,True,usd,0001534248,BBG00N0PMGK1,BBG00N0PMH92,2025-10-05T06:05:16.272452285Z
CMND,Clearmind Medicine Inc. Common Shares,stocks,us,XNAS,CS,True,usd,0001892500,BBG01237P3C8,BBG00KWY2X19,2025-10-05T06:05:16.272452446Z
CMP,"Compass Minerals International, Inc.",stocks,us,XNYS,CS,True,usd,0001227654,BBG000C42WS4,BBG001SDY0X4,2025-10-05T06:05:16.272452596Z
CMPO,"CompoSecure, Inc.",stocks,us,XNYS,CS,True,usd,0001823144,BBG00XTTT297,BBG00XTTT2B4,2025-10-05T06:05:16.272452756Z
CMPOW,"CompoSecure, Inc. Warrant",stocks,us,XNAS,WARRANT,True,usd,0001823144,BBG00Y7BS3Q8,,2025-10-05T06:05:16.272452847Z
CMPR,Cimpress PLC Ordinary Shares (Ireland),stocks,us,XNAS,CS,True,usd,0001262976,,,2025-10-05T06:05:16.272452927Z
CMPS,COMPASS Pathways Plc American Depository Shares,stocks,us,XNAS,ADRC,True,usd,0001816590,BBG00X0VY2N1,BBG00X0VY3F8,2025-10-05T06:05:16.272453007Z
CMPX,"Compass Therapeutics, Inc. Common Stock",stocks,us,XNAS,CS,True,usd,0001738021,BBG00LPXKF25,BBG00LPXKF34,2025-10-05T06:05:16.272453087Z
CMRC,"Commerce.com, Inc. Series 1 Common Stock",stocks,us,XNAS,CS,True,usd,0001626450,BBG00W1PSSJ0,BBG00W1PSTC5,2025-10-05T06:05:16.272453297Z
CMRE,Costamare Inc.,stocks,us,XNYS,CS,True,usd,0001503584,,,2025-10-05T06:05:16.272453378Z
CMREpB,Costamare Inc. 7.625% Series B Cumulative Redeemable Perpetual Preferred Stock,stocks,us,XNYS,PFD,True,usd,0001503584,,,2025-10-05T06:05:16.272453518Z
CMREpC,"COSTAMARE INC. 8.50% Series C Cumulative Redeemable Perpetual Preferred Stock, $0.0001 par value",stocks,us,XNYS,PFD,True,usd,0001503584,,,2025-10-05T06:05:16.272453598Z
CMREpD,"Costamare Inc.  8.75% Series D Cumulative Redeemable Perpetual Preferred Stock, $0.0001 par",stocks,us,XNYS,PFD,True,usd,0001503584,,,2025-10-05T06:05:16.272453678Z
CMS,CMS Energy Corporation,stocks,us,XNYS,CS,True,usd,0000811156,BBG000BFVXX0,BBG001S5PYJ3,2025-10-05T06:05:16.272453758Z
CMSA,CMS Energy Corporation 5.625% Junior Subordinated Notes due 2078,stocks,us,XNYS,SP,True,usd,0000811156,,,2025-10-05T06:05:16.272453838Z
CMSC,CMS Energy Corporation 5.875% Junior Subordinated Notes due 2078,stocks,us,XNYS,SP,True,usd,0000811156,,,2025-10-05T06:05:16.272453919Z
CMSD,CMS Energy Corporation 5.875% Junior Subordinated Notes due 2079,stocks,us,XNYS,SP,True,usd,0000811156,,,2025-10-05T06:05:16.272453999Z
CMSpB,Consumers Energy Company $4.50 Cumulative Preferred,stocks,us,XNYS,PFD,True,usd,0000811156,,,2025-10-05T06:05:16.272454079Z
CMSpC,"CMS Energy Corporation Depositary Shares, each representing a 1/1, 000th interest in a share of 4.200% Cumulative Redeemable Perpetual Preferred Stock, Series C",stocks,us,XNYS,PFD,True,usd,0000811156,,,2025-10-05T06:05:16.272454159Z
CMT,"Core Molding Technologies, Inc.",stocks,us,XASE,CS,True,usd,0001026655,BBG000F4PNF0,BBG001S9F9R2,2025-10-05T06:05:16.272454239Z
CMTG,"Claros Mortgage Trust, Inc.",stocks,us,XNYS,CS,True,usd,0001666291,BBG00PT33805,BBG00PT33814,2025-10-05T06:05:16.27245442Z
CMTL,Comtech Telecommunications,stocks,us,XNAS,CS,True,usd,0000023197,BBG000BFW9K6,BBG001S5PYN8,2025-10-05T06:05:16.27245457Z
CMU,MFS High Yield Municipal Trust,stocks,us,XNYS,FUND,True,usd,0000809844,BBG000BFX2H4,BBG001S5PYQ5,2025-10-05T06:05:16.27245465Z
CNA,CNA Financial Corporation,stocks,us,XNYS,CS,True,usd,0000021175,BBG000BFYB47,BBG001S5PYX7,2025-10-05T06:05:16.27245473Z
CNAV,Mohr Company Nav ETF,stocks,us,BATS,ETF,True,usd,,BBG01Q3596P6,BBG01Q3597N6,2025-10-05T06:05:16.272454941Z
CNBS,Amplify Seymour Cannabis ETF,stocks,us,ARCX,ETF,True,usd,0001633061,BBG00PSSPB28,BBG00PSSPBT9,2025-10-05T06:05:16.272455031Z
CNC,Centene Corporation,stocks,us,XNYS,CS,True,usd,0001071739,BBG000BDXCJ5,BBG001S6T7Q8,2025-10-05T06:05:16.272455171Z
CNCK,Coincheck Group N.V. Ordinary Shares,stocks,us,XNAS,CS,True,usd,0001913847,,,2025-10-05T06:05:16.272455251Z
CNCKW,Coincheck Group N.V. Warrant expiring 12/10/2029,stocks,us,XNAS,WARRANT,True,usd,0001913847,,,2025-10-05T06:05:16.272455341Z
CNDT,Conduent Incorporated Common Stock,stocks,us,XNAS,CS,True,usd,0001677703,BBG00C1BZMT9,BBG00C1BZMV6,2025-10-05T06:05:16.272455512Z
CNEQ,Alger Concentrated Equity ETF,stocks,us,ARCX,ETF,True,usd,0001807486,BBG01M1K3WN5,BBG01M1K3XJ8,2025-10-05T06:05:16.272455692Z
CNET,ZW Data Action Technologies Inc. Common Stock,stocks,us,XNAS,CS,True,usd,0001376321,BBG000KBG7Z1,BBG001SPQXT9,2025-10-05T06:05:16.272455772Z
CNEY,CN Energy Group Inc. Class A Ordinary Shares,stocks,us,XNAS,CS,True,usd,0001780785,,,2025-10-05T06:05:16.272455852Z
CNF,"CNFinance Holdings Limited American Depositary Shares, each representing two hundred (200) Ordinary Shares",stocks,us,XNYS,ADRC,True,usd,0001733868,BBG00LDV2BR4,BBG00LDV2BS3,2025-10-05T06:05:16.272455932Z
CNH,CNH INDUSTRIAL N.V.,stocks,us,XNYS,CS,True,usd,0001567094,,,2025-10-05T06:05:16.272456013Z
CNI,Canadian National Railway,stocks,us,XNYS,CS,True,usd,0000016868,BBG000HS74G6,BBG001S8WVQ7,2025-10-05T06:05:16.272456093Z
CNK,"Cinemark Holdings, Inc.",stocks,us,XNYS,CS,True,usd,0001385280,BBG000QDVR53,BBG001SS31W4,2025-10-05T06:05:16.272456173Z
CNL,Collective Mining Ltd.,stocks,us,XASE,CS,True,usd,0001953575,BBG011S21919,BBG00LZFKGH5,2025-10-05T06:05:16.272456253Z
CNM,"Core & Main, Inc.",stocks,us,XNYS,CS,True,usd,0001856525,BBG01163K2X0,BBG01163K3R5,2025-10-05T06:05:16.272456343Z
CNMD,CONMED Corporation,stocks,us,XNYS,CS,True,usd,0000816956,BBG000BFZVH8,BBG001S5PZH2,2025-10-05T06:05:16.272456493Z
CNNE,"Cannae Holdings, Inc. Common Stock",stocks,us,XNYS,CS,True,usd,0001704720,BBG00GXRNJP4,BBG00GXRNJQ3,2025-10-05T06:05:16.272456724Z
CNO,"CNO Financial Group, Inc.",stocks,us,XNYS,CS,True,usd,0001224608,BBG000Q1GK24,BBG001SBR6X3,2025-10-05T06:05:16.272456844Z
CNOB,Center Bancorp Inc,stocks,us,XNAS,CS,True,usd,0000712771,BBG000BD2D25,BBG001S6YLR0,2025-10-05T06:05:16.272456944Z
CNOBP,"ConnectOne Bancorp, Inc. Depositary Shares, each representing a 1/40th interest in a share of 5.25% Fixed-Rate Reset Non-Cumulative Perpetual Preferred Stock, Series A",stocks,us,XNAS,CS,True,usd,0000712771,,,2025-10-05T06:05:16.272457024Z
CNOpA,"CNO Financial Group, Inc. 5.125% Subordinated Debentures due 2060",stocks,us,XNYS,SP,True,usd,0001224608,,,2025-10-05T06:05:16.272457105Z
CNP,"CenterPoint Energy, Inc.",stocks,us,XNYS,CS,True,usd,0001130310,BBG000FDBX90,BBG001SB10S0,2025-10-05T06:05:16.272457185Z
CNQ,Canadian Natural Resources Limited,stocks,us,XNYS,CS,True,usd,0001017413,BBG000HW5GX3,BBG001S5YC56,2025-10-05T06:05:16.272457275Z
CNQQ,Rayliant-ChinaAMC Transformative China Tech ETF,stocks,us,XNAS,ETF,True,usd,,BBG01XBCVJW6,BBG01XBCVKW3,2025-10-05T06:05:16.272457415Z
CNR,"Core Natural Resources, Inc.",stocks,us,XNYS,CS,True,usd,0001710366,BBG00HC114X0,BBG00HC115M9,2025-10-05T06:05:16.272457495Z
CNRG,SPDR S&P Kensho Clean Power ETF,stocks,us,ARCX,ETF,True,usd,0001081019,BBG00M9BL8C3,BBG00M9BL931,2025-10-05T06:05:16.272457576Z
CNS,Cohen & Steers Inc.,stocks,us,XNYS,CS,True,usd,0001284812,BBG000BB0WG4,BBG001S5PZN5,2025-10-05T06:05:16.272457656Z
CNSP,"CNS Pharmaceuticals, Inc. Common Stock",stocks,us,XNAS,CS,True,usd,0001729427,BBG00PM24T16,BBG00PM24TS7,2025-10-05T06:05:16.272457746Z
CNTA,Centessa Pharmaceuticals plc American Depositary Shares,stocks,us,XNAS,ADRC,True,usd,0001847903,BBG01081FC59,BBG01081FC68,2025-10-05T06:05:16.272457816Z
CNTB,Connect Biopharma Holdings Limited Ordinary Shares,stocks,us,XNAS,CS,True,usd,0001835268,,,2025-10-05T06:05:16.272457906Z
CNTX,Context Therapeutics Inc. Common Stock,stocks,us,XNAS,CS,True,usd,0001842952,BBG011YW6H86,BBG011YW6J46,2025-10-05T06:05:16.272457976Z
CNTY,Century Casinos Inc,stocks,us,XNAS,CS,True,usd,0000911147,BBG000BMXYT6,BBG001S6MDN5,2025-10-05T06:05:16.272458066Z
CNVS,Cineverse Corp. Class A Common Stock,stocks,us,XNAS,CS,True,usd,0001173204,BBG000BRSS32,BBG001SBM4H1,2025-10-05T06:05:16.272458297Z
CNX,CNX Resources Corporation,stocks,us,XNYS,CS,True,usd,0001070412,BBG000CKVSG8,BBG001SC7TN4,2025-10-05T06:05:16.272458467Z
CNXC,Concentrix Corporation Common Stock,stocks,us,XNAS,CS,True,usd,0001803599,BBG00RCNQMX3,BBG00RCNQMY2,2025-10-05T06:05:16.272458607Z
CNXN,PC Connection Inc,stocks,us,XNAS,CS,True,usd,0001050377,BBG000BX74M4,BBG001S96MG5,2025-10-05T06:05:16.272458688Z
CNXT,VanEck ChiNext ETF,stocks,us,ARCX,ETF,True,usd,0001137360,BBG006W461W8,BBG006W461V9,2025-10-05T06:05:16.272458768Z
CNYA,iShares MSCI China A ETF,stocks,us,BATS,ETF,True,usd,0001100663,BBG00D30D431,BBG00D30D440,2025-10-05T06:05:16.272458848Z
COAL,Range Global Coal Index ETF,stocks,us,ARCX,ETF,True,usd,0001452937,BBG01KN6GYM9,BBG01KN6GZG3,2025-10-05T06:05:16.272458938Z
COCH,"Envoy Medical, Inc. Class A Common Stock",stocks,us,XNAS,CS,True,usd,0001840877,BBG00Z6RQKY6,BBG00Z6RQKZ5,2025-10-05T06:05:16.272459018Z
COCHW,"Envoy Medical, Inc Warrant",stocks,us,XNAS,WARRANT,True,usd,0001840877,BBG00Z83KPF3,,2025-10-05T06:05:16.272459098Z
COCO,"The Vita Coco Company, Inc. Common Stock",stocks,us,XNAS,CS,True,usd,0001482981,BBG012QFVSL3,BBG012QFVTF8,2025-10-05T06:05:16.272459259Z
COCP,"Cocrystal Pharma, Inc. Common Stock",stocks,us,XNAS,CS,True,usd,0001412486,BBG000V27360,BBG001T107W2,2025-10-05T06:05:16.272459419Z
CODA,"Coda Octopus Group, Inc. Common stock",stocks,us,XNAS,CS,True,usd,0001334325,BBG000C3P831,BBG001S7WGC7,2025-10-05T06:05:16.272459499Z
CODI,Compass Diversified,stocks,us,XNYS,CS,True,usd,0001345126,BBG000L35KD5,BBG001SPY7K6,2025-10-05T06:05:16.272459579Z
CODIpA,Compass Diversified Holdings 7.250% Series A Preferred Shares representing beneficial interest in Compass Diversified Holdings,stocks,us,XNYS,PFD,True,usd,0001345126,,,2025-10-05T06:05:16.27245966Z
CODIpB,Compass Diversified Holdings 7.875% Series B Fixed-to-Floating Rate Cumulative Preferred Shares representing beneficial interests in Compass Diversified Holdings,stocks,us,XNYS,PFD,True,usd,0001345126,,,2025-10-05T06:05:16.27245974Z
CODIpC,Compass Diversified Holdings 7.875% Series C Cumulative Preferred Shares,stocks,us,XNYS,PFD,True,usd,0001345126,,,2025-10-05T06:05:16.27245982Z
CODX,"Co-Diagnostics, Inc. Common Stock",stocks,us,XNAS,CS,True,usd,0001692415,BBG004HTR2D1,BBG004HTR2F9,2025-10-05T06:05:16.27245992Z
COE,"51Talk Online Education Group American Depositary Shares, each representing sixty (60) Class A Ordinary Shares",stocks,us,XASE,ADRC,True,usd,0001659494,BBG00CWX19Z6,BBG00CWX19Y7,2025-10-05T06:05:16.27246008Z
COEP,Coeptis Therapeutics Holdings Inc. Common Stock,stocks,us,XNAS,CS,True,usd,0001759186,BBG00XTTT1C5,BBG00XTTT1D4,2025-10-05T06:05:16.27246018Z
COEPW,"Coeptis Therapeutics Holdings, Inc. Warrants",stocks,us,XNAS,WARRANT,True,usd,0001759186,BBG00XV39M53,,2025-10-05T06:05:16.272460331Z
COF,Capital One Financial,stocks,us,XNYS,CS,True,usd,0000927628,BBG000BGKTF9,BBG001S65PV8,2025-10-05T06:05:16.272460411Z
COFS,CHOICEONE FINANCIAL,stocks,us,XNAS,CS,True,usd,0000803164,BBG000LLRNX3,BBG001SDXH04,2025-10-05T06:05:16.272460491Z
COFpI,"Capital One Financial Corporation Depositary shares each representing a 1/40th interest in a share of Fixed Rate Non-Cumulative Perpetual Preferred Stock, Series I",stocks,us,XNYS,PFD,True,usd,0000927628,,,2025-10-05T06:05:16.272460571Z
COFpJ,"Capital One Financial Corporation Depositary Shares, Each Representing a 1/40th Interest in a Share of Fixed Rate Non- Cumulative Perpetual Preferred Stock, Series J",stocks,us,XNYS,PFD,True,usd,0000927628,,,2025-10-05T06:05:16.272460651Z
COFpK,"Capital One Financial Corporation Depositary Shares, Each Representing a 1/40th Ownership Interest in a Share of Fixed Rate Non-Cumulative Perpetual Preferred Stock, Series K",stocks,us,XNYS,PFD,True,usd,0000927628,,,2025-10-05T06:05:16.272460732Z
COFpL,"Capital One Financial Corporation Depositary Shares, Each Representing a 1/40th Interest in a Share of Fixed Rate Non- Cumulative Perpetual Preferred Stock, Series L",stocks,us,XNYS,PFD,True,usd,0000927628,,,2025-10-05T06:05:16.272460812Z
COFpN,"Capital One Financial Corporation Depositary Shares, Each Representing a 1/40th Ownership Interest in a Share of Fixed Rate Non-Cumulative Perpetual Preferred Stock, Series N",stocks,us,XNYS,PFD,True,usd,0000927628,,,2025-10-05T06:05:16.272460902Z
COGT,"Cogent Biosciences, Inc. Common Stock",stocks,us,XNAS,CS,True,usd,0001622229,BBG007DHZQR7,BBG007DHY102,2025-10-05T06:05:16.272461042Z
COHN,Cohen & Company Inc,stocks,us,XASE,CS,True,usd,0001270436,BBG000BN06T1,BBG001S9Q071,2025-10-05T06:05:16.272461212Z
COHR,Coherent Corp.,stocks,us,XNYS,CS,True,usd,0000820318,BBG000BLW102,BBG001S5S6N6,2025-10-05T06:05:16.272461293Z
COHU,Cohu Inc,stocks,us,XNAS,CS,True,usd,0000021535,BBG000DKMJ86,BBG001S87LQ7,2025-10-05T06:05:16.272461373Z
COIA,ProShares Ultra COIN,stocks,us,ARCX,ETS,True,usd,,BBG01X10W5X1,BBG01X10W6W0,2025-10-05T06:05:16.272461453Z
COIG,Leverage Shares 2X Long COIN Daily ETF,stocks,us,XNAS,ETF,True,usd,0001976322,BBG01SVDVCM9,BBG01SVDVDJ1,2025-10-05T06:05:16.272461673Z
COII,REX COIN Covered Call ETF,stocks,us,BATS,ETF,True,usd,,BBG01VBP4CS1,BBG01VBP4DS9,2025-10-05T06:05:16.272461753Z
COIN,"Coinbase Global, Inc. Class A Common Stock",stocks,us,XNAS,CS,True,usd,0001679788,BBG00ZGF7771,BBG00ZGF7799,2025-10-05T06:05:16.272461864Z
COIO,Leverage Shares 2x Capped Accelerated COIN Monthly ETF,stocks,us,BATS,ETF,True,usd,,BBG01WMD7PB0,BBG01WMD7Q82,2025-10-05T06:05:16.272461944Z
COIW,Roundhill COIN WeeklyPay ETF,stocks,us,BATS,ETF,True,usd,,BBG01SCG2MR8,BBG01SCG2NN0,2025-10-05T06:05:16.272462024Z
COKE,"Coca-Cola Consolidated, Inc. Common Stock",stocks,us,XNAS,CS,True,usd,0000317540,BBG000BG1SX2,BBG001S5Q0W1,2025-10-05T06:05:16.272462104Z
COLA,Columbus Acquisition Corp Ordinary Shares,stocks,us,XNAS,CS,True,usd,0002028201,,,2025-10-05T06:05:16.272462204Z
COLAR,Columbus Acquisition Corp Rights,stocks,us,XNAS,RIGHT,True,usd,0002028201,,,2025-10-05T06:05:16.272462295Z
COLAU,Columbus Acquisition Corp Unit,stocks,us,XNAS,UNIT,True,usd,0002028201,,,2025-10-05T06:05:16.272462365Z
COLB,Columbia Banking Systems Inc,stocks,us,XNAS,CS,True,usd,0000887343,BBG000CTGXS2,BBG001S72GJ3,2025-10-05T06:05:16.272462455Z
COLD,"Americold Realty Trust, Inc.",stocks,us,XNYS,CS,True,usd,0001455863,BBG000QF05R6,BBG001SMQ866,2025-10-05T06:05:16.272462535Z
COLL,"Collegium Pharmaceutical, Inc. Common Stock",stocks,us,XNAS,CS,True,usd,0001267565,BBG000N7LPW4,BBG001T535S9,2025-10-05T06:05:16.272462615Z
COLM,Columbia Sportswear Co,stocks,us,XNAS,CS,True,usd,0001050797,BBG000BKKQ84,BBG001S90WD2,2025-10-05T06:05:16.272462705Z
COLO,Global X MSCI Colombia ETF,stocks,us,ARCX,ETF,True,usd,0001432353,BBG000C1MQ65,BBG001STWCQ3,2025-10-05T06:05:16.272462886Z
COM,Direxion Auspice Broad Commodity Strategy ETF,stocks,us,ARCX,ETF,True,usd,0001424958,BBG00GBQTBZ0,BBG00GBQTCP9,2025-10-05T06:05:16.272462966Z
COMB,GraniteShares Bloomberg Commodity Broad Strategy No K-1 ETF,stocks,us,ARCX,ETF,True,usd,0001689873,BBG00GQVSDT7,BBG00GQVSFK1,2025-10-05T06:05:16.272463116Z
COMM,"CommScope Holding Company, Inc.",stocks,us,XNAS,CS,True,usd,0001517228,BBG004LTL7L2,BBG004LTL7M1,2025-10-05T06:05:16.272463697Z
COMP,"Compass, Inc.",stocks,us,XNYS,CS,True,usd,0001563190,BBG00J5SXTH3,BBG00J5SXTJ1,2025-10-05T06:05:16.272463777Z
COMT,iShares U.S. ETF Trust iShares GSCI Commodity Dynamic Roll Strategy ETF,stocks,us,XNAS,ETF,True,usd,0001524513,BBG0079TF255,BBG0079TF237,2025-10-05T06:05:16.272463878Z
CON,"Concentra Group Holdings Parent, Inc.",stocks,us,XNYS,CS,True,usd,0002014596,BBG01NBZ7QD9,BBG01NBZ7R83,2025-10-05T06:05:16.272463958Z
CONI,GraniteShares ETF Trust GraniteShares 2x Short COIN Daily ETF,stocks,us,XNAS,ETF,True,usd,0001689873,BBG01PDT2K53,BBG01PDT2L06,2025-10-05T06:05:16.272464038Z
CONL,GraniteShares ETF Trust GraniteShares 2x Long COIN Daily ETF,stocks,us,XNAS,ETF,True,usd,0001689873,BBG0193D2DX0,BBG0193D2FR2,2025-10-05T06:05:16.272464118Z
CONY,YieldMax COIN Option Income Strategy ETF,stocks,us,ARCX,ETS,True,usd,,BBG01HQM0N12,BBG01HQM0NW8,2025-10-05T06:05:16.272464389Z
COO,"The Cooper Companies, Inc. Common Stock",stocks,us,XNAS,CS,True,usd,0000711404,BBG000BG3445,BBG001S5Q1H6,2025-10-05T06:05:16.272464499Z
COOK,"Traeger, Inc.",stocks,us,XNYS,CS,True,usd,0001857853,BBG011PTS772,BBG011PTS834,2025-10-05T06:05:16.272464579Z
COOT,Australian Oilseeds Holdings Limited Ordinary Shares,stocks,us,XNAS,CS,True,usd,0001959994,,,2025-10-05T06:05:16.272464659Z
COOTW,Australian Oilseeds Holdings Limited Warrant,stocks,us,XNAS,WARRANT,True,usd,0001959994,,,2025-10-05T06:05:16.272464739Z
COP,ConocoPhillips,stocks,us,XNYS,CS,True,usd,0001163165,BBG000BQQH30,BBG001S5TZM2,2025-10-05T06:05:16.272464819Z
COPA,Themes Copper Miners ETF,stocks,us,BATS,ETF,True,usd,0001976322,BBG01PDHKDK8,BBG01PDHKFH7,2025-10-05T06:05:16.2724649Z
COPJ,Sprott Junior Copper Miners ETF,stocks,us,XNAS,ETF,True,usd,,BBG01DJ89DZ6,BBG01DJ89FW4,2025-10-05T06:05:16.27246498Z
COPL,Copley Acquisition Corp,stocks,us,XNYS,CS,True,usd,0002045473,,,2025-10-05T06:05:16.27246507Z
COPL.U,"Copley Acquisition Corp Units, each consisting of one ordinary share and one-half warrant",stocks,us,XNYS,UNIT,True,usd,0002045473,,,2025-10-05T06:05:16.27246538Z
COPL.WS,"Copley Acquisition Corp Redeemable warrants, each whole warrant exercisable for one Class A ordinary share at an exercise price of $11.50",stocks,us,XNYS,WARRANT,True,usd,0002045473,,,2025-10-05T06:05:16.272465581Z
COPP,Sprott Copper Miners ETF,stocks,us,XNAS,ETF,True,usd,,BBG01LS43XF1,BBG01LS43YC2,2025-10-05T06:05:16.272465671Z
COPX,Global X Copper Miners ETF (NEW),stocks,us,ARCX,ETF,True,usd,0001432353,BBG000QRNHZ0,BBG001T8JBX7,2025-10-05T06:05:16.272465771Z
COPY,"Tweedy, Browne Insider + Value ETF",stocks,us,ARCX,ETF,True,usd,,BBG01R9GXTF8,BBG01R9GXVD5,2025-10-05T06:05:16.272465861Z
COR,"Cencora, Inc.",stocks,us,XNYS,CS,True,usd,0001140859,BBG000MDCQC2,BBG001S8X7P0,2025-10-05T06:05:16.272465941Z
CORD,T-REX 2X Inverse CRWV Daily Target ETF,stocks,us,BATS,ETF,True,usd,,BBG01XBVCWG4,BBG01XBVCXF3,2025-10-05T06:05:16.272466022Z
CORN,Teucrium Corn Fund,stocks,us,ARCX,ETV,True,usd,0001471824,BBG000R0KF85,BBG001T8VR68,2025-10-05T06:05:16.272466102Z
CORO,iShares International Country Rotation Active ETF,stocks,us,XNAS,ETF,True,usd,0001761055,BBG01R3KJM75,BBG01R3KJNK8,2025-10-05T06:05:16.272466182Z
CORP,PIMCO Investment Grade Corporate Bond Index Exchange-Traded Fund,stocks,us,ARCX,ETF,True,usd,0001450011,BBG001660LJ0,BBG001TCGQY7,2025-10-05T06:05:16.272466382Z
CORT,Corcept Therapeutics Inc.,stocks,us,XNAS,CS,True,usd,0001088856,BBG000BKJG33,BBG001S8QGV1,2025-10-05T06:05:16.272466462Z
CORX,2x Corn ETF,stocks,us,BATS,ETF,True,usd,,BBG01R1TYRR8,BBG01R1TYSL2,2025-10-05T06:05:16.272466543Z
CORZ,"Core Scientific, Inc. Common Stock",stocks,us,XNAS,CS,True,usd,0001839341,BBG01L5GH011,BBG01L5GH1G3,2025-10-05T06:05:16.272466633Z
CORZW,"Core Scientific, Inc. Tranche 1 Warrants",stocks,us,XNAS,WARRANT,True,usd,0001839341,BBG01L5JV947,,2025-10-05T06:05:16.272466713Z
CORZZ,"Core Scientific, Inc. Tranche 2 Warrants",stocks,us,XNAS,WARRANT,True,usd,0001839341,BBG01L5JY524,,2025-10-05T06:05:16.272466793Z
COSM,Cosmos Holdings Inc. Common Stock,stocks,us,XNAS,CS,True,usd,0001474167,BBG000QXZGP7,BBG001T8QZQ4,2025-10-05T06:05:16.272466873Z
COSO,"CoastalSouth Bancshares, Inc.",stocks,us,XNYS,CS,True,usd,0001297107,BBG000SNJS60,BBG001T4HLX6,2025-10-05T06:05:16.272466953Z
COST,Costco Wholesale Corp,stocks,us,XNAS,CS,True,usd,0000909832,BBG000F6H8W8,BBG001S9KRQ7,2025-10-05T06:05:16.272467084Z
COTG,Leverage Shares 2X Long COST Daily ETF,stocks,us,XNAS,ETF,True,usd,0001976322,BBG01X7N03P4,BBG01X7N04Q1,2025-10-05T06:05:16.272467204Z
COTY,COTY INC,stocks,us,XNYS,CS,True,usd,0001024305,BBG000F395V1,BBG001S8GLM1,2025-10-05T06:05:16.272467364Z
COUR,"Coursera, Inc.",stocks,us,XNYS,CS,True,usd,0001651562,BBG002WLDMW5,BBG002WLDMY3,2025-10-05T06:05:16.272467444Z
COWG,Pacer US Large Cap Cash Cows Growth Leaders ETF,stocks,us,XNAS,ETF,True,usd,0001616668,BBG01C3RRL30,BBG01C3RRM56,2025-10-05T06:05:16.272467525Z
COWS,Amplify Cash Flow Dividend Leaders ETF,stocks,us,XNAS,ETF,True,usd,0001633061,BBG01J9J4608,BBG01J9J46V4,2025-10-05T06:05:16.272467605Z
COWZ,Pacer US Cash Cows 100 ETF,stocks,us,BATS,ETF,True,usd,0001616668,BBG00FJQN6F3,BBG00FJQN752,2025-10-05T06:05:16.272467695Z
COYA,"Coya Therapeutics, Inc. Common Stock",stocks,us,XNAS,CS,True,usd,0001835022,BBG00Z4HBCB9,BBG00Z4HBCC8,2025-10-05T06:05:16.272467775Z
COYY,GraniteShares YieldBOOST COIN ETF,stocks,us,XNAS,ETF,True,usd,0001689873,BBG01W6TNMW9,BBG01W6TNP07,2025-10-05T06:05:16.272467855Z
CP,Canadian Pacific Kansas City Limited,stocks,us,XNYS,CS,True,usd,0000016875,BBG000BCVMH9,BBG001S7F4Z8,2025-10-05T06:05:16.272468035Z
CPA,"Copa Holdings, S.A.",stocks,us,XNYS,CS,True,usd,0001345105,,,2025-10-05T06:05:16.272468296Z
CPAC,CEMENTOS PACASMAYO S.A.A.,stocks,us,XNYS,ADRC,True,usd,0001221029,BBG002D68FT4,BBG002D68GK1,2025-10-05T06:05:16.272468376Z
CPAG,F/m Compoundr U.S. Aggregate Bond ETF,stocks,us,XNAS,ETF,True,usd,,BBG01WJBRQ06,BBG01WJBRQY9,2025-10-05T06:05:16.272468456Z
CPAI,Counterpoint Quantitative Equity ETF,stocks,us,XNYS,ETF,True,usd,,BBG01KBNLFS4,BBG01KBNLGN7,2025-10-05T06:05:16.272468536Z
CPAY,"Corpay, Inc.",stocks,us,XNYS,CS,True,usd,0001175454,BBG000GPXKX9,BBG001SHC7K8,2025-10-05T06:05:16.272468617Z
CPB,The Campbell's Company Common Stock,stocks,us,XNAS,CS,True,usd,0000016732,BBG000BG4202,BBG001S5Q2B0,2025-10-05T06:05:16.272468697Z
CPBI,"Central Plains Bancshares, Inc. Common Stock",stocks,us,XNAS,CS,True,usd,0001979332,BBG01JRPZZQ8,BBG01JRQ00L6,2025-10-05T06:05:16.272468907Z
CPER,United States Copper Index Fund,stocks,us,ARCX,ETV,True,usd,0001479247,BBG00280GDS0,BBG00280GFJ5,2025-10-05T06:05:16.272468997Z
CPF,Central Pacific Financial Corporation,stocks,us,XNYS,CS,True,usd,0000701347,BBG000BG4LG3,BBG001S5Q2C9,2025-10-05T06:05:16.272469098Z
CPHC,Canterbury Park Holding Corporation 'New' Common Stock,stocks,us,XNAS,CS,True,usd,0001672909,BBG00CSK7SL6,BBG00CSK7SM5,2025-10-05T06:05:16.272469178Z
CPHI,"China Pharma Holdings, Inc.",stocks,us,XASE,CS,True,usd,0001106644,BBG000MQB9Q7,BBG001SKGJF7,2025-10-05T06:05:16.272469258Z
CPHY,F/m Compoundr High Yield Bond ETF,stocks,us,XNAS,ETF,True,usd,,BBG01WL0ZJS4,BBG01WL0ZKT0,2025-10-05T06:05:16.272469338Z
CPII,American Beacon Ionic Inflation Protection ETF,stocks,us,ARCX,ETF,True,usd,0001387131,BBG01TD48888,BBG01TD48959,2025-10-05T06:05:16.272469418Z
CPIX,Cumberland Pharmaceuticals Inc,stocks,us,XNAS,CS,True,usd,0001087294,BBG000R93GV7,BBG001STBRH3,2025-10-05T06:05:16.272469508Z
CPK,Chesapeake Utilities,stocks,us,XNYS,CS,True,usd,0000019745,BBG000G4GKH3,BBG001SCP5R2,2025-10-05T06:05:16.272469588Z
CPLB,NYLI MacKay Core Plus Bond ETF,stocks,us,ARCX,ETF,True,usd,0001426439,BBG011KPTNT5,BBG011KPTPQ3,2025-10-05T06:05:16.272469669Z
CPLS,AB Core Plus Bond ETF,stocks,us,XNAS,ETF,True,usd,,BBG01KG44B18,BBG01KG44BY2,2025-10-05T06:05:16.272469749Z
CPNG,"Coupang, Inc.",stocks,us,XNYS,CS,True,usd,0001834584,BBG00XMJRPQ8,BBG00XMJRPR7,2025-10-05T06:05:16.272469829Z
CPNJ,Calamos Nasdaq-100 Structured Alt Protection ETF - June,stocks,us,ARCX,ETF,True,usd,0001579881,BBG01N4DHQV5,BBG01N4DHRQ9,2025-10-05T06:05:16.272469999Z
CPNM,Calamos Nasdaq-100 Structured Alt Protection ETF - March,stocks,us,ARCX,ETF,True,usd,0001579881,BBG01SKF6XH4,BBG01SKF6YK8,2025-10-05T06:05:16.272470079Z
CPNQ,Calamos Nasdaq-100 Structured Alt Protection ETF - December,stocks,us,ARCX,ETF,True,usd,0001579881,BBG01R1Y9RS4,BBG01R1Y9SP5,2025-10-05T06:05:16.27247016Z
CPNS,Calamos Nasdaq-100 Structured Alt Protection ETF - September,stocks,us,ARCX,ETF,True,usd,0001579881,BBG01PK0R2P9,BBG01PK0R3Z6,2025-10-05T06:05:16.27247025Z
CPOP,"Pop Culture Group Co., Ltd Class A Ordinary Shares",stocks,us,XNAS,CS,True,usd,0001807389,,,2025-10-05T06:05:16.27247045Z
CPRA,Calamos Russell 2000 Structured Alt Protection ETF - April,stocks,us,ARCX,ETF,True,usd,0001579881,BBG01T3RWY57,BBG01T3RWZ45,2025-10-05T06:05:16.27247053Z
CPRI,Capri Holdings Limited,stocks,us,XNYS,CS,True,usd,0001530721,,,2025-10-05T06:05:16.27247064Z
CPRJ,Calamos Russell 2000 Structured Alt Protection ETF - July,stocks,us,ARCX,ETF,True,usd,0001579881,BBG01NKVXTB5,BBG01NKVXVH4,2025-10-05T06:05:16.272470721Z
CPRO,Calamos Russell 2000 Structured Alt Protection ETF - October,stocks,us,ARCX,ETF,True,usd,0001579881,BBG01Q36PC19,BBG01Q36PCX4,2025-10-05T06:05:16.272470811Z
CPRT,Copart Inc,stocks,us,XNAS,CS,True,usd,0000900075,BBG000BM9RH1,BBG001S7MTB1,2025-10-05T06:05:16.272470891Z
CPRX,Catalyst Pharmaceutical  Inc.,stocks,us,XNAS,CS,True,usd,0001369568,BBG000GZDC67,BBG001SRHS16,2025-10-05T06:05:16.272470971Z
CPRY,Calamos Russell 2000 Structured Alt Protection ETF - January,stocks,us,ARCX,ETF,True,usd,0001579881,BBG01RFZT0V9,BBG01RFZT1S1,2025-10-05T06:05:16.272471061Z
CPS,Cooper-Standard Automotive Inc.,stocks,us,XNYS,CS,True,usd,0001320461,BBG000PSXT64,BBG001SRCY63,2025-10-05T06:05:16.272471462Z
CPSA,Calamos S&P 500 Structured Alt Protection ETF - August,stocks,us,ARCX,ETF,True,usd,0001579881,BBG01P1XRKS5,BBG01P1XRLQ5,2025-10-05T06:05:16.272471542Z
CPSD,Calamos S&P 500 Structured Alt Protection ETF - December,stocks,us,ARCX,ETF,True,usd,0001579881,BBG01R1YFS50,BBG01R1YFT12,2025-10-05T06:05:16.272471632Z
CPSF,Calamos S&P 500 Structured Alt Protection ETF - February,stocks,us,ARCX,ETF,True,usd,0001579881,BBG01S19VSM6,BBG01S19VV12,2025-10-05T06:05:16.272471712Z
CPSH,CPS Technologies Corp. Common Stock,stocks,us,XNAS,CS,True,usd,0000814676,BBG000BG6NH6,BBG001S5Q3F4,2025-10-05T06:05:16.272471793Z
CPSJ,Calamos S&P 500 Structured Alt Protection ETF - July,stocks,us,ARCX,ETF,True,usd,0001579881,BBG01NKVYSV4,BBG01NKVYTS6,2025-10-05T06:05:16.272471873Z
CPSL,Calamos Laddered S&P 500 Structured Alt Protection ETF,stocks,us,BATS,ETF,True,usd,0001857910,BBG01PMKDDL8,BBG01PMKDFH8,2025-10-05T06:05:16.272472053Z
CPSM,Calamos S&P 500 Structured Alt Protection ETF - May,stocks,us,ARCX,ETF,True,usd,0001579881,BBG01MNWFXN0,BBG01MNWFYK1,2025-10-05T06:05:16.272472133Z
CPSN,Calamos S&P 500 Structured Alt Protection ETF - November,stocks,us,ARCX,ETF,True,usd,0001579881,BBG01QK7NYV9,BBG01QK7NZV6,2025-10-05T06:05:16.272472374Z
CPSO,Calamos S&P 500 Structured Alt Protection ETF - October,stocks,us,ARCX,ETF,True,usd,0001579881,BBG01Q36NX15,BBG01Q36NY04,2025-10-05T06:05:16.272472454Z
CPSP,Calamos S&P 500 Structured Alt Protection ETF - April,stocks,us,ARCX,ETF,True,usd,0001579881,BBG01T2CS112,BBG01T2CS2Q3,2025-10-05T06:05:16.272472554Z
CPSR,Calamos S&P 500 Structured Alt Protection ETF - March,stocks,us,ARCX,ETF,True,usd,0001805087,BBG01SKGBTP6,BBG01SKGBVL5,2025-10-05T06:05:16.272472634Z
CPSS,Consumer Portfolio Services,stocks,us,XNAS,CS,True,usd,0000889609,BBG000BGHGF1,BBG001S74NB4,2025-10-05T06:05:16.272472714Z
CPST,Calamos S&P 500 Structured Alt Protection ETF - September,stocks,us,ARCX,ETF,True,usd,0001579881,BBG01PK0R457,BBG01PK0R554,2025-10-05T06:05:16.272472795Z
CPSU,Calamos S&P 500 Structured Alt Protection ETF - June,stocks,us,ARCX,ETF,True,usd,0001579881,BBG01V9X1JN0,BBG01V9X1KJ2,2025-10-05T06:05:16.272472875Z
CPSY,Calamos S&P 500 Structured Alt Protection ETF - January,stocks,us,ARCX,ETF,True,usd,0001579881,BBG01RFVTZ23,BBG01RFVV0J9,2025-10-05T06:05:16.272472955Z
CPT,Camden Property Trust,stocks,us,XNYS,CS,True,usd,0000906345,BBG000BB0V03,BBG001S5Q6V9,2025-10-05T06:05:16.272473406Z
CPXR,USCF Daily Target 2X Copper Index ETF,stocks,us,ARCX,ETF,True,usd,0001722388,BBG01RRSYD02,BBG01RRSYDX6,2025-10-05T06:05:16.272473486Z
CPZ,Calamos Long/Short Equity & Dynamic Income Trust Common Stock,stocks,us,XNAS,CS,True,usd,0001717457,BBG00PWZGZ79,BBG00PWZGZZ8,2025-10-05T06:05:16.272473566Z
CQP,"Cheniere Energy Partners, LP",stocks,us,XNYS,CS,True,usd,0001383650,BBG000QMH637,BBG001SSCPS6,2025-10-05T06:05:16.272473646Z
CQQQ,Invesco China Technology ETF,stocks,us,ARCX,ETF,True,usd,0000914208,BBG00KXH51H5,BBG00KXH5265,2025-10-05T06:05:16.272473726Z
CR,Crane Company,stocks,us,XNYS,CS,True,usd,0001944013,BBG016G0L0Q5,BBG016G0L0V9,2025-10-05T06:05:16.272473806Z
CRAI,"CRA International, Inc.",stocks,us,XNAS,CS,True,usd,0001053706,BBG000C1LZX6,BBG001SBRK80,2025-10-05T06:05:16.272473887Z
CRAK,VanEck Oil Refiners ETF,stocks,us,ARCX,ETF,True,usd,0001137360,BBG009T0PRP4,BBG009T0PRN6,2025-10-05T06:05:16.272473967Z
CRAQ,Cal Redwood Acquisition Corp. Class A Ordinary Shares,stocks,us,XNAS,CS,True,usd,0002058359,,,2025-10-05T06:05:16.272474137Z
CRAQR,Cal Redwood Acquisition Corp. Right,stocks,us,XNAS,RIGHT,True,usd,0002058359,,,2025-10-05T06:05:16.272474217Z
CRAQU,Cal Redwood Acquisition Corp. Units,stocks,us,XNAS,UNIT,True,usd,0002058359,,,2025-10-05T06:05:16.272474327Z
CRBD,"Corebridge Financial, Inc. 6.375% Junior Subordinated Notes due 2064",stocks,us,XNYS,SP,True,usd,0001889539,,,2025-10-05T06:05:16.272474408Z
CRBG,"Corebridge Financial, Inc.",stocks,us,XNYS,CS,True,usd,0001889539,BBG016HJ8729,BBG016HJ8836,2025-10-05T06:05:16.272474488Z
CRBN,iShares MSCI ACWI Low Carbon Target ETF,stocks,us,ARCX,ETF,True,usd,0001100663,BBG007PGJH67,BBG007PGJH85,2025-10-05T06:05:16.272474568Z
CRBP,"Corbus Pharmaceuticals Holdings, Inc.",stocks,us,XNAS,CS,True,usd,0001595097,BBG0078PJKQ7,BBG0078PJKP8,2025-10-05T06:05:16.272474648Z
CRBU,"Caribou Biosciences, Inc. Common Stock",stocks,us,XNAS,CS,True,usd,0001619856,BBG008G28LJ5,BBG008G28LH7,2025-10-05T06:05:16.272474728Z
CRC,California Resources Corporation,stocks,us,XNYS,CS,True,usd,0001609253,BBG00Y04KP80,BBG00Y04KQ51,2025-10-05T06:05:16.272474818Z
CRCA,ProShares Ultra CRCL,stocks,us,ARCX,ETS,True,usd,,BBG01WJBW5X0,BBG01WJBW6X8,2025-10-05T06:05:16.272474899Z
CRCD,T-REX 2X Inverse CRCL Daily Target ETF,stocks,us,BATS,ETF,True,usd,,BBG01XBVL877,BBG01XBVL948,2025-10-05T06:05:16.272474979Z
CRCG,Leverage Shares 2X Long CRCL Daily ETF,stocks,us,XNAS,ETF,True,usd,0001862935,BBG01WJXJ3J8,BBG01WJXJ4G9,2025-10-05T06:05:16.272475079Z
CRCL,"Circle Internet Group, Inc.",stocks,us,XNYS,CS,True,usd,0001876042,BBG01T61V2V3,BBG01T61V3Q7,2025-10-05T06:05:16.272475159Z
CRCO,YieldMax CRCL Option Income Strategy ETF,stocks,us,ARCX,ETS,True,usd,,BBG01XMM1822,BBG01XMM19H4,2025-10-05T06:05:16.272475239Z
CRCT,"Cricut, Inc. Class A Common Stock",stocks,us,XNAS,CS,True,usd,0001828962,BBG00XJFB215,BBG00XJFB224,2025-10-05T06:05:16.272475319Z
CRD.A,Crawford & Company Class A,stocks,us,XNYS,CS,True,usd,0000025475,BBG000BPVR07,BBG001S5TK72,2025-10-05T06:05:16.2724754Z
CRD.B,Crawford & Company Class B,stocks,us,XNYS,CS,True,usd,0000025475,BBG000BPW2W6,BBG001S5TKH1,2025-10-05T06:05:16.27247548Z
CRDF,"Cardiff Oncology, Inc. Common Stock",stocks,us,XNAS,CS,True,usd,0001213037,BBG000PXLKM7,BBG001SLWWP7,2025-10-05T06:05:16.27247565Z
CRDL,Cardiol Therapeutics Inc. Class A Common Shares,stocks,us,XNAS,CS,True,usd,0001702123,BBG00N2N8310,BBG00M0GNQ75,2025-10-05T06:05:16.27247573Z
CRDO,Credo Technology Group Holding Ltd Ordinary Shares,stocks,us,XNAS,CS,True,usd,0001807794,,,2025-10-05T06:05:16.27247581Z
CRDT,Simplify Opportunistic Income ETF,stocks,us,ARCX,ETF,True,usd,0001810747,BBG01H5J08X0,BBG01H5J09R5,2025-10-05T06:05:16.27247589Z
CRDU,Tradr 2X Long CRDO Daily ETF,stocks,us,BATS,ETF,True,usd,,BBG01X7SG3H5,BBG01X7SG4F5,2025-10-05T06:05:16.272475971Z
CRE,Cre8 Enterprise Limited Class A Ordinary Shares,stocks,us,XNAS,CS,True,usd,0002003977,,,2025-10-05T06:05:16.272476051Z
CRED,Columbia Research Enhanced Real Estate ETF,stocks,us,ARCX,ETF,True,usd,0001551950,BBG01GFSW134,BBG01GFSW1Y0,2025-10-05T06:05:16.272476131Z
CREG,Smart Powerr Corp. Common Stock,stocks,us,XNAS,CS,True,usd,0000721693,BBG000BSP4V5,BBG001SFMX15,2025-10-05T06:05:16.272476211Z
CRESW,Cresud S.A.C.I.F. y A. Warrant,stocks,us,XNAS,WARRANT,True,usd,0001034962,,,2025-10-05T06:05:16.272476291Z
CRESY,Cresud SA,stocks,us,XNAS,ADRC,True,usd,0001034957,BBG000J4MRP9,BBG001S7XKP3,2025-10-05T06:05:16.272476381Z
CREV,Carbon Revolution Public Limited Ordinary Shares,stocks,us,XNAS,CS,True,usd,0001960208,,,2025-10-05T06:05:16.272476642Z
CREVW,Carbon Revolution Public Limited Company Warrant,stocks,us,XNAS,WARRANT,True,usd,0001960208,,,2025-10-05T06:05:16.272476722Z
CREX,"CREATIVE REALITIES, INC.",stocks,us,XNAS,CS,True,usd,0001356093,BBG000KP54G0,BBG001SJPL74,2025-10-05T06:05:16.272476802Z
CRF,"Cornerstone Total Return Fund, Inc",stocks,us,XASE,FUND,True,usd,0000033934,BBG000BB36V1,BBG001S5QTF7,2025-10-05T06:05:16.272476892Z
CRGO,Freightos Limited Ordinary shares,stocks,us,XNAS,CS,True,usd,0001927719,,,2025-10-05T06:05:16.272476983Z
CRGOW,Freightos Limited Warrant expiring 1/23/2028,stocks,us,XNAS,WARRANT,True,usd,0001927719,,,2025-10-05T06:05:16.272477063Z
CRGY,Crescent Energy Company,stocks,us,XNYS,CS,True,usd,0001866175,BBG013THLHZ4,BBG013THLJ08,2025-10-05T06:05:16.272477153Z
CRH,CRH Public Limited Company,stocks,us,XNYS,CS,True,usd,0000849395,,,2025-10-05T06:05:16.272477233Z
CRI,Carter's Inc.,stocks,us,XNYS,CS,True,usd,0001060822,BBG000CTM4J9,BBG001SCJ3Q5,2025-10-05T06:05:16.272477313Z
CRIS,Curis Inc,stocks,us,XNAS,CS,True,usd,0001108205,BBG000C1GTC9,BBG001SFR6R1,2025-10-05T06:05:16.272477514Z
CRK,"Comstock Resources, Inc.",stocks,us,XNYS,CS,True,usd,0000023194,BBG000DNBK89,BBG001S8FX55,2025-10-05T06:05:16.272477604Z
CRL,"Charles River Laboratories International, Inc.",stocks,us,XNYS,CS,True,usd,0001100682,BBG000BG5BL8,BBG001S7Q271,2025-10-05T06:05:16.272477684Z
CRM,"Salesforce, Inc.",stocks,us,XNYS,CS,True,usd,0001108524,BBG000BN2DC2,BBG001SDLP09,2025-10-05T06:05:16.272477764Z
CRMD,CorMedix Inc.,stocks,us,XNAS,CS,True,usd,0001410098,BBG000Q4BQK0,BBG001T6FWS5,2025-10-05T06:05:16.272477974Z
CRMG,Leverage Shares 2X Long CRM Daily ETF,stocks,us,XNAS,ETF,True,usd,0001976322,BBG01T6JH455,BBG01T6JH534,2025-10-05T06:05:16.272478065Z
CRML,Critical Metals Corp. Ordinary Shares,stocks,us,XNAS,CS,True,usd,0001951089,,,2025-10-05T06:05:16.272478205Z
CRMLW,Critical Metals Corp. Warrants,stocks,us,XNAS,WARRANT,True,usd,0001951089,,,2025-10-05T06:05:16.272478315Z
CRMT,America's Car Mart Inc,stocks,us,XNAS,CS,True,usd,0000799850,BBG000CM6L31,BBG001S6Z7P2,2025-10-05T06:05:16.272478395Z
CRNC,Cerence Inc. Common Stock,stocks,us,XNAS,CS,True,usd,0001768267,BBG00MMDJG84,BBG00MMDJG93,2025-10-05T06:05:16.272478475Z
CRNT,Ceragon Networks Ltd,stocks,us,XNAS,CS,True,usd,0001119769,,,2025-10-05T06:05:16.272478556Z
CRNX,"Crinetics Pharmaceuticals, Inc.",stocks,us,XNAS,CS,True,usd,0001658247,BBG00BC59224,BBG00BC592C3,2025-10-05T06:05:16.272478636Z
CRON,Cronos Group Inc. Common Share,stocks,us,XNAS,CS,True,usd,0001656472,BBG00D1PMS80,BBG006G267X6,2025-10-05T06:05:16.272478736Z
CROX,"Crocs, Inc.",stocks,us,XNAS,CS,True,usd,0001334036,BBG000BLY663,BBG001SDGFR8,2025-10-05T06:05:16.272478816Z
CRPT,First Trust SkyBridge Crypto Industry and Digital Economy ETF,stocks,us,ARCX,ETF,True,usd,0001667919,BBG012G2VFS4,BBG012G2VGQ4,2025-10-05T06:05:16.272478896Z
CRS,Carpenter Technology Corp,stocks,us,XNYS,CS,True,usd,0000017843,BBG000BGCQT9,BBG001S5Q5M1,2025-10-05T06:05:16.272478976Z
CRSH,YieldMax Short TSLA Option Income Strategy ETF,stocks,us,ARCX,ETS,True,usd,0001924868,BBG01LXWRVH9,BBG01LXWRWB3,2025-10-05T06:05:16.272479277Z
CRSP,CRISPR Therapeutics AG,stocks,us,XNAS,CS,True,usd,0001674416,,,2025-10-05T06:05:16.272479457Z
CRSR,"Corsair Gaming, Inc. Common Stock",stocks,us,XNAS,CS,True,usd,0001743759,BBG00HMSHL83,BBG00HMSHL92,2025-10-05T06:05:16.272479547Z
CRT,Cross Timbers Royalty Trust,stocks,us,XNYS,CS,True,usd,0000881787,BBG000C88125,BBG001S6R7M4,2025-10-05T06:05:16.272479678Z
CRTC,Xtrackers US National Critical Technologies ETF,stocks,us,ARCX,ETF,True,usd,,BBG01JZH8PR8,BBG01JZH8QR6,2025-10-05T06:05:16.272479758Z
CRTO,Criteo S.A.,stocks,us,XNAS,ADRC,True,usd,0001576427,BBG005938P44,BBG005938P71,2025-10-05T06:05:16.272479838Z
CRUS,Cirrus Logic Inc,stocks,us,XNAS,CS,True,usd,0000772406,BBG000C1DHF5,BBG001S67J86,2025-10-05T06:05:16.272479918Z
CRVL,Corvel Corp,stocks,us,XNAS,CS,True,usd,0000874866,BBG000CVKZY0,BBG001S72ZL8,2025-10-05T06:05:16.272479998Z
CRVO,CervoMed Inc. Common Stock,stocks,us,XNAS,CS,True,usd,0001053691,BBG000N6JH48,BBG001SD4Z42,2025-10-05T06:05:16.272480078Z
CRVS,"Corvus Pharmaceuticals, Inc.",stocks,us,XNAS,CS,True,usd,0001626971,BBG009F0TGH8,BBG009F0TGJ6,2025-10-05T06:05:16.272480159Z
CRWD,"CrowdStrike Holdings, Inc. Class A Common Stock",stocks,us,XNAS,CS,True,usd,0001535527,BBG00BLYKS03,BBG00BLYKRZ7,2025-10-05T06:05:16.272480239Z
CRWG,Leverage Shares 2X Long CRWV Daily ETF,stocks,us,XNAS,ETF,True,usd,,BBG01WJXHBG5,BBG01WJXHCD6,2025-10-05T06:05:16.272480399Z
CRWL,GraniteShares 2x Long CRWD Daily ETF,stocks,us,XNAS,ETF,True,usd,0001689873,BBG01QKLCZ47,BBG01QKLD043,2025-10-05T06:05:16.272480609Z
CRWS,Crown Crafts Inc,stocks,us,XNAS,CS,True,usd,0000025895,BBG000HHH6J1,BBG001SF22H8,2025-10-05T06:05:16.27248069Z
CRWU,T-REX 2X Long CRWV Daily Target ETF,stocks,us,BATS,ETF,True,usd,,BBG01W6V9JW7,BBG01W6V9KR0,2025-10-05T06:05:16.27248087Z
CRWV,"CoreWeave, Inc. Class A Common Stock",stocks,us,XNAS,CS,True,usd,0001769628,BBG011ZTRJ21,BBG011ZTRJ49,2025-10-05T06:05:16.27248095Z
CSAI,"Cloudastructure, Inc. Class A Common Stock",stocks,us,XNAS,CS,True,usd,0001709628,BBG014K90141,BBG014K901S5,2025-10-05T06:05:16.27248103Z
CSAN,Cosan S.A. American Depositary Shares (each representing four Common Shares),stocks,us,XNYS,ADRC,True,usd,0001430162,BBG00YPGPCF2,BBG00YPGPD88,2025-10-05T06:05:16.27248111Z
CSB,VictoryShares US Small Cap High Div Volatility Wtd ETF,stocks,us,XNAS,ETF,True,usd,0001547580,BBG009K7L981,BBG009K7L972,2025-10-05T06:05:16.272481211Z
CSBR,"Champions Oncology, Inc.",stocks,us,XNAS,CS,True,usd,0000771856,BBG000BYGPJ9,BBG001S5YHT9,2025-10-05T06:05:16.272481291Z
CSCL,Direxion Daily CSCO Bull 2X ETF,stocks,us,XNAS,ETF,True,usd,,BBG01VF24WR5,BBG01VF24Y37,2025-10-05T06:05:16.272481371Z
CSCO,"Cisco Systems, Inc. Common Stock (DE)",stocks,us,XNAS,CS,True,usd,0000858877,BBG000C3J3C9,BBG001S6HC62,2025-10-05T06:05:16.272481451Z
CSCS,Direxion Daily CSCO Bear 1X ETF,stocks,us,XNAS,ETF,True,usd,,BBG01VF35VR4,BBG01VF35WM7,2025-10-05T06:05:16.272481531Z
CSD,Invesco S&P Spin-Off ETF,stocks,us,ARCX,ETF,True,usd,0001547580,BBG00KJR1RQ6,BBG00KJR1SF6,2025-10-05T06:05:16.272481611Z
CSGP,CoStar Group Inc,stocks,us,XNAS,CS,True,usd,0001057352,BBG000D7JKW9,BBG001SD3DY9,2025-10-05T06:05:16.272481692Z
CSGS,CSG Systems International,stocks,us,XNAS,CS,True,usd,0001005757,BBG000G3TQV2,BBG001S8QQ76,2025-10-05T06:05:16.272481772Z
CSHI,NEOS Enhanced Income 1-3 Month T-Bill ETF,stocks,us,ARCX,ETF,True,usd,0001848758,BBG019CHS7L9,BBG019CHS8F4,2025-10-05T06:05:16.272481852Z
CSHP,iShares Enhanced Short-Term Bond Active ETF,stocks,us,ARCX,ETF,True,usd,0001761055,BBG01NT05JR0,BBG01NT05KM2,2025-10-05T06:05:16.272481932Z
CSIQ,Canadian Solar Inc. Common Shares (ON),stocks,us,XNAS,CS,True,usd,0001375877,BBG000K1J931,BBG001SPNJT3,2025-10-05T06:05:16.272482132Z
CSL,"Carlisle Companies, Inc.",stocks,us,XNYS,CS,True,usd,0000790051,BBG000BGGBT8,BBG001S5Q6R4,2025-10-05T06:05:16.272482213Z
CSM,ProShares Large Cap Core Plus,stocks,us,BATS,ETF,True,usd,0001174610,BBG000NDJYJ0,BBG001T551S6,2025-10-05T06:05:16.272482323Z
CSMD,Congress SMid Growth ETF,stocks,us,ARCX,ETF,True,usd,,BBG01J1GV3T8,BBG01J1GV4N2,2025-10-05T06:05:16.272482403Z
CSNR,Cohen & Steers Natural Resources Active ETF,stocks,us,ARCX,ETF,True,usd,,BBG01RXX46X6,BBG01RXX47V6,2025-10-05T06:05:16.272482483Z
CSPF,Cohen & Steers Preferred and Income Opportunities Active ETF,stocks,us,ARCX,ETF,True,usd,,BBG01RXW2KW0,BBG01RXW2M92,2025-10-05T06:05:16.272482563Z
CSPI,CSP Inc.,stocks,us,XNAS,CS,True,usd,0000356037,BBG000BGH994,BBG001S5Q756,2025-10-05T06:05:16.272482643Z
CSQ,Calamos Strategic Total Return Fund,stocks,us,XNAS,CS,True,usd,0001275214,BBG000BT4RM5,BBG001SC0HR3,2025-10-05T06:05:16.272482724Z
CSR,Centerspace,stocks,us,XNYS,CS,True,usd,0000798359,BBG000BVJ702,BBG001SB9ZW0,2025-10-05T06:05:16.272482804Z
CSRE,Cohen & Steers Real Estate Active ETF,stocks,us,ARCX,ETF,True,usd,,BBG01RXVZ7P3,BBG01RXVZ8N3,2025-10-05T06:05:16.272482904Z
CSTE,Caesarstone Ltd.,stocks,us,XNAS,CS,True,usd,0001504379,,,2025-10-05T06:05:16.272483154Z
CSTK,Invesco Comstock Contrarian Equity ETF,stocks,us,BATS,ETF,True,usd,,BBG01TT2Q2L3,BBG01TT2Q3G7,2025-10-05T06:05:16.272483234Z
CSTL,"Castle Biosciences, Inc. Common Stock",stocks,us,XNAS,CS,True,usd,0001447362,BBG006YWVSR3,BBG006YWVSS2,2025-10-05T06:05:16.272483315Z
CSTM,Constellium SE Class A Ordinary shares,stocks,us,XNYS,CS,True,usd,0001563411,,,2025-10-05T06:05:16.272483395Z
CSV,"Carriage Services, Inc.",stocks,us,XNYS,CS,True,usd,0001016281,BBG000J06DW8,BBG001S9M5G4,2025-10-05T06:05:16.272483485Z
CSW,"CSW Industrials, Inc.",stocks,us,XNYS,CS,True,usd,0001624794,BBG007NLG4L3,BBG007NLG4M2,2025-10-05T06:05:16.272483555Z
CSWC,Capital Southwest Corp,stocks,us,XNAS,CS,True,usd,0000017313,BBG000BGJ661,BBG001S5Q7P4,2025-10-05T06:05:16.272483765Z
CSWCZ,Capital Southwest Corporation 7.75% Notes due 2028,stocks,us,XNAS,CS,True,usd,0000017313,,,2025-10-05T06:05:16.272483956Z
CSX,CSX Corporation,stocks,us,XNAS,CS,True,usd,0000277948,BBG000BGJRC8,BBG001S5Q7Q3,2025-10-05T06:05:16.272484036Z
CTA,Simplify Managed Futures Strategy ETF,stocks,us,ARCX,ETF,True,usd,0000030554,BBG015TRLD59,BBG015TRLF27,2025-10-05T06:05:16.272484206Z
CTAS,Cintas Corp,stocks,us,XNAS,CS,True,usd,0000723254,BBG000H3YXF8,BBG001S7CRG1,2025-10-05T06:05:16.272484286Z
CTApA,"EIDP, Inc. Preferred Stock $3.50 Series",stocks,us,XNYS,PFD,True,usd,0000030554,,,2025-10-05T06:05:16.272484367Z
CTApB,"EIDP, Inc. Preferred Stock $4.50 Series",stocks,us,XNYS,PFD,True,usd,0000030554,,,2025-10-05T06:05:16.272484457Z
CTBB,Qwest Corporation 6.5% Notes due 2056,stocks,us,XNYS,SP,True,usd,0000068622,,,2025-10-05T06:05:16.272484537Z
CTBI,Community Trust Bancorp Inc,stocks,us,XNAS,CS,True,usd,0000350852,BBG000F4J227,BBG001S9F6J7,2025-10-05T06:05:16.272484777Z
CTDD,Qwest Corporation 6.75% Notes due 2057,stocks,us,XNYS,SP,True,usd,0000068622,,,2025-10-05T06:05:16.272484948Z
CTEC,Global X CleanTech ETF,stocks,us,XNAS,ETF,True,usd,0001432353,BBG00Y056818,BBG00Y0568X3,2025-10-05T06:05:16.272485048Z
CTEF,Castellan Targeted Equity ETF,stocks,us,BATS,ETF,True,usd,,BBG01VF4YP66,BBG01VF4YQ46,2025-10-05T06:05:16.272485148Z
CTEV,Claritev Corporation,stocks,us,XNYS,CS,True,usd,0001793229,BBG00RLZ9M74,BBG00RLZ9M83,2025-10-05T06:05:16.272485419Z
CTEX,ProShares S&P Kensho Cleantech ETF,stocks,us,ARCX,ETF,True,usd,0001174610,BBG012R6F4F0,BBG012R6F594,2025-10-05T06:05:16.272485499Z
CTGO,"Contango ORE, Inc.",stocks,us,XASE,CS,True,usd,0001502377,BBG0016YSLB7,BBG001TCN726,2025-10-05T06:05:16.272485689Z
CTIF,Castellan Targeted Income ETF,stocks,us,BATS,ETF,True,usd,,BBG01VPVPKP5,BBG01VPVPLL7,2025-10-05T06:05:16.272485769Z
CTKB,"Cytek Biosciences, Inc. Common Stock",stocks,us,XNAS,CS,True,usd,0001831915,BBG00D36Q0Z7,BBG00D36Q103,2025-10-05T06:05:16.27248588Z
CTLP,"Cantaloupe, Inc. Common Stock",stocks,us,XNAS,CS,True,usd,0000896429,BBG000H825F3,BBG001S96MW7,2025-10-05T06:05:16.27248597Z
CTM,"Castellum, Inc.",stocks,us,XASE,CS,True,usd,0001877939,BBG001J7M0W1,BBG001V0HHM2,2025-10-05T06:05:16.27248605Z
CTMX,"CytomX Therapeutics, Inc.",stocks,us,XNAS,CS,True,usd,0001501989,BBG001J472L3,BBG001V0GS49,2025-10-05T06:05:16.27248613Z
CTNM,"Contineum Therapeutics, Inc. Class A Common Stock",stocks,us,XNAS,CS,True,usd,0001855175,BBG01M27SVP6,BBG01M27SWR2,2025-10-05T06:05:16.27248621Z
CTNT,Cheetah Net Supply Chain Service Inc. Class A Common Stock,stocks,us,XNAS,CS,True,usd,0001951667,BBG01G66JNZ4,BBG01G66JPT6,2025-10-05T06:05:16.27248629Z
CTO,"CTO Realty Growth, Inc.",stocks,us,XNYS,CS,True,usd,0000023795,BBG00Y3M1H59,BBG00Y3M1H68,2025-10-05T06:05:16.272486401Z
CTOR,"Citius Oncology, Inc. Common Stock",stocks,us,XNAS,CS,True,usd,0001851484,BBG01163HKY3,BBG01163HLS8,2025-10-05T06:05:16.272486491Z
CTOS,"Custom Truck One Source, Inc.",stocks,us,XNYS,CS,True,usd,0001709682,BBG00HLCWDF2,BBG00HLCWDG1,2025-10-05T06:05:16.272486581Z
CTOpA,"CTO Realty Growth, Inc. 6.375% Series A Cumulative Redeemable Preferred Stock",stocks,us,XNYS,PFD,True,usd,0000023795,,,2025-10-05T06:05:16.272486661Z
CTRA,Coterra Energy Inc.,stocks,us,XNYS,CS,True,usd,0000858470,BBG000C3GN47,BBG001S6H6Y4,2025-10-05T06:05:16.272486731Z
CTRE,"CareTrust REIT, Inc",stocks,us,XNYS,CS,True,usd,0001590717,BBG005KC4Z70,BBG005KC4Z61,2025-10-05T06:05:16.272487122Z
CTRI,"Centuri Holdings, Inc.",stocks,us,XNYS,CS,True,usd,0001981599,BBG01M4ZP8Y6,BBG01M4ZP9S1,2025-10-05T06:05:16.272487202Z
CTRM,Castor Maritime Inc. Common Stock,stocks,us,XNAS,CS,True,usd,0001720161,,,2025-10-05T06:05:16.272487282Z
CTRN,"Citi Trends, Inc.",stocks,us,XNAS,CS,True,usd,0001318484,BBG000BRLWY6,BBG001SH4JL0,2025-10-05T06:05:16.272487362Z
CTS,CTS Corporation,stocks,us,XNYS,CS,True,usd,0000026058,BBG000BGMC46,BBG001S5Q8Y2,2025-10-05T06:05:16.272487443Z
CTSH,Cognizant Technology Solutions,stocks,us,XNAS,CS,True,usd,0001058290,BBG000BBDV81,BBG001S5STN6,2025-10-05T06:05:16.272487523Z
CTSO,Cytosorbents Corp.,stocks,us,XNAS,CS,True,usd,0001175151,BBG000C3P8V0,BBG001SL7YQ0,2025-10-05T06:05:16.272487603Z
CTVA,"Corteva, Inc. Common Stock",stocks,us,XNYS,CS,True,usd,0001755672,BBG00BN969C1,BBG00BN969D0,2025-10-05T06:05:16.272487693Z
CTW,CTW Cayman Class A Ordinary Shares,stocks,us,XNAS,CS,True,usd,0002047148,,,2025-10-05T06:05:16.272487773Z
CTWO,COtwo Advisors Physical European Carbon Allowance Trust,stocks,us,ARCX,ETV,True,usd,0001958928,BBG01TYGWG10,BBG01TYGWGX5,2025-10-05T06:05:16.272487953Z
CTXR,Citius Pharmaceuticals Inc. Common,stocks,us,XNAS,CS,True,usd,0001506251,BBG001QQH2N3,BBG001V1J7S4,2025-10-05T06:05:16.272488034Z
CUB,Lionheart Holdings Class A Ordinary Shares,stocks,us,XNAS,CS,True,usd,0002015955,,,2025-10-05T06:05:16.272488114Z
CUBB,"Customers Bancorp, Inc. 5.375% Subordinated Notes Due 2034",stocks,us,XNYS,SP,True,usd,0001488813,,,2025-10-05T06:05:16.272488194Z
CUBE,CubeSmart,stocks,us,XNYS,CS,True,usd,0001298675,BBG000HF28Q9,BBG001SHP0D7,2025-10-05T06:05:16.272488274Z
CUBI,CUSTOMERS BANCORP INC,stocks,us,XNYS,CS,True,usd,0001488813,BBG0023XX761,BBG0023XX770,2025-10-05T06:05:16.272488354Z
CUBIpF,"Customers Bancorp, Inc  Fixed-to-Floating Rate Non-Cumulative Perpetual Preferred Stock, Series F",stocks,us,XNYS,PFD,True,usd,0001488813,,,2025-10-05T06:05:16.272488434Z
CUBWU,Lionheart Holdings Unit,stocks,us,XNAS,UNIT,True,usd,0002015955,,,2025-10-05T06:05:16.272488515Z
CUBWW,Lionheart Holdings Warrant,stocks,us,XNAS,WARRANT,True,usd,0002015955,,,2025-10-05T06:05:16.272488595Z
CUE,"Cue Biopharma, Inc.",stocks,us,XNAS,CS,True,usd,0001645460,BBG00FVMPFN7,BBG00FVMPFP5,2025-10-05T06:05:16.272488675Z
CUK,Carnival PLC,stocks,us,XNYS,ADRC,True,usd,0001125259,BBG000CKYG71,BBG001SG8WT1,2025-10-05T06:05:16.272488765Z
CULP,"Culp, Inc.",stocks,us,XNYS,CS,True,usd,0000723603,BBG000BFF550,BBG001S5PPQ4,2025-10-05T06:05:16.272488845Z
CUPR,Cuprina Holdings (Cayman) Limited Class A Ordinary Shares,stocks,us,XNAS,CS,True,usd,0001995704,,,2025-10-05T06:05:16.272488925Z
CURB,Curbline Properties Corp.,stocks,us,XNYS,CS,True,usd,0002027317,BBG01JZB98V3,BBG01JZB99P8,2025-10-05T06:05:16.272489005Z
CURE,Direxion Daily Healthcare Bull 3X Shares,stocks,us,ARCX,ETF,True,usd,0001424958,BBG001R07BN0,BBG001V1Y084,2025-10-05T06:05:16.272489086Z
CURI,CuriosityStream Inc. Class A Common Stock,stocks,us,XNAS,CS,True,usd,0001776909,BBG00QS5N3V4,BBG00QS5N3W3,2025-10-05T06:05:16.272489166Z
CURIW,CuriosityStream Inc. Warrant,stocks,us,XNAS,WARRANT,True,usd,0001776909,BBG00R9J7WF5,,2025-10-05T06:05:16.272489246Z
CURR,Currenc Group Inc. Ordinary Shares,stocks,us,XNAS,CS,True,usd,0001862935,,,2025-10-05T06:05:16.272489336Z
CURV,Torrid Holdings Inc.,stocks,us,XNYS,CS,True,usd,0001792781,BBG011C0PCJ8,BBG011C0PDC3,2025-10-05T06:05:16.272489416Z
CURX,Curanex Pharmaceuticals Inc Common Stock,stocks,us,XNAS,CS,True,usd,0002025942,BBG01QB818N7,BBG01QB818P5,2025-10-05T06:05:16.272489496Z
CUT,Invesco MSCI Global Timber ETF,stocks,us,ARCX,ETF,True,usd,0000914208,BBG00KJR2128,BBG00KJR21S0,2025-10-05T06:05:16.272489577Z
CUZ,Cousins Properties Inc.,stocks,us,XNYS,CS,True,usd,0000025232,BBG000CW9BM7,BBG001S73MB7,2025-10-05T06:05:16.272489667Z
CV,"CapsoVision, Inc. Common Stock",stocks,us,XNAS,CS,True,usd,0001378325,BBG00KHZ9QJ2,BBG00KHZ9QK0,2025-10-05T06:05:16.272489747Z
CVAC,CureVac N.V. Ordinary Shares,stocks,us,XNAS,CS,True,usd,0001809122,,,2025-10-05T06:05:16.272489827Z
CVAR,Cultivar ETF,stocks,us,BATS,ETF,True,usd,,BBG0147C0YM7,BBG0147C0ZG1,2025-10-05T06:05:16.272489907Z
CVBF,CVB Financial Corp,stocks,us,XNAS,CS,True,usd,0000354647,BBG000JTYFB2,BBG001SJ1SH4,2025-10-05T06:05:16.272489987Z
CVCO,Cavco Industries Inc.,stocks,us,XNAS,CS,True,usd,0000278166,BBG000K4WS65,BBG001SJQBM8,2025-10-05T06:05:16.272490198Z
CVE,Cenovus Energy Inc.,stocks,us,XNYS,CS,True,usd,0001475260,BBG000PSJP22,BBG001T2PJV8,2025-10-05T06:05:16.272490398Z
CVE.WS,Cenovus Energy Inc. Warrants (each warrant entitles the holder to purchase one common share at an exercise price of C$6.54 per share),stocks,us,XNYS,WARRANT,True,usd,0001475260,BBG00YR189K3,,2025-10-05T06:05:16.272490729Z
CVEO,Civeo Corporation,stocks,us,XNYS,CS,True,usd,0001590584,BBG009KJ2H24,BBG009KJ2H33,2025-10-05T06:05:16.272490919Z
CVGI,"Commercial Vehicle Group, Inc.",stocks,us,XNAS,CS,True,usd,0001290900,BBG000PZ0SW7,BBG001SLYY17,2025-10-05T06:05:16.27249116Z
CVGW,Calavo Growers Inc,stocks,us,XNAS,CS,True,usd,0001133470,BBG000BGPQW1,BBG001S9FP96,2025-10-05T06:05:16.27249124Z
CVI,"CVR ENERGY, INC.",stocks,us,XNYS,CS,True,usd,0001376139,BBG000QHV8S1,BBG001SM6PD2,2025-10-05T06:05:16.2724914Z
CVIE,Calvert International Responsible Index ETF,stocks,us,ARCX,ETF,True,usd,,BBG01DR7M938,BBG01DR7MB06,2025-10-05T06:05:16.27249148Z
CVKD,"Cadrenal Therapeutics, Inc. Common Stock",stocks,us,XNAS,CS,True,usd,0001937993,BBG019STRT20,BBG019STRT39,2025-10-05T06:05:16.27249156Z
CVLC,Calvert US Large-Cap Core Responsible Index ETF,stocks,us,ARCX,ETF,True,usd,,BBG01DPGKG45,BBG01DPGKH16,2025-10-05T06:05:16.272491641Z
CVLG,"Covenant Logistics Group, Inc.",stocks,us,XNYS,CS,True,usd,0000928658,BBG000DNYKG5,BBG001S89TF0,2025-10-05T06:05:16.272491841Z
CVLT,"Commault Systems, Inc.",stocks,us,XNAS,CS,True,usd,0001169561,BBG000BG88X9,BBG001S7R751,2025-10-05T06:05:16.272491921Z
CVM,Cel-Sci Corporation,stocks,us,XASE,CS,True,usd,0000725363,BBG000H5G6L5,BBG001SBRBG1,2025-10-05T06:05:16.272492001Z
CVMC,Calvert US Mid-Cap Core Responsible Index ETF,stocks,us,ARCX,ETF,True,usd,,BBG01DR7MD75,BBG01DR7MF25,2025-10-05T06:05:16.272492081Z
CVNA,Carvana Co.,stocks,us,XNYS,CS,True,usd,0001690820,BBG00GCTWDJ3,BBG00GCTWF71,2025-10-05T06:05:16.272492162Z
CVNX,Defiance Daily Target 2X Long CVNA ETF,stocks,us,XNAS,ETF,True,usd,,BBG01V7HQ042,BBG01V7HQ104,2025-10-05T06:05:16.272492242Z
CVNY,YieldMax CVNA Option Income Strategy ETF,stocks,us,ARCX,ETS,True,usd,,BBG01S0M8116,BBG01S0M81X1,2025-10-05T06:05:16.272492582Z
CVR,Chicago Rivet & Machine Co.,stocks,us,XASE,CS,True,usd,0000019871,BBG000BGRMB1,BBG001S5QBC9,2025-10-05T06:05:16.272492662Z
CVRD,Madison Covered Call ETF,stocks,us,ARCX,ETF,True,usd,,BBG01J08C7J0,BBG01J08C8C5,2025-10-05T06:05:16.272492813Z
CVRT,Calamos Convertible Equity Alternative ETF,stocks,us,ARCX,ETF,True,usd,0001579881,BBG01HSCX5G9,BBG01HSCX6T3,2025-10-05T06:05:16.272492903Z
CVRX,"CVRx, Inc. Common Stock",stocks,us,XNAS,CS,True,usd,0001235912,BBG001B56NX0,BBG001TJ3M57,2025-10-05T06:05:16.272493013Z
CVS,CVS HEALTH CORPORATION,stocks,us,XNYS,CS,True,usd,0000064803,BBG000BGRY34,BBG001S5QBD8,2025-10-05T06:05:16.272493083Z
CVSB,Calvert Ultra-Short Investment Grade ETF,stocks,us,ARCX,ETF,True,usd,,BBG01DPGL334,BBG01DPGL3Y0,2025-10-05T06:05:16.272493173Z
CVSE,Calvert US Select Equity ETF,stocks,us,ARCX,ETF,True,usd,,BBG01DPGL619,BBG01DPGL6W5,2025-10-05T06:05:16.272493254Z
CVU,"CPI Aerostructures, Inc.",stocks,us,XASE,CS,True,usd,0000889348,BBG000GZFVB7,BBG001SD4192,2025-10-05T06:05:16.272493334Z
CVV,CVD Equipment Corp.,stocks,us,XNAS,CS,True,usd,0000766792,BBG000DVVTH0,BBG001S8Z322,2025-10-05T06:05:16.272493414Z
CVX,Chevron Corporation,stocks,us,XNYS,CS,True,usd,0000093410,BBG000K4ND22,BBG001S67ZC5,2025-10-05T06:05:16.272493494Z
CVY,Invesco Zacks Multi-Asset Income ETF,stocks,us,ARCX,ETF,True,usd,0001209466,BBG00KJR1PH0,BBG00KJR1Q60,2025-10-05T06:05:16.272493574Z
CW,Curtiss-Wright Corp.,stocks,us,XNYS,CS,True,usd,0000026324,BBG000BGSPS5,BBG001S5QBK0,2025-10-05T06:05:16.272493765Z
CWAN,"Clearwater Analytics Holdings, Inc.",stocks,us,XNYS,CS,True,usd,0001866368,BBG012C765L4,BBG012C765M3,2025-10-05T06:05:16.272493855Z
CWB,SPDR Bloomberg Convertible Securities ETF,stocks,us,ARCX,ETF,True,usd,0001064642,BBG000FTQMS2,BBG001T2PMD1,2025-10-05T06:05:16.272493945Z
CWBC,Community West Bancshares Common Stock,stocks,us,XNAS,CS,True,usd,0001127371,BBG000MZYM65,BBG001SGH967,2025-10-05T06:05:16.272494025Z
CWCO,Consolidated Water Co Inc,stocks,us,XNAS,CS,True,usd,0000928340,,,2025-10-05T06:05:16.272494135Z
CWD,CaliberCos Inc. Class A Common Stock,stocks,us,XNAS,CS,True,usd,0001627282,BBG019WPQGK2,BBG019WPQHD8,2025-10-05T06:05:16.272494215Z
CWEB,Direxion Daily CSI China Internet Index Bull 2X Shares,stocks,us,ARCX,ETF,True,usd,0001424958,BBG00F40W4C4,BBG00F40W531,2025-10-05T06:05:16.272494296Z
CWEN,"Clearway Energy, Inc. Class C Common Stock",stocks,us,XNYS,CS,True,usd,0001567683,BBG008LJ4TF3,BBG008LJ4TG2,2025-10-05T06:05:16.272494376Z
CWEN.A,"Clearway Energy, Inc.  Class A Common Stock",stocks,us,XNYS,CS,True,usd,0001567683,BBG004P33PN3,BBG004P33PP1,2025-10-05T06:05:16.272494456Z
CWH,"Camping World Holdings, Inc.",stocks,us,XNYS,CS,True,usd,0001669779,BBG00D2Z7X83,BBG00D2Z7X92,2025-10-05T06:05:16.272494656Z
CWI,SPDR MSCI ACWI ex-US ETF,stocks,us,ARCX,ETF,True,usd,0001168164,BBG000Q8TXD5,BBG001SRXRN6,2025-10-05T06:05:16.272494736Z
CWK,Cushman & Wakefield plc Ordinary Shares,stocks,us,XNYS,CS,True,usd,0001628369,,,2025-10-05T06:05:16.272494827Z
CWS,AdvisorShares Focused Equity ETF,stocks,us,ARCX,ETF,True,usd,0001408970,BBG00DVZRVF5,BBG00DVZRVH3,2025-10-05T06:05:16.272494947Z
CWST,Casella Waste Systems Inc,stocks,us,XNAS,CS,True,usd,0000911177,BBG000BT0J38,BBG001SB5S05,2025-10-05T06:05:16.272495027Z
CWT,California Water Service,stocks,us,XNYS,CS,True,usd,0001035201,BBG000D8KTN6,BBG001S7QBD4,2025-10-05T06:05:16.272495107Z
CWVX,Tradr 2X Long CRWV Daily ETF,stocks,us,BATS,ETF,True,usd,,BBG01VWNWQM7,BBG01VWNWRK7,2025-10-05T06:05:16.272495187Z
CX,Cemex S.A.B. de C.V.,stocks,us,XNYS,ADRC,True,usd,0001076378,BBG000BPCTB2,BBG001SD8F15,2025-10-05T06:05:16.272495267Z
CXAI,CXApp Inc. Class A Common Stock,stocks,us,XNAS,CS,True,usd,0001820875,BBG00Z49NKK6,BBG00Z49NLG9,2025-10-05T06:05:16.272495348Z
CXAIW,CXApp Inc. Warrant,stocks,us,XNAS,WARRANT,True,usd,0001820875,BBG00Z49QT42,,2025-10-05T06:05:16.272495458Z
CXDO,CREXENDO INC,stocks,us,XNAS,CS,True,usd,0001075736,BBG000GPDT80,BBG001S9HYR5,2025-10-05T06:05:16.272495528Z
CXE,MFS High Income Municipal Trust,stocks,us,XNYS,FUND,True,usd,0000845606,BBG000C09QV4,BBG001S629L8,2025-10-05T06:05:16.272495618Z
CXH,MFS Investment Grade Municipal Trust,stocks,us,XNYS,FUND,True,usd,0000847411,BBG000C123D0,BBG001S65RK6,2025-10-05T06:05:16.272495688Z
CXM,"Sprinklr, Inc.",stocks,us,XNYS,CS,True,usd,0001569345,BBG0043NCD05,BBG0043NCD14,2025-10-05T06:05:16.272495778Z
CXRN,Teucrium 2x Daily Corn ETF,stocks,us,ARCX,ETF,True,usd,0001683471,BBG01R409MT5,BBG01R409NP7,2025-10-05T06:05:16.272495859Z
CXSE,WisdomTree Trust WisdomTree China ex-State-Owned Enterprises Fund,stocks,us,XNAS,ETF,True,usd,0001350487,BBG003D52F83,BBG003D52G09,2025-10-05T06:05:16.272495939Z
CXT,"Crane NXT, Co.",stocks,us,XNYS,CS,True,usd,0000025445,BBG017BXPZ85,BBG017BXPZ94,2025-10-05T06:05:16.272496019Z
CXW,"CoreCivic, Inc.",stocks,us,XNYS,CS,True,usd,0001070985,BBG000BJSJT2,BBG001S8PTV4,2025-10-05T06:05:16.272496109Z
CYBN,Cybin Inc.,stocks,us,XASE,CS,True,usd,0001833141,BBG00MFNRRT4,BBG00HZ0NJ24,2025-10-05T06:05:16.272496259Z
CYBR,CyberArk Software Ltd.,stocks,us,XNAS,CS,True,usd,0001598110,,,2025-10-05T06:05:16.272496339Z
CYCN,"Cyclerion Therapeutics, Inc. Common Stock",stocks,us,XNAS,CS,True,usd,0001755237,BBG00KXXHYD9,BBG00KXXHZ46,2025-10-05T06:05:16.27249642Z
CYCU,"Cycurion, Inc. Common Stock",stocks,us,XNAS,CS,True,usd,0001868419,BBG0133V46L9,BBG0133V47H2,2025-10-05T06:05:16.272496901Z
CYCUW,"Cycurion, Inc. Warrant",stocks,us,XNAS,WARRANT,True,usd,0001868419,BBG016PH4WS5,,2025-10-05T06:05:16.272496981Z
CYD,China Yuchai International Ltd.,stocks,us,XNYS,CS,True,usd,0000932695,,,2025-10-05T06:05:16.272497061Z
CYH,"Community Health Systems, Inc.",stocks,us,XNYS,CS,True,usd,0001108109,BBG000BDY3Y7,BBG001S89L85,2025-10-05T06:05:16.272497141Z
CYN,Cyngn Inc. Common Stock,stocks,us,XNAS,CS,True,usd,0001874097,BBG012DSHYT4,BBG012DSHYV1,2025-10-05T06:05:16.272497221Z
CYRX,"CryoPort, Inc. Common Stock",stocks,us,XNAS,CS,True,usd,0001124524,BBG000PNTXP0,BBG001SLKBJ3,2025-10-05T06:05:16.272497301Z
CYTK,Cytokinetics Inc.,stocks,us,XNAS,CS,True,usd,0001061983,BBG000F0R4N9,BBG001SGMVF2,2025-10-05T06:05:16.272497552Z
CZA,Invesco Zacks Mid-Cap ETF,stocks,us,ARCX,ETF,True,usd,0001209466,BBG00KJR1TJ0,BBG00KJR1V78,2025-10-05T06:05:16.272497632Z
CZAR,Themes Natural Monopoly ETF,stocks,us,XNAS,ETF,True,usd,0001976322,BBG01KJMT8W1,BBG01KJMTB54,2025-10-05T06:05:16.272497782Z
CZFS,"Citizens Financial Services, Inc. Common Stock",stocks,us,XNAS,CS,True,usd,0000739421,BBG000BRX064,BBG001S6YTF6,2025-10-05T06:05:16.272497862Z
CZNC,Citizens & Northern Corporation,stocks,us,XNAS,CS,True,usd,0000810958,BBG000BRW8B2,BBG001S6YSF8,2025-10-05T06:05:16.272497943Z
CZR,"Caesars Entertainment, Inc. Common Stock",stocks,us,XNAS,CS,True,usd,0001590895,BBG0074Q3NK6,BBG0074Q3NL5,2025-10-05T06:05:16.272498023Z
CZWI,"Citizens Community Bancorp, Inc.",stocks,us,XNAS,CS,True,usd,0001367859,BBG000NFKDB7,BBG001SKRJP4,2025-10-05T06:05:16.272498103Z
CpN,Citigroup Capital XIII 7.875% Fixed Rate/Floating Rate Trust Preferred Securities,stocks,us,XNYS,PFD,True,usd,0000831001,,,2025-10-05T06:05:16.272498183Z
D,"Dominion Energy, Inc Common Stock",stocks,us,XNYS,CS,True,usd,0000715957,BBG000BGVW60,BBG001S5QCP3,2025-10-05T06:05:16.272498273Z
DAAQ,Digital Asset Acquisition Corp. Class A Ordinary shares,stocks,us,XNAS,CS,True,usd,0002052162,,,2025-10-05T06:05:16.272498423Z
DAAQU,Digital Asset Acquisition Corp. Units,stocks,us,XNAS,UNIT,True,usd,0002052162,,,2025-10-05T06:05:16.272498514Z
DAAQW,Digital Asset Acquisition Corp. Warrant,stocks,us,XNAS,WARRANT,True,usd,0002052162,,,2025-10-05T06:05:16.272498594Z
DABS,DoubleLine Asset-Backed Securities ETF,stocks,us,ARCX,ETF,True,usd,0001886172,BBG01SKDPTV1,BBG01SKDPVR1,2025-10-05T06:05:16.272498674Z
DAC,Danaos Corporation,stocks,us,XNYS,CS,True,usd,0001369241,,,2025-10-05T06:05:16.272498754Z
DADS,Digital Asset Debt Strategy ETF,stocks,us,XNAS,ETF,True,usd,0001387131,BBG01V8BMT36,BBG01V8BMV31,2025-10-05T06:05:16.272498834Z
DAIC,"CID HoldCo, Inc. Common Stock",stocks,us,XNAS,CS,True,usd,0002033770,BBG01VNWK396,BBG01VNWK3B3,2025-10-05T06:05:16.272498914Z
DAICW,"CID HoldCo, Inc. Warrants",stocks,us,XNAS,WARRANT,True,usd,0002033770,BBG01VNXGD97,,2025-10-05T06:05:16.272499055Z
DAIO,Data I/O Corp,stocks,us,XNAS,CS,True,usd,0000351998,BBG000BGWTV8,BBG001S5QCW5,2025-10-05T06:05:16.272499145Z
DAK,Dakota Active Equity ETF,stocks,us,XNAS,ETF,True,usd,,BBG01W7CHCD5,BBG01W7CHDG0,2025-10-05T06:05:16.272499225Z
DAKT,Daktronics Inc,stocks,us,XNAS,CS,True,usd,0000915779,BBG000BMC8K5,BBG001S7N3Z1,2025-10-05T06:05:16.272499305Z
DAL,"Delta Air Lines, Inc.",stocks,us,XNYS,CS,True,usd,0000027904,BBG000R7Z112,BBG001SPT759,2025-10-05T06:05:16.272499385Z
DALI,First Trust Exchange-Traded Fund VI First Trust Dorsey Wright DALI Equity ETF,stocks,us,XNAS,ETF,True,usd,0001552740,BBG00KX8KJT6,BBG00KX8KKJ4,2025-10-05T06:05:16.272499475Z
DAN,Dana Incorporated,stocks,us,XNYS,CS,True,usd,0000026780,BBG000TCD088,BBG001SRW699,2025-10-05T06:05:16.272499576Z
DAO,"Youdao, Inc. American Depositary Shares, each representing one Class A Ordinary Share",stocks,us,XNYS,ADRC,True,usd,0001781753,BBG00L7QDHC3,BBG00L7QDHD2,2025-10-05T06:05:16.272499656Z
DAPP,VanEck Digital Transformation ETF,stocks,us,XNAS,ETF,True,usd,0001137360,BBG0100SD3B3,BBG0100SD467,2025-10-05T06:05:16.272499726Z
DAPR,FT Vest U.S. Equity Deep Buffer ETF - April,stocks,us,BATS,ETF,True,usd,0001667919,BBG0101Q65N6,BBG0101Q66H1,2025-10-05T06:05:16.272499806Z
DAR,DARLING INGREDIENTS INC.,stocks,us,XNYS,CS,True,usd,0000916540,BBG000BN8ZK8,BBG001SB7RP8,2025-10-05T06:05:16.272499896Z
DARE,"Dare Bioscience, Inc. Common Stock",stocks,us,XNAS,CS,True,usd,0001401914,BBG001J2P362,BBG001V0GDP9,2025-10-05T06:05:16.272500127Z
DARP,Grizzle Growth ETF,stocks,us,ARCX,ETF,True,usd,0001924868,BBG01J2VP5T6,BBG01J2VP6W0,2025-10-05T06:05:16.272500307Z
DASH,"DoorDash, Inc. Class A Common Stock",stocks,us,XNAS,CS,True,usd,0001792789,BBG005D7QCJ3,BBG005D7QCK1,2025-10-05T06:05:16.272500387Z
DAT,ProShares Big Data Refiners ETF,stocks,us,ARCX,ETF,True,usd,0001174610,BBG012R6F9P8,BBG012R6FBJ0,2025-10-05T06:05:16.272500477Z
DAUG,FT Vest U.S. Equity Deep Buffer ETF - August,stocks,us,BATS,ETF,True,usd,0001667919,BBG00QQFDYF5,BBG00QQFDZ53,2025-10-05T06:05:16.272500558Z
DAVA,Endava plc American Depositary Shares (each representing one Class A Ordinary Share),stocks,us,XNYS,ADRC,True,usd,0001656081,BBG00LBLBBJ7,BBG00LBLBCB3,2025-10-05T06:05:16.272500648Z
DAVE,Dave Inc. Class A Common Stock,stocks,us,XNAS,CS,True,usd,0001841408,BBG00Z483VQ0,BBG00Z483WM2,2025-10-05T06:05:16.272500738Z
DAVEW,Dave Inc. Warrants,stocks,us,XNAS,WARRANT,True,usd,0001841408,BBG00Z48GTH1,,2025-10-05T06:05:16.272500838Z
DAWN,"Day One Biopharmaceuticals, Inc. Common Stock",stocks,us,XNAS,CS,True,usd,0001845337,BBG00V1KSN04,BBG00V1KSN13,2025-10-05T06:05:16.272500928Z
DAX,Global X Funds Global X DAX Germany ETF,stocks,us,XNAS,ETF,True,usd,0001432353,BBG00MVW5W00,BBG00MVW5WR1,2025-10-05T06:05:16.272501008Z
DAY,"Dayforce, Inc.",stocks,us,XNYS,CS,True,usd,0001725057,BBG005D7PF34,BBG005D7PF43,2025-10-05T06:05:16.272501169Z
DB,Deutsche Bank Aktiengesellschaft,stocks,us,XNYS,CS,True,usd,0001159508,,,2025-10-05T06:05:16.272501259Z
DBA,Invesco DB Agriculture Fund,stocks,us,ARCX,ETV,True,usd,0001383082,BBG000QNKPC9,BBG001SSDLZ6,2025-10-05T06:05:16.272501389Z
DBAW,Xtrackers MSCI All World ex US Hedged Equity ETF,stocks,us,ARCX,ETF,True,usd,0001503123,BBG005TJ1X47,BBG005TJ1X56,2025-10-05T06:05:16.272501469Z
DBB,Invesco DB Base Metals Fund,stocks,us,ARCX,ETV,True,usd,0001383084,BBG000QNK9K6,BBG001SSDLT3,2025-10-05T06:05:16.272501559Z
DBC,Invesco DB Commodity Index Tracking Fund,stocks,us,ARCX,ETV,True,usd,0001328237,BBG000GPM6Y1,BBG001SNZTS4,2025-10-05T06:05:16.27250165Z
DBD,"Diebold Nixdorf, Incorporated",stocks,us,XNYS,CS,True,usd,0000028823,BBG01HVHYBT6,BBG01HVHYCP8,2025-10-05T06:05:16.27250173Z
DBE,Invesco DB Energy Fund,stocks,us,ARCX,ETV,True,usd,0001383062,BBG000QNBJ15,BBG001SSDL86,2025-10-05T06:05:16.27250182Z
DBEF,Xtrackers MSCI EAFE Hedged Equity ETF,stocks,us,ARCX,ETF,True,usd,0001503123,BBG001QVX940,BBG001S9Z3V8,2025-10-05T06:05:16.27250199Z
DBEM,Xtrackers MSCI Emerging Markets Hedged Equity ETF,stocks,us,ARCX,ETF,True,usd,0001503123,BBG001QWQCK1,BBG001V1QT71,2025-10-05T06:05:16.272502191Z
DBEU,Xtrackers MSCI Europe Hedged Equity ETF,stocks,us,ARCX,ETF,True,usd,0001503123,BBG005BHZSM4,BBG005BHZSN3,2025-10-05T06:05:16.272502261Z
DBEZ,Xtrackers MSCI Eurozone Hedged Equity ETF,stocks,us,ARCX,ETF,True,usd,0001503123,BBG007PNQYZ5,BBG007PNQYY6,2025-10-05T06:05:16.272502782Z
DBGI,"Digital Brands Group, Inc. Common Stock",stocks,us,XNAS,CS,True,usd,0001668010,BBG00S90Q1M3,BBG00S90Q1N2,2025-10-05T06:05:16.272502882Z
DBI,Designer Brands Inc.,stocks,us,XNYS,CS,True,usd,0001319947,BBG000CF8227,BBG001SLWM79,2025-10-05T06:05:16.272502982Z
DBJP,Xtrackers MSCI Japan Hedged Equity ETF,stocks,us,ARCX,ETF,True,usd,0001503123,BBG001QVXFK8,BBG001V1QP15,2025-10-05T06:05:16.272503062Z
DBL,DOUBLELINE OPPORTUNISTIC CREDIT FUND,stocks,us,XNYS,FUND,True,usd,0001525201,BBG001YCYRX0,BBG001YCYSP7,2025-10-05T06:05:16.272503142Z
DBMF,iMGP DBi Managed Futures Strategy ETF,stocks,us,ARCX,ETF,True,usd,0001020425,BBG00P35J7V9,BBG00P35J8L8,2025-10-05T06:05:16.272503223Z
DBND,DoubleLine Opportunistic Core Bond ETF,stocks,us,ARCX,ETF,True,usd,0001886172,BBG016GCZL33,BBG016GCZLY9,2025-10-05T06:05:16.272503313Z
DBO,Invesco DB Oil Fund,stocks,us,ARCX,ETV,True,usd,0001383058,BBG000QNH3T4,BBG001SSDLM0,2025-10-05T06:05:16.272503383Z
DBP,Invesco DB Precious Metals Fund,stocks,us,ARCX,ETV,True,usd,0001383057,BBG000QNJB32,BBG001SSDLP7,2025-10-05T06:05:16.272503463Z
DBRG,"DigitalBridge Group, Inc.",stocks,us,XNYS,CS,True,usd,0001679688,BBG00D30HGP6,BBG00D30HGN8,2025-10-05T06:05:16.272503553Z
DBRGpH,"DigitalBridge Group, Inc. 7.125% Series H Cumulative Redeemable Perpetual Preferred Stock",stocks,us,XNYS,PFD,True,usd,0001679688,,,2025-10-05T06:05:16.272503623Z
DBRGpI,"DigitalBridge Group, Inc. 7.15% Series I Cumulative Redeemable Perpetual Preferred Stock",stocks,us,XNYS,PFD,True,usd,0001679688,,,2025-10-05T06:05:16.272503714Z
DBRGpJ,"DigitalBridge Group, Inc. 7.125% Series J Cumulative Redeemable Perpetual Preferred Stock",stocks,us,XNYS,PFD,True,usd,0001679688,,,2025-10-05T06:05:16.272503794Z
DBVT,DBV Technologies S.A.,stocks,us,XNAS,CS,True,usd,0001613780,BBG0076D3T39,BBG0076D3TV8,2025-10-05T06:05:16.272503874Z
DBX,"Dropbox, Inc. Class A",stocks,us,XNAS,CS,True,usd,0001467623,BBG0018SLDN0,BBG001TFLWN3,2025-10-05T06:05:16.272503964Z
DC,Dakota Gold Corp.,stocks,us,XASE,CS,True,usd,0001852353,BBG0120W17D2,BBG0120W17F0,2025-10-05T06:05:16.272504134Z
DC.WS,"Dakota Gold Corp. Warrants, each warrant exercisable for one Common Share at an exercise price of $2.08",stocks,us,XASE,WARRANT,True,usd,0001852353,BBG01959Q5R5,,2025-10-05T06:05:16.272504816Z
DCBO,Docebo Inc. Common Shares,stocks,us,XNAS,CS,True,usd,0001829959,BBG00QLDXT00,BBG00Q2B1CB5,2025-10-05T06:05:16.272504886Z
DCGO,DocGo Inc. Common Stock,stocks,us,XNAS,CS,True,usd,0001822359,BBG00YB8JBK8,BBG00YB8JBL7,2025-10-05T06:05:16.272505046Z
DCI,"Donaldson Company, Inc.",stocks,us,XNYS,CS,True,usd,0000029644,BBG000BGZP70,BBG001S5QDV4,2025-10-05T06:05:16.272505126Z
DCMT,DoubleLine Commodity Strategy ETF,stocks,us,ARCX,ETF,True,usd,0001886172,BBG01L55T281,BBG01L55T343,2025-10-05T06:05:16.272505216Z
DCO,Ducommun Incorporated,stocks,us,XNYS,CS,True,usd,0000030305,BBG000BH02M0,BBG001S5QDZ0,2025-10-05T06:05:16.272505297Z
DCOM,"Dime Community Bancshares, Inc. Common Stock",stocks,us,XNAS,CS,True,usd,0000846617,BBG000BGD220,BBG001S7NTQ4,2025-10-05T06:05:16.272505377Z
DCOMG,"Dime Community Bancshares, Inc. 9.000% Fixed-to-Floating Rate Subordinated Notes due 2034",stocks,us,XNAS,CS,True,usd,0000846617,,,2025-10-05T06:05:16.272505467Z
DCOMP,"Dime Community Bancshares, Inc. Fixed-Rate Non-Cumulative Perpetual Preferred Stock, Series A",stocks,us,XNAS,PFD,True,usd,0000846617,,,2025-10-05T06:05:16.272505547Z
DCOR,Dimensional US Core Equity 1 ETF,stocks,us,ARCX,ETF,True,usd,0001816125,BBG01J6LT967,BBG01J6LTBL5,2025-10-05T06:05:16.272505637Z
DCRE,DoubleLine Commercial Real Estate ETF,stocks,us,ARCX,ETF,True,usd,0001886172,BBG01G091DL0,BBG01G091FF2,2025-10-05T06:05:16.272505717Z
DCTH,Delcath Systems Inc,stocks,us,XNAS,CS,True,usd,0000872912,BBG000BY2VF5,BBG001S81551,2025-10-05T06:05:16.272505798Z
DD,"DuPont de Nemours, Inc. Common Stock",stocks,us,XNYS,CS,True,usd,0001666700,BBG00BN961G4,BBG00BN961H3,2025-10-05T06:05:16.272505878Z
DDC,DDC Enterprise Limited,stocks,us,XASE,CS,True,usd,0001808110,,,2025-10-05T06:05:16.272505958Z
DDD,3D Systems Corporation,stocks,us,XNYS,CS,True,usd,0000910638,BBG000D42FJ0,BBG001S7FHX1,2025-10-05T06:05:16.272506038Z
DDEC,FT Vest U.S. Equity Deep Buffer ETF - December,stocks,us,BATS,ETF,True,usd,0001667919,BBG00YGC8Q96,BBG00YGC8R49,2025-10-05T06:05:16.272506118Z
DDFL,Innovator Equity Dual Directional 15 Buffer ETF - July,stocks,us,BATS,ETF,True,usd,0001415726,BBG01VS68PH4,BBG01VS68QC7,2025-10-05T06:05:16.272506489Z
DDFO,Innovator Equity Dual Directional 15 Buffer ETF - October,stocks,us,BATS,ETF,True,usd,0001415726,BBG01XK5GPP2,BBG01XK5GR41,2025-10-05T06:05:16.272506649Z
DDFS,Innovator Equity Dual Directional 15 Buffer ETF - September,stocks,us,BATS,ETF,True,usd,0001415726,BBG01WYNQ6J8,BBG01WYNQ7D2,2025-10-05T06:05:16.272506789Z
DDI,"DoubleDown Interactive Co., Ltd. American Depository Shares",stocks,us,XNAS,ADRC,True,usd,0001799567,BBG00V782XX5,BBG00V782YP2,2025-10-05T06:05:16.27250687Z
DDIV,First Trust Exchange-Traded Fund VI First Trust Dorsey Wright Momentum & Dividend ETF,stocks,us,XNAS,ETF,True,usd,0001552740,BBG0063G4D68,BBG0063G4D77,2025-10-05T06:05:16.27250695Z
DDL,Dingdong (Cayman) Limited American Depositary Shares (each two representing three Ordinary Shares),stocks,us,XNYS,ADRC,True,usd,0001854545,BBG011C8VDY5,BBG011C8VG78,2025-10-05T06:05:16.27250703Z
DDLS,WisdomTree Dynamic International SmallCap Equity Fund,stocks,us,BATS,ETF,True,usd,0001350487,BBG00BSYVYD7,BBG00BSYVYC8,2025-10-05T06:05:16.27250712Z
DDM,ProShares Ultra Dow30,stocks,us,ARCX,ETF,True,usd,0001174610,BBG000PNLC01,BBG001SR6HB1,2025-10-05T06:05:16.2725072Z
DDOG,"Datadog, Inc. Class A Common Stock",stocks,us,XNAS,CS,True,usd,0001561550,BBG003NJHZT9,BBG003NJHZW5,2025-10-05T06:05:16.27250728Z
DDS,Dillards Inc.,stocks,us,XNYS,CS,True,usd,0000028917,BBG000BS4MP5,BBG001S5VNW5,2025-10-05T06:05:16.27250736Z
DDT,Dillard's Capital Trust I 7.50% Capital Securities,stocks,us,XNYS,SP,True,usd,0000028917,,,2025-10-05T06:05:16.272507531Z
DDTL,Innovator Equity Dual Directional 10 Buffer ETF - July,stocks,us,BATS,ETF,True,usd,0001415726,BBG01VS63T09,BBG01VS63V04,2025-10-05T06:05:16.272507611Z
DDTO,Innovator Equity Dual Directional 10 Buffer ETF - October,stocks,us,BATS,ETF,True,usd,0001415726,BBG01XK58WD9,BBG01XK58XC8,2025-10-05T06:05:16.272507691Z
DDTS,Innovator Equity Dual Directional 10 Buffer ETF - September,stocks,us,BATS,ETF,True,usd,0001415726,BBG01WYNJG22,BBG01WYNJH20,2025-10-05T06:05:16.272507771Z
DDWM,WisdomTree Dynamic International Equity Fund,stocks,us,BATS,ETF,True,usd,0001350487,BBG00BSZ29K3,BBG00BSZ29J5,2025-10-05T06:05:16.272507851Z
DE,Deere & Company,stocks,us,XNYS,CS,True,usd,0000315189,BBG000BH1NH9,BBG001S5QFF7,2025-10-05T06:05:16.272507932Z
DEA,"Easterly Government Properties, Inc.",stocks,us,XNYS,CS,True,usd,0001622194,BBG007SV91V9,BBG007SV91T2,2025-10-05T06:05:16.272508012Z
DEC,Diversified Energy Company plc,stocks,us,XNYS,CS,True,usd,0001922446,,,2025-10-05T06:05:16.272508092Z
DECK,Deckers Outdoor Corp,stocks,us,XNYS,CS,True,usd,0000910521,BBG000BKXYX5,BBG001S7GXB9,2025-10-05T06:05:16.272508182Z
DECM,FT Vest U.S. Equity Max Buffer ETF - December,stocks,us,BATS,ETF,True,usd,0001667919,BBG01R40MN45,BBG01R40MNZ1,2025-10-05T06:05:16.272508262Z
DECO,SPDR Galaxy Digital Asset Ecosystem ETF,stocks,us,XNAS,ETF,True,usd,0001516212,BBG01PNQ66D6,BBG01PNQ6780,2025-10-05T06:05:16.272508342Z
DECP,PGIM S&P 500 Buffer 12 ETF - December,stocks,us,BATS,ETF,True,usd,,BBG01MQT5TF3,BBG01MQT5WD8,2025-10-05T06:05:16.272508423Z
DECT,AllianzIM U.S. Large Cap Buffer10 Dec ETF,stocks,us,ARCX,ETS,True,usd,0001797318,BBG01BM23J82,BBG01BM23K43,2025-10-05T06:05:16.272508503Z
DECU,AllianzIM U.S. Equity Buffer15 Uncapped Dec ETF,stocks,us,BATS,ETF,True,usd,0001797318,BBG01R0JSJL2,BBG01R0JSKK0,2025-10-05T06:05:16.272508593Z
DECW,AllianzIM U.S. Large Cap Buffer20 Dec ETF,stocks,us,ARCX,ETS,True,usd,0001797318,BBG01BM21FF4,BBG01BM21GB6,2025-10-05T06:05:16.272508673Z
DECZ,TrueShares Structured Outcome (December) ETF,stocks,us,BATS,ETF,True,usd,0001776878,BBG01WJZKHH2,BBG01WJZKJD2,2025-10-05T06:05:16.272508753Z
DEED,First Trust Securitized Plus ETF,stocks,us,ARCX,ETF,True,usd,0001667919,BBG00TDPP142,BBG00TDPP1W1,2025-10-05T06:05:16.272508833Z
DEEF,Xtrackers FTSE Developed ex US Multifactor ETF,stocks,us,ARCX,ETF,True,usd,0001503123,BBG00BFJ9KT2,BBG00BFJ9KV9,2025-10-05T06:05:16.272508913Z
DEEP,Acquirers Small and Micro Deep Value ETF,stocks,us,ARCX,ETF,True,usd,0001539639,BBG0074VLYQ5,BBG0074VLYR4,2025-10-05T06:05:16.272508994Z
DEFI,Hashdex Bitcoin ETF,stocks,us,ARCX,ETV,True,usd,0001985840,BBG01KTWD6D0,BBG01KTWD775,2025-10-05T06:05:16.272509074Z
DEFR,Aptus Deferred Income ETF,stocks,us,BATS,ETF,True,usd,0001539639,BBG01TYXJ2C7,BBG01TYXJ3Y1,2025-10-05T06:05:16.272509154Z
DEFT,"Defi Technologies, Inc.",stocks,us,XNAS,CS,True,usd,0001888274,BBG000CB5WY8,BBG001SC80T0,2025-10-05T06:05:16.272509234Z
DEHP,Dimensional Emerging Markets High Profitability ETF,stocks,us,ARCX,ETF,True,usd,0001816125,BBG017156CY0,BBG017156DS5,2025-10-05T06:05:16.272509444Z
DEI,"Douglas Emmett, Inc.",stocks,us,XNYS,CS,True,usd,0001364250,BBG000PN1SJ8,BBG001SR5X72,2025-10-05T06:05:16.272509525Z
DELL,Dell Technologies Inc.,stocks,us,XNYS,CS,True,usd,0001571996,BBG00DW3SZS1,BBG00DW3SZT0,2025-10-05T06:05:16.272509675Z
DEM,WisdomTree Emerging Markets High Dividend Fund,stocks,us,ARCX,ETF,True,usd,0001350487,BBG000RPWS52,BBG001SV1SY8,2025-10-05T06:05:16.272509755Z
DEMZ,The Advisors' Inner Circle Fund III Democratic Large Cap Core ETF,stocks,us,XNAS,ETF,True,usd,,BBG00Y29K750,BBG00Y29K803,2025-10-05T06:05:16.272509845Z
DENN,DENNY'S CORP,stocks,us,XNAS,CS,True,usd,0000852772,BBG000BC09P3,BBG001S5YGR3,2025-10-05T06:05:16.272509915Z
DEO,Diageo plc,stocks,us,XNYS,ADRC,True,usd,0000835403,BBG000BWZQL7,BBG001S7V596,2025-10-05T06:05:16.272510006Z
DERM,Journey Medical Corporation Common Stock,stocks,us,XNAS,CS,True,usd,0001867066,BBG00ZWVDRK2,BBG00ZWVDRL1,2025-10-05T06:05:16.272510086Z
DES,WisdomTree U.S. SmallCap Dividend Fund,stocks,us,ARCX,ETF,True,usd,0001350487,BBG000BSVCK2,BBG001SHKFX7,2025-10-05T06:05:16.272510166Z
DESK,VanEck Office and Commercial REIT ETF,stocks,us,ARCX,ETF,True,usd,0001137360,BBG01J9TKRL9,BBG01J9TKSG3,2025-10-05T06:05:16.272510246Z
DEUS,Xtrackers Russell US Multifactor ETF,stocks,us,ARCX,ETF,True,usd,0001503123,BBG00BFJ8XC3,BBG00BFJ8XB4,2025-10-05T06:05:16.272510326Z
DEVS,DevvStream Corp. Common Stock,stocks,us,XNAS,CS,True,usd,0001854480,BBG010WX54Z8,BBG010WX5503,2025-10-05T06:05:16.272510406Z
DEW,WisdomTree Global High Dividend Fund,stocks,us,ARCX,ETF,True,usd,0001350487,BBG000BSV1K6,BBG001SHKFW8,2025-10-05T06:05:16.272510486Z
DEXC,Dimensional Emerging Markets ex China Core Equity ETF,stocks,us,ARCX,ETF,True,usd,0001816125,BBG01PK0L9D3,BBG01PK0LBB0,2025-10-05T06:05:16.272510567Z
DFAC,Dimensional U.S. Core Equity 2 ETF,stocks,us,ARCX,ETF,True,usd,0001816125,BBG011DXY5J0,BBG011DXY6D4,2025-10-05T06:05:16.272510737Z
DFAE,Dimensional Emerging Core Equity Market ETF,stocks,us,ARCX,ETF,True,usd,0001816125,BBG00Y2PHV55,BBG00Y2PHW26,2025-10-05T06:05:16.272510917Z
DFAI,Dimensional International Core Equity Market ETF,stocks,us,ARCX,ETF,True,usd,0001816125,BBG00Y2PGCR4,BBG00Y2PGDN6,2025-10-05T06:05:16.272510997Z
DFAR,Dimensional US Real Estate ETF,stocks,us,ARCX,ETF,True,usd,0001816125,BBG015GTL5V7,BBG015GTL6R0,2025-10-05T06:05:16.272511078Z
DFAS,Dimensional U.S. Small Cap ETF,stocks,us,ARCX,ETF,True,usd,0001816125,BBG011DXXTS9,BBG011DXXVM0,2025-10-05T06:05:16.272511158Z
DFAT,Dimensional U.S. Targeted Value ETF,stocks,us,ARCX,ETF,True,usd,0001816125,BBG011DXXZC2,BBG011DXY0L8,2025-10-05T06:05:16.272511238Z
DFAU,Dimensional US Core Equity Market ETF,stocks,us,ARCX,ETF,True,usd,0001816125,BBG00Y2JFZG0,BBG00Y2JG0C0,2025-10-05T06:05:16.272511318Z
DFAW,Dimensional World Equity ETF,stocks,us,ARCX,ETF,True,usd,0001816125,BBG01J9W23X2,BBG01J9W24S6,2025-10-05T06:05:16.272511398Z
DFAX,Dimensional World ex U.S. Core Equity 2 ETF,stocks,us,ARCX,ETF,True,usd,0001816125,BBG012G2PC71,BBG012G2PD33,2025-10-05T06:05:16.272511488Z
DFCA,Dimensional California Municipal Bond ETF,stocks,us,ARCX,ETF,True,usd,0001816125,BBG01H4ZQZ30,BBG01H4ZQZZ5,2025-10-05T06:05:16.272511629Z
DFCF,Dimensional Core Fixed Income ETF,stocks,us,ARCX,ETF,True,usd,0001816125,BBG01254CK66,BBG01254CL28,2025-10-05T06:05:16.272511729Z
DFDV,DeFi Development Corp. Common Stock,stocks,us,XNAS,CS,True,usd,0001805526,BBG01B2HGF49,BBG01B2HGG01,2025-10-05T06:05:16.272511809Z
DFE,WisdomTree Europe SmallCap Dividend Fund,stocks,us,ARCX,ETF,True,usd,0001350487,BBG000BT0PS7,BBG001SHL425,2025-10-05T06:05:16.272511889Z
DFEB,FT Vest U.S. Equity Deep Buffer ETF - February,stocks,us,BATS,ETF,True,usd,0001667919,BBG00RPLC422,BBG00RPLC4T3,2025-10-05T06:05:16.272511969Z
DFEM,Dimensional Emerging Markets Core Equity 2 ETF,stocks,us,ARCX,ETF,True,usd,0001816125,BBG017159LH6,BBG017159MD8,2025-10-05T06:05:16.272512069Z
DFEN,Direxion Daily Aerospace & Defense Bull 3X Shares,stocks,us,ARCX,ETF,True,usd,0001424958,BBG00GM464T5,BBG00GM465J3,2025-10-05T06:05:16.27251216Z
DFEV,Dimensional Emerging Markets Value ETF,stocks,us,ARCX,ETF,True,usd,0001816125,BBG017158FN3,BBG017158GJ6,2025-10-05T06:05:16.27251225Z
DFGP,Dimensional Global Core Plus Fixed Income ETF,stocks,us,XNAS,ETF,True,usd,0001816125,BBG01JXC17H9,BBG01JXC18B3,2025-10-05T06:05:16.27251233Z
DFGR,Dimensional Global Real Estate ETF,stocks,us,ARCX,ETF,True,usd,0001816125,BBG01BN60N59,BBG01BN60P09,2025-10-05T06:05:16.27251252Z
DFGX,Dimensional Global ex US Core Fixed Income ETF,stocks,us,XNAS,ETF,True,usd,0001816125,BBG01JY7QVD3,BBG01JY7QW78,2025-10-05T06:05:16.2725126Z
DFH,"Dream Finders Homes, Inc.",stocks,us,XNYS,CS,True,usd,0001825088,BBG00YN8LKP7,BBG00YN8LKQ6,2025-10-05T06:05:16.272512691Z
DFIC,Dimensional International Core Equity 2 ETF,stocks,us,BATS,ETF,True,usd,0001816125,BBG01631TMJ9,BBG01631TNW2,2025-10-05T06:05:16.272512771Z
DFII,FT Vest Bitcoin Strategy & Target Income ETF,stocks,us,ARCX,ETF,True,usd,0001329377,BBG01T3ZD0F3,BBG01T3ZD198,2025-10-05T06:05:16.272512851Z
DFIN,"Donnelley Financial Solutions, Inc.",stocks,us,XNYS,CS,True,usd,0001669811,BBG009R0CT58,BBG009R0CT67,2025-10-05T06:05:16.272512931Z
DFIP,Dimensional Inflation-Protected Securities ETF,stocks,us,ARCX,ETF,True,usd,0001816125,BBG01254JZL9,BBG01254K0G0,2025-10-05T06:05:16.272513011Z
DFIS,Dimensional International Small Cap ETF,stocks,us,BATS,ETF,True,usd,0001816125,BBG01633DTZ9,BBG01633DW64,2025-10-05T06:05:16.272513091Z
DFIV,Dimensional International Value ETF,stocks,us,ARCX,ETF,True,usd,0001816125,BBG012G21X53,BBG012G21Y06,2025-10-05T06:05:16.272513182Z
DFJ,WisdomTree Japan SmallCap Dividend Fund,stocks,us,ARCX,ETF,True,usd,0001350487,BBG000BT2803,BBG001SHL7C7,2025-10-05T06:05:16.272513392Z
DFLI,Dragonfly Energy Holdings Corp. Common Stock (NV),stocks,us,XNAS,CS,True,usd,0001847986,BBG00ZMZ47B8,BBG00ZMZ4862,2025-10-05T06:05:16.272513572Z
DFLIW,Dragonfly Energy Holdings Corp. Warrant,stocks,us,XNAS,WARRANT,True,usd,0001847986,BBG00ZRZRFZ4,,2025-10-05T06:05:16.272513652Z
DFLV,Dimensional US Large Cap Value ETF,stocks,us,ARCX,ETF,True,usd,0001816125,BBG01BN5Z0F2,BBG01BN5Z188,2025-10-05T06:05:16.272513733Z
DFND,Siren DIVCON Dividend Defender ETF,stocks,us,BATS,ETF,True,usd,,BBG00BT79C75,BBG00BT79C84,2025-10-05T06:05:16.272513813Z
DFNL,Davis Select Financial ETF,stocks,us,BATS,ETF,True,usd,,BBG00FNFQS25,BBG00FNFQST6,2025-10-05T06:05:16.272513893Z
DFNM,Dimensional National Municipal Bond ETF,stocks,us,ARCX,ETF,True,usd,0001816125,BBG012558M00,BBG012558MV6,2025-10-05T06:05:16.272513973Z
DFP,FLAHERTY & CRUMRINE DYNAMIC PREFERRED AND INCOME FUND INCORPORATED,stocks,us,XNYS,FUND,True,usd,0001559991,BBG004M1VY05,BBG004M1VZ20,2025-10-05T06:05:16.272514224Z
DFSB,Dimensional Global Sustainability Fixed Income ETF,stocks,us,ARCX,ETF,True,usd,0001816125,BBG01BGVFZ40,BBG01BGVG000,2025-10-05T06:05:16.272514314Z
DFSC,DEFSEC Technologies Inc. Common Stock,stocks,us,XNAS,CS,True,usd,0001889823,BBG00Y2J0X44,BBG00K56JPN5,2025-10-05T06:05:16.272514444Z
DFSCW,DEFSEC Technologies Inc. Warrant,stocks,us,XNAS,WARRANT,True,usd,0001889823,BBG01BTSQR85,,2025-10-05T06:05:16.272514524Z
DFSD,Dimensional Short-Duration Fixed Income ETF,stocks,us,ARCX,ETF,True,usd,0001816125,BBG01254JD10,BBG01254JDW6,2025-10-05T06:05:16.272514604Z
DFSE,Dimensional Emerging Markets Sustainability Core 1 ETF,stocks,us,ARCX,ETF,True,usd,0001816125,BBG01B92W6X5,BBG01B92W7S9,2025-10-05T06:05:16.272514684Z
DFSI,Dimensional International Sustainability Core 1 ETF,stocks,us,ARCX,ETF,True,usd,0001816125,BBG01B92VSY7,BBG01B92VTS2,2025-10-05T06:05:16.272514765Z
DFSU,Dimensional US Sustainability Core 1 ETF,stocks,us,ARCX,ETF,True,usd,0001816125,BBG01B92NGR0,BBG01B92NHL4,2025-10-05T06:05:16.272514845Z
DFSV,Dimensional US Small Cap Value ETF,stocks,us,ARCX,ETF,True,usd,0001816125,BBG015DG3DM1,BBG015DG3GG1,2025-10-05T06:05:16.272514925Z
DFUS,Dimensional U.S. Equity Market ETF,stocks,us,ARCX,ETF,True,usd,0001816125,BBG011DXXMP7,BBG011DXXNJ2,2025-10-05T06:05:16.272515025Z
DFUV,Dimensional US Marketwide Value ETF,stocks,us,ARCX,ETF,True,usd,0001816125,BBG0177CTPJ2,BBG0177CTQC7,2025-10-05T06:05:16.272515105Z
DFVE,DoubleLine Fortune 500 Equal Weight ETF,stocks,us,ARCX,ETF,True,usd,0001886172,BBG01L55HZK7,BBG01L55J0F8,2025-10-05T06:05:16.272515185Z
DFVX,Dimensional US Large Cap Vector ETF,stocks,us,ARCX,ETF,True,usd,0001816125,BBG01JXBYNY1,BBG01JXBYPV9,2025-10-05T06:05:16.272515296Z
DG,Dollar General Corp.,stocks,us,XNYS,CS,True,usd,0000029534,BBG000NV1KK7,BBG001T5BM30,2025-10-05T06:05:16.272515376Z
DGCB,Dimensional Global Credit ETF,stocks,us,XNAS,ETF,True,usd,0001816125,BBG01JX91HJ2,BBG01JX91JD4,2025-10-05T06:05:16.272515456Z
DGICA,Donegal Group Inc,stocks,us,XNAS,CS,True,usd,0000800457,BBG000JQJC22,BBG001SHRMC8,2025-10-05T06:05:16.272515536Z
DGICB,Donegal Group Inc,stocks,us,XNAS,CS,True,usd,0000800457,BBG000JQLYJ3,BBG001SD41P4,2025-10-05T06:05:16.272515616Z
DGII,Digi International Inc,stocks,us,XNAS,CS,True,usd,0000854775,BBG000BZ50L0,BBG001S5Z4V4,2025-10-05T06:05:16.272515696Z
DGIN,VanEck Digital India ETF,stocks,us,ARCX,ETF,True,usd,0001137360,BBG015C8SN50,BBG015C8SP46,2025-10-05T06:05:16.272515787Z
DGLO,First Trust RBA Deglobalization ETF,stocks,us,XNAS,ETF,True,usd,0001552740,BBG01WHYNN18,BBG01WHYNNY2,2025-10-05T06:05:16.272515867Z
DGLY,"Digital Ally, Inc. Common Stock",stocks,us,XNAS,CS,True,usd,0001342958,BBG019CJKQJ4,BBG019CJKQK2,2025-10-05T06:05:16.272515947Z
DGNX,Diginex Limited Ordinary Shares,stocks,us,XNAS,CS,True,usd,0002010499,,,2025-10-05T06:05:16.272516027Z
DGP,"DB Gold Double Long ETN due February 15, 2038",stocks,us,ARCX,ETN,True,usd,0001159508,BBG000BB2G86,BBG001S5R9N1,2025-10-05T06:05:16.272516107Z
DGRE,WisdomTree Trust WisdomTree Emerging Markets Quality Dividend Growth Fund,stocks,us,XNAS,ETF,True,usd,0001350487,BBG004X8X0L7,BBG004X8X0K8,2025-10-05T06:05:16.272516187Z
DGRO,iShares Core Dividend Growth ETF,stocks,us,ARCX,ETF,True,usd,0001100663,BBG006MJFZJ6,BBG006MJFZK4,2025-10-05T06:05:16.272516267Z
DGRS,WisdomTree Trust WisdomTree U.S. SmallCap Quality Dividend Growth Fund,stocks,us,XNAS,ETF,True,usd,0001350487,BBG004WG0DR2,BBG004WG0DQ3,2025-10-05T06:05:16.272516348Z
DGRW,WisdomTree Trust WisdomTree U.S. Quality Dividend Growth Fund,stocks,us,XNAS,ETF,True,usd,0001350487,BBG004LMH377,BBG004LMH3Z6,2025-10-05T06:05:16.272516428Z
DGS,WisdomTree Emerging Markets SmallCap Dividend Fund,stocks,us,ARCX,ETF,True,usd,0001021249,BBG000Q3FFR5,BBG001SRPT24,2025-10-05T06:05:16.272516508Z
DGT,SPDR Global Dow ETF (based on The Global Dow),stocks,us,ARCX,ETF,True,usd,0001064642,BBG000C9KLL4,BBG001SG4257,2025-10-05T06:05:16.272516598Z
DGX,Quest Diagnostics Inc.,stocks,us,XNYS,CS,True,usd,0001022079,BBG000BN84F3,BBG001S9GX43,2025-10-05T06:05:16.272516678Z
DGXX,Digi Power X Inc. Subordinate Voting Shares,stocks,us,XNAS,CS,True,usd,0001854368,BBG00JKZGTM3,BBG00JHWN5W7,2025-10-05T06:05:16.272516758Z
DGZ,"DB Gold Short ETN due February 15, 2038",stocks,us,ARCX,ETN,True,usd,0001159508,BBG000BW0YK9,BBG001SJ3M58,2025-10-05T06:05:16.272516839Z
DH,Definitive Healthcare Corp. Class A Common Stock,stocks,us,XNAS,CS,True,usd,0001861795,BBG01282ZJM7,BBG01282ZKG1,2025-10-05T06:05:16.272516929Z
DHAI,"DIH Holdings US, Inc. Class A Common Stock",stocks,us,XNAS,CS,True,usd,0001883788,BBG0165YKYM4,BBG0165YKZJ5,2025-10-05T06:05:16.272517009Z
DHAIW,"DIH Holding US, Inc. Warrants",stocks,us,XNAS,WARRANT,True,usd,0001883788,BBG0165YTH79,,2025-10-05T06:05:16.272517089Z
DHC,Diversified Healthcare Trust Common Shares of Beneficial Interest,stocks,us,XNAS,FUND,True,usd,0001075415,BBG000BM2GS0,BBG001S8MCB6,2025-10-05T06:05:16.272517169Z
DHCNI,Diversified Healthcare Trust 5.625% Senior Notes due 2042,stocks,us,XNAS,CS,True,usd,0001075415,,,2025-10-05T06:05:16.272517249Z
DHCNL,Diversified Healthcare Trust 6.25% Senior Notes Due 2046,stocks,us,XNAS,CS,True,usd,0001075415,,,2025-10-05T06:05:16.27251734Z
DHDG,FT Vest U.S. Equity Quarterly 2.5 to 15 Buffer ETF,stocks,us,BATS,ETF,True,usd,0001667919,BBG01QDDS873,BBG01QDDS926,2025-10-05T06:05:16.27251744Z
DHF,BNY Mellon High Yield Strategies Fund,stocks,us,XNYS,FUND,True,usd,0001057861,BBG000C2LBM9,BBG001SBTYG9,2025-10-05T06:05:16.27251752Z
DHI,D.R. Horton Inc.,stocks,us,XNYS,CS,True,usd,0000882184,BBG000DQTXY6,BBG001S8M692,2025-10-05T06:05:16.2725176Z
DHIL,Diamond Hill Investment Group,stocks,us,XNAS,CS,True,usd,0000909108,BBG000K7DJG8,BBG001SCH7V2,2025-10-05T06:05:16.27251768Z
DHLX,Diamond Hill Large Cap Concentrated ETF,stocks,us,ARCX,ETF,True,usd,,BBG01XHH7155,BBG01XHH72M4,2025-10-05T06:05:16.27251776Z
DHR,Danaher Corporation,stocks,us,XNYS,CS,True,usd,0000313616,BBG000BH3JF8,BBG001S5QGT0,2025-10-05T06:05:16.27251784Z
DHS,WisdomTree U.S. High Dividend Fund,stocks,us,ARCX,ETF,True,usd,0001350487,BBG000BSXYW9,BBG001SHKNX0,2025-10-05T06:05:16.272517921Z
DHSB,Day Hagan Smart Buffer ETF,stocks,us,ARCX,ETF,True,usd,,BBG01S8HTYJ5,BBG01S8HTZH4,2025-10-05T06:05:16.272518001Z
DHT,"DHT HOLDINGS, INC.",stocks,us,XNYS,CS,True,usd,0001331284,,,2025-10-05T06:05:16.272518111Z
DHX,"DHI Group, Inc.",stocks,us,XNYS,CS,True,usd,0001393883,BBG000Q9Y1B9,BBG001SRZL39,2025-10-05T06:05:16.272518201Z
DHY,Credit Suisse High Yield Credit Fund,stocks,us,XASE,FUND,True,usd,0001061353,BBG000BBY5P6,BBG001S5Y2J3,2025-10-05T06:05:16.272518281Z
DIA,SPDR Dow Jones Industrial Average ETF Trust,stocks,us,ARCX,ETF,True,usd,0001041130,BBG000BTDS98,BBG001S8LH99,2025-10-05T06:05:16.272518371Z
DIAL,Columbia Diversified Fixed Income Allocation ETF,stocks,us,ARCX,ETF,True,usd,0001551950,BBG00HY5VRN4,BBG00HY5VSC4,2025-10-05T06:05:16.272518452Z
DIAX,NUVEEN DOW 30SM DYNAMIC OVERWRITE FUND,stocks,us,XNYS,FUND,True,usd,0001608742,BBG007PPRJ91,BBG007PPRJB8,2025-10-05T06:05:16.272518532Z
DIBS,"1stdibs.com, Inc. Common Stock",stocks,us,XNAS,CS,True,usd,0001600641,BBG00331G2M1,BBG00331G2N0,2025-10-05T06:05:16.272518612Z
DIEM,Franklin Emerging Market Core Dividend Tilt Index ETF,stocks,us,ARCX,ETF,True,usd,0001655589,BBG00D0YKT46,BBG00D0YKT55,2025-10-05T06:05:16.272518692Z
DIG,ProShares Ultra Energy,stocks,us,ARCX,ETF,True,usd,0001174610,BBG000QXFNY4,BBG001SSTCM3,2025-10-05T06:05:16.272518772Z
DIHP,Dimensional International High Profitability ETF,stocks,us,BATS,ETF,True,usd,0001816125,BBG01636J249,BBG01636J356,2025-10-05T06:05:16.272518852Z
DIM,WisdomTree International MidCap Dividend Fund,stocks,us,ARCX,ETF,True,usd,0001350487,BBG000BT3Z93,BBG001SHL8G1,2025-10-05T06:05:16.272518933Z
DIN,"Dine Brands Global, Inc.",stocks,us,XNYS,CS,True,usd,0000049754,BBG000GZ9406,BBG001SD46L7,2025-10-05T06:05:16.272519093Z
DINO,HF Sinclair Corporation,stocks,us,XNYS,CS,True,usd,0001915657,BBG0135B2214,BBG0135B2269,2025-10-05T06:05:16.272519173Z
DINT,Davis Select International ETF,stocks,us,BATS,ETF,True,usd,,BBG00K6R6182,BBG00K6R6208,2025-10-05T06:05:16.272519253Z
DIOD,Diodes Inc,stocks,us,XNAS,CS,True,usd,0000029002,BBG000G25P51,BBG001SCJ937,2025-10-05T06:05:16.272519333Z
DIPS,YieldMax Short NVDA Option Income Strategy ETF,stocks,us,ARCX,ETS,True,usd,0001924868,BBG01NSHTH65,BBG01NSHTJN2,2025-10-05T06:05:16.272519413Z
DIS,The Walt Disney Company,stocks,us,XNYS,CS,True,usd,0001744489,BBG000BH4R78,BBG001S5QHF3,2025-10-05T06:05:16.272519494Z
DISO,YieldMax DIS Option Income Strategy ETF,stocks,us,ARCX,ETS,True,usd,,BBG01J328JY2,BBG01J328KT5,2025-10-05T06:05:16.272519574Z
DISV,Dimensional International Small Cap Value ETF,stocks,us,BATS,ETF,True,usd,0001816125,BBG01633Y1G8,BBG01633Y2Y6,2025-10-05T06:05:16.272519724Z
DIT,AMCON Distributing Co.,stocks,us,XASE,CS,True,usd,0000928465,BBG000JWS4F3,BBG001S65KK1,2025-10-05T06:05:16.272519814Z
DIV,Global X SuperDividend U.S. ETF,stocks,us,ARCX,ETF,True,usd,0001432353,BBG00475RFB7,BBG00475RG25,2025-10-05T06:05:16.272519894Z
DIVB,iShares Core Dividend ETF,stocks,us,BATS,ETF,True,usd,0002012383,BBG00J5M0FL7,BBG00J5M0G99,2025-10-05T06:05:16.272519975Z
DIVD,Altrius Global Dividend ETF,stocks,us,XNAS,ETF,True,usd,,BBG019RXTK83,BBG019RXTL36,2025-10-05T06:05:16.272520055Z
DIVE,Dana Concentrated Dividend ETF,stocks,us,ARCX,ETF,True,usd,,BBG01X069752,BBG01X069841,2025-10-05T06:05:16.272520135Z
DIVG,Invesco S&P 500 High Dividend Growers ETF,stocks,us,ARCX,ETF,True,usd,0000914208,BBG01K8BWH99,BBG01K8BWJD0,2025-10-05T06:05:16.272520315Z
DIVI,Franklin International Core Dividend Tilt Index ETF,stocks,us,ARCX,ETF,True,usd,0001655589,BBG00D0YL0Z4,BBG00D0YL0Y5,2025-10-05T06:05:16.272520395Z
DIVL,Madison Dividend Value ETF,stocks,us,ARCX,ETF,True,usd,,BBG01HWNYJX0,BBG01HWNYKS3,2025-10-05T06:05:16.272520476Z
DIVN,Horizon Dividend Income ETF,stocks,us,BATS,ETF,True,usd,,BBG01VR38YF5,BBG01VR38ZF2,2025-10-05T06:05:16.272520556Z
DIVO,Amplify CWP Enhanced Dividend Income ETF,stocks,us,ARCX,ETF,True,usd,0001633061,BBG00FJ5P7F5,BBG00FJ5P854,2025-10-05T06:05:16.272520636Z
DIVP,Cullen Enhanced Equity Income ETF,stocks,us,ARCX,ETF,True,usd,,BBG01LTKFCF7,BBG01LTKFD92,2025-10-05T06:05:16.272520716Z
DIVS,SmartETFs Dividend Builder ETF,stocks,us,ARCX,ETF,True,usd,,BBG00ZV186P6,BBG00ZV187J1,2025-10-05T06:05:16.272520786Z
DIVY,Sound Equity Dividend Income ETF,stocks,us,XNYS,ETF,True,usd,0001387131,BBG00YQ1FQM6,BBG00YQ1FRG1,2025-10-05T06:05:16.272520876Z
DIVZ,Opal Dividend Income ETF,stocks,us,ARCX,ETF,True,usd,0001776878,BBG01VJK4JJ9,BBG01VJK4KF0,2025-10-05T06:05:16.272520956Z
DJAN,FT Vest U.S. Equity Deep Buffer ETF - January,stocks,us,BATS,ETF,True,usd,0001667919,BBG00YXMQFV4,BBG00YXMQGQ8,2025-10-05T06:05:16.272521037Z
DJCO,Daily Journal Corp,stocks,us,XNAS,CS,True,usd,0000783412,BBG000BH5KW4,BBG001S5QHM5,2025-10-05T06:05:16.272521107Z
DJD,Invesco Dow Jones Industrial Average Dividend ETF,stocks,us,ARCX,ETF,True,usd,0001547580,BBG00KJR1MN0,BBG00KJR1NC0,2025-10-05T06:05:16.272521187Z
DJIA,Global X Dow 30 Covered Call ETF,stocks,us,ARCX,ETF,True,usd,,BBG015GTQ3H3,BBG015GTQ4F3,2025-10-05T06:05:16.272521307Z
DJP,"iPath Bloomberg Commodity Index Total Return ETN due June 12, 2036",stocks,us,ARCX,ETN,True,usd,0000312070,BBG000JL50K4,BBG001SPJ625,2025-10-05T06:05:16.272521387Z
DJT,Trump Media & Technology Group Corp. Common Stock,stocks,us,XNAS,CS,True,usd,0001849635,BBG011744HH0,BBG011744HJ8,2025-10-05T06:05:16.272521467Z
DJTU,T-REX 2X Long DJT Daily Target ETF,stocks,us,BATS,ETF,True,usd,,BBG01SGN9CP6,BBG01SGN9DJ1,2025-10-05T06:05:16.272521548Z
DJTWW,Trump Media & Technology Group Corp. Warrants,stocks,us,XNAS,WARRANT,True,usd,0001849635,BBG012QXT9G5,,2025-10-05T06:05:16.272521638Z
DJUL,FT Vest U.S. Equity Deep Buffer ETF - July,stocks,us,BATS,ETF,True,usd,0001667919,BBG00W286164,BBG00W2861Z2,2025-10-05T06:05:16.272521718Z
DJUN,FT Vest U.S. Equity Deep Buffer ETF - June,stocks,us,BATS,ETF,True,usd,0001667919,BBG00VC9SS24,BBG00VC9SSV2,2025-10-05T06:05:16.272521798Z
DK,"Delek US Holdings, Inc.",stocks,us,XNYS,CS,True,usd,0001694426,BBG00FZYFVC5,BBG00FZYFVD4,2025-10-05T06:05:16.272521878Z
DKI,DarkIris Inc. Class A Ordinary Shares,stocks,us,XNAS,CS,True,usd,0002058584,,,2025-10-05T06:05:16.272521958Z
DKL,"DELEK LOGISTICS PARTNERS, LP",stocks,us,XNYS,CS,True,usd,0001552797,BBG0036D62Z9,BBG0036D6305,2025-10-05T06:05:16.272522049Z
DKNG,DraftKings Inc. Class A Common Stock,stocks,us,XNAS,CS,True,usd,0001883685,BBG0134WCM78,BBG0134WCMB3,2025-10-05T06:05:16.272522289Z
DKNX,Defiance Daily Target 2X Long DKNG ETF,stocks,us,XNAS,ETF,True,usd,,BBG01WCRHD71,BBG01WCRHF49,2025-10-05T06:05:16.272522369Z
DKS,"Dick's Sporting Goods, Inc.",stocks,us,XNYS,CS,True,usd,0001089063,BBG000F6ZWH2,BBG001SK2651,2025-10-05T06:05:16.272522449Z
DKUP,T-REX 2X Long DKNG Daily Target ETF,stocks,us,BATS,ETF,True,usd,,BBG01WC0NKW9,BBG01WC0NMQ2,2025-10-05T06:05:16.272522529Z
DLAG,FT Vest U.S. Equity Dual Directional Buffer ETF - August,stocks,us,BATS,ETF,True,usd,0001667919,BBG01XBSY460,BBG01XBSY5M9,2025-10-05T06:05:16.27252277Z
DLB,"Dolby Laboratories, Inc.Class A",stocks,us,XNYS,CS,True,usd,0001308547,BBG000DGLTG5,BBG001SDXGH8,2025-10-05T06:05:16.27252287Z
DLHC,DLH Holdings Corp.,stocks,us,XNAS,CS,True,usd,0000785557,BBG000G19HR3,BBG001S91ZT7,2025-10-05T06:05:16.27252299Z
DLLL,GraniteShares 2x Long DELL Daily ETF,stocks,us,XNAS,ETF,True,usd,0001689873,BBG01S3KR2Q7,BBG01S3KR3L0,2025-10-05T06:05:16.27252307Z
DLN,WisdomTree U.S. LargeCap Dividend Fund,stocks,us,ARCX,ETF,True,usd,0001350487,BBG000BT3296,BBG001SHL7K8,2025-10-05T06:05:16.272523161Z
DLNG,DYNAGAS LNG PARNERS LP,stocks,us,XNYS,CS,True,usd,0001578453,,,2025-10-05T06:05:16.272523461Z
DLNGpA,"Dynagas LNG Partners LP 9.00% Series A Cumulative Redeemable Preferred Units, liquidation preference $25.00 per Unit",stocks,us,XNYS,PFD,True,usd,0001578453,,,2025-10-05T06:05:16.272523541Z
DLO,DLocal Limited Class A Common Shares,stocks,us,XNAS,CS,True,usd,0001846832,,,2025-10-05T06:05:16.272523622Z
DLPN,"Dolphin Entertainment, Inc.",stocks,us,XNAS,CS,True,usd,0001282224,BBG000H4XLP2,BBG001SP3MC6,2025-10-05T06:05:16.272523702Z
DLR,"Digital Realty Trust, Inc.",stocks,us,XNYS,CS,True,usd,0001297996,BBG000Q5ZRM7,BBG001SM0K30,2025-10-05T06:05:16.272523782Z
DLRpJ,"Digital Realty Trust, Inc. 5.250% Series J Cumulative Redeemable Preferred Stock",stocks,us,XNYS,PFD,True,usd,0001297996,,,2025-10-05T06:05:16.272523862Z
DLRpK,"Digital Realty Trust, Inc. 5.850% Series K Cumulative Redeemable Preferred Stock, par value $0.01 per share",stocks,us,XNYS,PFD,True,usd,0001297996,,,2025-10-05T06:05:16.272523942Z
DLRpL,"Digital Realty Trust, Inc. 5.200% Series L Cumulative Redeemable Preferred Stock",stocks,us,XNYS,PFD,True,usd,0001297996,,,2025-10-05T06:05:16.272524022Z
DLS,WisdomTree International SmallCap Dividend Fund,stocks,us,ARCX,ETF,True,usd,0001350487,BBG000BT4N71,BBG001SHLB38,2025-10-05T06:05:16.272524102Z
DLTH,Duluth Holdings Inc. Class B Common Stock,stocks,us,XNAS,CS,True,usd,0001649744,BBG002GBMZG4,BBG002GBMZH3,2025-10-05T06:05:16.272524183Z
DLTR,Dollar Tree Inc.,stocks,us,XNAS,CS,True,usd,0000935703,BBG000BSC0K9,BBG001S6ZGL6,2025-10-05T06:05:16.272524263Z
DLX,Deluxe Corporation,stocks,us,XNYS,CS,True,usd,0000027996,BBG000BH6360,BBG001S5QJ69,2025-10-05T06:05:16.272524463Z
DLXY,Delixy Holdings Limited Ordinary Shares,stocks,us,XNAS,CS,True,usd,0002025218,,,2025-10-05T06:05:16.272524573Z
DLY,DoubleLine Yield Opportunities Fund,stocks,us,XNYS,FUND,True,usd,0001788399,BBG00R4C15K4,BBG00R4C16B2,2025-10-05T06:05:16.272524664Z
DMA,Destra Multi-Alternative Fund,stocks,us,XNYS,FUND,True,usd,0001523289,BBG014JD5CC6,BBG014JD5D61,2025-10-05T06:05:16.272524744Z
DMAA,Drugs Made In America Acquisition Corp. Ordinary Shares,stocks,us,XNAS,CS,True,usd,0002028614,,,2025-10-05T06:05:16.272524824Z
DMAAR,Drugs Made In America Acquisition Corp. Rights,stocks,us,XNAS,RIGHT,True,usd,0002028614,,,2025-10-05T06:05:16.272524904Z
DMAAU,Drugs Made In America Acquisition Corp. Units,stocks,us,XNAS,UNIT,True,usd,0002028614,,,2025-10-05T06:05:16.272524984Z
DMAC,DiaMedica Therapeutics Inc. Common Stock,stocks,us,XNAS,CS,True,usd,0001401040,BBG000LP4YD7,BBG001SQ3K65,2025-10-05T06:05:16.272525245Z
DMAR,FT Vest U.S. Equity Deep Buffer ETF - March,stocks,us,BATS,ETF,True,usd,0001667919,BBG00ZR07MH8,BBG00ZR07NB2,2025-10-05T06:05:16.272525325Z
DMAT,Global X Disruptive Materials ETF,stocks,us,XNAS,ETF,True,usd,,BBG014MY9494,BBG014MY95C7,2025-10-05T06:05:16.272525405Z
DMAX,iShares Large Cap Max Buffer Dec ETF,stocks,us,BATS,ETF,True,usd,0001100663,BBG01RJXQC47,BBG01RJXQD09,2025-10-05T06:05:16.272525485Z
DMAY,FT Vest U.S. Equity Deep Buffer ETF - May,stocks,us,BATS,ETF,True,usd,0001667919,BBG00TSG26C1,BBG00TSG2748,2025-10-05T06:05:16.272525565Z
DMB,"BNY Mellon Municipal Bond Infrastructure Fund, Inc.",stocks,us,XNYS,FUND,True,usd,0001565381,BBG004H65XS1,BBG004H65YJ9,2025-10-05T06:05:16.272525645Z
DMBS,DoubleLine Mortgage ETF,stocks,us,ARCX,ETF,True,usd,0001886172,BBG01G091LD1,BBG01G091M76,2025-10-05T06:05:16.272525726Z
DMCY,Democracy International Fund,stocks,us,ARCX,ETF,True,usd,,BBG00ZVNNVW8,BBG00ZVNNWQ3,2025-10-05T06:05:16.272525806Z
DMIIU,Drugs Made In America Acquisition II Corp. Unit,stocks,us,XNAS,UNIT,True,usd,0002040475,,,2025-10-05T06:05:16.272525886Z
DMLP,Dorchester Minerals LP,stocks,us,XNAS,CS,True,usd,0001172358,BBG000PNZ5G4,BBG001SLKJK4,2025-10-05T06:05:16.272526216Z
DMO,Western Asset Mortgage Opportunity Fund Inc.,stocks,us,XNYS,FUND,True,usd,0001478102,BBG000D912M5,BBG001T0VQ03,2025-10-05T06:05:16.272526297Z
DMRC,Digimarc Corporation,stocks,us,XNAS,CS,True,usd,0001438231,BBG000G9F1Z5,BBG001T2W3C6,2025-10-05T06:05:16.272526377Z
DMX,DoubleLine Multi-Sector Income ETF,stocks,us,ARCX,ETF,True,usd,0001886172,BBG01R020655,BBG01R020726,2025-10-05T06:05:16.272526457Z
DMXF,iShares ESG Advanced MSCI EAFE ETF,stocks,us,XNAS,ETF,True,usd,0001100663,BBG00VHK1H09,BBG00VHK1HS9,2025-10-05T06:05:16.272526537Z
DNA,"Ginkgo Bioworks Holdings, Inc.",stocks,us,XNYS,CS,True,usd,0001830214,BBG00YPS1KY3,BBG00YPS1LT7,2025-10-05T06:05:16.272526617Z
DNL,WisdomTree Global ex-US Quality Dividend Growth Fund,stocks,us,ARCX,ETF,True,usd,0001350487,BBG000BT1X72,BBG001SHL791,2025-10-05T06:05:16.272526697Z
DNLI,Denali Therapeutics Inc. Common Stock,stocks,us,XNAS,CS,True,usd,0001714899,BBG008P7F869,BBG008P7F878,2025-10-05T06:05:16.272526778Z
DNN,Denison Mines Corp,stocks,us,XASE,CS,True,usd,0001063259,BBG000CX6DQ0,BBG001S9ZPX7,2025-10-05T06:05:16.272526868Z
DNOV,FT Vest U.S. Equity Deep Buffer ETF - November,stocks,us,BATS,ETF,True,usd,0001667919,BBG00QQFKQP3,BBG00QQFKRG1,2025-10-05T06:05:16.272527058Z
DNOW,DNOW Inc.,stocks,us,XNYS,CS,True,usd,0001599617,BBG005BLN209,BBG005BLN1Z3,2025-10-05T06:05:16.272527148Z
DNP,DNP Select Income Fund Inc.,stocks,us,XNYS,FUND,True,usd,0000806628,BBG000BH8RD7,BBG001S5QKC9,2025-10-05T06:05:16.272527228Z
DNTH,"Dianthus Therapeutics, Inc. Common Stock",stocks,us,XNAS,CS,True,usd,0001690585,BBG00FB2NPZ0,BBG00FB2NQ15,2025-10-05T06:05:16.272527309Z
DNUT,"Krispy Kreme, Inc. Common Stock",stocks,us,XNAS,CS,True,usd,0001857154,BBG0118Y86T0,BBG0118Y87P2,2025-10-05T06:05:16.272527389Z
DOC,"Healthpeak Properties, Inc.",stocks,us,XNYS,CS,True,usd,0000765880,BBG000BKYDP9,BBG001S5RTS2,2025-10-05T06:05:16.272527469Z
DOCN,"DigitalOcean Holdings, Inc.",stocks,us,XNYS,CS,True,usd,0001582961,BBG00ZGF6SS3,BBG00ZGF6TM7,2025-10-05T06:05:16.272527549Z
DOCS,"Doximity, Inc.",stocks,us,XNYS,CS,True,usd,0001516513,BBG0026ZJQX7,BBG0026ZJQY6,2025-10-05T06:05:16.2725281Z
DOCT,FT Vest U.S. Equity Deep Buffer ETF - October,stocks,us,BATS,ETF,True,usd,0001667919,BBG00XS5NL30,BBG00XS5NLY6,2025-10-05T06:05:16.27252818Z
DOCU,"DocuSign, Inc. Common Stock",stocks,us,XNAS,CS,True,usd,0001261333,BBG000N7KJX8,BBG001T535D5,2025-10-05T06:05:16.27252828Z
DOG,ProShares Short Dow30,stocks,us,ARCX,ETF,True,usd,0001174610,BBG000PNKZW6,BBG001SR6H94,2025-10-05T06:05:16.272528361Z
DOGD,Tradr 2X Long DDOG Daily ETF,stocks,us,BATS,ETF,True,usd,,BBG01WL2RRX5,BBG01WL2RSS9,2025-10-05T06:05:16.272528441Z
DOGG,FT Vest DJIA Dogs 10 Target Income ETF,stocks,us,BATS,ETF,True,usd,0001517936,BBG01GCSVTF4,BBG01GCSVVB3,2025-10-05T06:05:16.272528521Z
DOGZ,Dogness (International) Corporation Class A Common Stock,stocks,us,XNAS,CS,True,usd,0001707303,,,2025-10-05T06:05:16.272528601Z
DOJE,REX-Osprey DOGE ETF,stocks,us,BATS,ETF,True,usd,,BBG01X2PYT89,BBG01X2PYV48,2025-10-05T06:05:16.272528681Z
DOL,WisdomTree International LargeCap Dividend Fund,stocks,us,ARCX,ETF,True,usd,0001350487,BBG000BSW3R4,BBG001SHKG65,2025-10-05T06:05:16.272528761Z
DOLE,Dole plc,stocks,us,XNYS,CS,True,usd,0001857475,,,2025-10-05T06:05:16.272528841Z
DOMH,Dominari Holdings Inc. Common Stock,stocks,us,XNAS,CS,True,usd,0000012239,BBG000F2PXX2,BBG001S9BVW1,2025-10-05T06:05:16.272528932Z
DOMO,"Domo, Inc. Class B Common Stock",stocks,us,XNAS,CS,True,usd,0001505952,BBG00L2NS0B7,BBG00L2NS125,2025-10-05T06:05:16.272529012Z
DON,WisdomTree U.S. MidCap Dividend Fund,stocks,us,ARCX,ETF,True,usd,0001350487,BBG000BSWGB2,BBG001SHKG74,2025-10-05T06:05:16.272529092Z
DOOO,BRP Inc. Common Subordinate Voting Shares,stocks,us,XNAS,CS,True,usd,0001748797,BBG004TPGP47,BBG004G49425,2025-10-05T06:05:16.272529172Z
DORM,"Dorman Products, Inc. New",stocks,us,XNAS,CS,True,usd,0000868780,BBG000BM22F5,BBG001S5S932,2025-10-05T06:05:16.272529252Z
DOUG,Douglas Elliman Inc.,stocks,us,XNYS,CS,True,usd,0001878897,BBG013ZGQFG9,BBG013ZGQFH8,2025-10-05T06:05:16.272529332Z
DOV,Dover Corporation,stocks,us,XNYS,CS,True,usd,0000029905,BBG000BHB3M6,BBG001S5QL46,2025-10-05T06:05:16.272529413Z
DOW,Dow Inc.,stocks,us,XNYS,CS,True,usd,0001751788,BBG00BN96922,BBG00BN96931,2025-10-05T06:05:16.272529493Z
DOX,Amdocs Limited,stocks,us,XNAS,CS,True,usd,0001062579,,,2025-10-05T06:05:16.272529583Z
DOYU,DouYu International Holdings Limited ADS,stocks,us,XNAS,ADRC,True,usd,0001762417,BBG00NZ6JPK9,BBG00NZ6JQ90,2025-10-05T06:05:16.272529663Z
DPG,Duff & Phelps Utility and Infrastructure Fund Inc.,stocks,us,XNYS,FUND,True,usd,0001515671,BBG001KTQH41,BBG001V0S779,2025-10-05T06:05:16.272529743Z
DPRO,Draganfly Inc. Common Shares,stocks,us,XNAS,CS,True,usd,0001786286,BBG00QZ0QCM4,BBG00QRNGHS7,2025-10-05T06:05:16.272529823Z
DPST,Direxion Daily Regional Banks Bull 3X Shares,stocks,us,ARCX,ETF,True,usd,0001424958,BBG009T0QND5,BBG009T0QNF3,2025-10-05T06:05:16.272529903Z
DPZ,Domino's Pizza Inc.,stocks,us,XNAS,CS,True,usd,0001286681,BBG000P458P3,BBG001SL3ZH1,2025-10-05T06:05:16.272529984Z
DQ,Daqo New Energy Corp. American Depositary Shares (each representing 5 Ordinary Shares),stocks,us,XNYS,ADRC,True,usd,0001477641,BBG000Q5T9W3,BBG001T6LDF4,2025-10-05T06:05:16.272530064Z
DRAI,Draco Evolution AI ETF,stocks,us,ARCX,ETF,True,usd,,BBG01NLLVM87,BBG01NLLVN30,2025-10-05T06:05:16.272530144Z
DRAY,YieldMax DKNG Option Income Strategy ETF,stocks,us,ARCX,ETS,True,usd,0001852771,BBG01RQZWWZ9,BBG01RQZWXT4,2025-10-05T06:05:16.272530224Z
DRCT,"Direct Digital Holdings, Inc. Class A Common Stock",stocks,us,XNAS,CS,True,usd,0001880613,BBG013JR1M57,BBG013JR1M75,2025-10-05T06:05:16.272530314Z
DRD,DRDGOLD Ltd.,stocks,us,XNYS,ADRC,True,usd,0001023512,BBG000BX8QF2,BBG001S96F70,2025-10-05T06:05:16.272530404Z
DRDB,Roman DBDR Acquisition Corp. II Ordinary shares,stocks,us,XNAS,CS,True,usd,0002032528,,,2025-10-05T06:05:16.272530485Z
DRDBU,Roman DBDR Acquisition Corp. II Unit,stocks,us,XNAS,UNIT,True,usd,0002032528,,,2025-10-05T06:05:16.272530565Z
DRDBW,Roman DBDR Acquisition Corp. II Warrants,stocks,us,XNAS,WARRANT,True,usd,0002032528,,,2025-10-05T06:05:16.272530645Z
DRES,GMO Domestic Resilience ETF,stocks,us,ARCX,ETF,True,usd,,BBG01XFD7L43,BBG01XFD7M87,2025-10-05T06:05:16.272530976Z
DRGN,Themes China Generative Artificial Intelligence ETF,stocks,us,BATS,ETF,True,usd,0001976322,BBG01W27V7W5,BBG01W27V988,2025-10-05T06:05:16.272531056Z
DRH,DiamondRock Hospitality Company,stocks,us,XNYS,CS,True,usd,0001298946,BBG000JKHFP5,BBG001SJ63M8,2025-10-05T06:05:16.272531156Z
DRHpA,DiamondRock Hospitality Company 8.250% Series A Cumulative Redeemable Preferred Stock,stocks,us,XNYS,PFD,True,usd,0001298946,,,2025-10-05T06:05:16.272531236Z
DRI,"Darden Restaurants, Inc.",stocks,us,XNYS,CS,True,usd,0000940944,BBG000BBNYF6,BBG001S5QM08,2025-10-05T06:05:16.272531316Z
DRIO,DarioHealth Corp. Common Stock,stocks,us,XNAS,CS,True,usd,0001533998,BBG003V5P7K2,BBG003V5PCZ5,2025-10-05T06:05:16.272531406Z
DRIP,Direxion Daily S&P Oil & Gas Exp. & Prod. Bear 2X Shares,stocks,us,ARCX,ETF,True,usd,0001424958,BBG0099SHQQ5,BBG0099SHQP6,2025-10-05T06:05:16.272531487Z
DRIV,Global X Autonomous & Electric Vehicles ETF,stocks,us,XNAS,ETF,True,usd,0001432353,BBG00KLHY7D7,BBG00KLHY836,2025-10-05T06:05:16.272531567Z
DRLL,Strive U.S. Energy ETF,stocks,us,XNYS,ETF,True,usd,,BBG0190VW6M7,BBG0190VW7P2,2025-10-05T06:05:16.272531647Z
DRMA,"Dermata Therapeutics, Inc. Common Stock",stocks,us,XNAS,CS,True,usd,0001853816,BBG011DJT0X2,BBG011DJT0Y1,2025-10-05T06:05:16.272531727Z
DRMAW,"Dermata Therapeutics, Inc. Warrant",stocks,us,XNAS,WARRANT,True,usd,0001853816,BBG01248ZHS6,,2025-10-05T06:05:16.272531807Z
DRN,Direxion Daily Real Estate Bull 3X Shares,stocks,us,ARCX,ETF,True,usd,0001424958,BBG000J9G9N7,BBG001T3KCM6,2025-10-05T06:05:16.272531887Z
DRS,"Leonardo DRS, Inc. Common Stock",stocks,us,XNAS,CS,True,usd,0001833756,BBG00ZSB4TS9,BBG00ZSB4TT8,2025-10-05T06:05:16.272531967Z
DRSK,Aptus Defined Risk ETF,stocks,us,BATS,ETF,True,usd,0001539639,BBG00LNDTGT1,BBG00LNDTHK8,2025-10-05T06:05:16.272532048Z
DRTS,Alpha Tau Medical Ltd. Ordinary Shares,stocks,us,XNAS,CS,True,usd,0001871321,,,2025-10-05T06:05:16.272532128Z
DRTSW,Alpha Tau Medical Ltd. Warrant,stocks,us,XNAS,WARRANT,True,usd,0001871321,,,2025-10-05T06:05:16.272532208Z
DRUG,Bright Minds Biosciences Inc. Common Stock,stocks,us,XNAS,CS,True,usd,0001827401,BBG00ZKX9FP7,BBG00Z61F382,2025-10-05T06:05:16.272532549Z
DRUP,GraniteShares Nasdaq Select Disruptors ETF,stocks,us,ARCX,ETF,True,usd,0001689873,BBG00QG3BRX0,BBG00QG3BSN9,2025-10-05T06:05:16.272532639Z
DRV,Direxion Daily Real Estate Bear 3X Shares,stocks,us,ARCX,ETF,True,usd,0001424958,BBG000NFSS08,BBG001T55GY6,2025-10-05T06:05:16.272532759Z
DRVN,Driven Brands Holdings Inc. Common Stock,stocks,us,XNAS,CS,True,usd,0001804745,BBG00YN8NCD6,BBG00YN8ND71,2025-10-05T06:05:16.272532839Z
DSCF,Discipline Fund ETF,stocks,us,BATS,ETF,True,usd,,BBG012LRHG98,BBG012LRHH41,2025-10-05T06:05:16.272532909Z
DSEP,FT Vest U.S. Equity Deep Buffer ETF - September,stocks,us,BATS,ETF,True,usd,0001667919,BBG00X9DVMG9,BBG00X9DVN95,2025-10-05T06:05:16.272532999Z
DSGN,"Design Therapeutics, Inc. Common Stock",stocks,us,XNAS,CS,True,usd,0001807120,BBG00SNC49V8,BBG00SNC49W7,2025-10-05T06:05:16.27253308Z
DSGR,"Distribution Solutions Group, Inc. Common Stock",stocks,us,XNAS,CS,True,usd,0000703604,BBG000BN2HQ8,BBG001S5SQ43,2025-10-05T06:05:16.27253316Z
DSGX,Descartes Systems Group Inc,stocks,us,XNAS,CS,True,usd,0001050140,BBG000CRQW34,BBG001SBJY34,2025-10-05T06:05:16.27253324Z
DSI,iShares ESG MSCI KLD 400 ETF,stocks,us,ARCX,ETF,True,usd,0001100663,BBG000Q9BW99,BBG001SRYH02,2025-10-05T06:05:16.27253332Z
DSL,DOUBLELINE INCOME SOLUTIONS FUND,stocks,us,XNYS,FUND,True,usd,0001566388,BBG003TXW753,BBG003TXW7X2,2025-10-05T06:05:16.2725334Z
DSM,"BNY Mellon Strategic Municipal Bond Fund, Inc.",stocks,us,XNYS,FUND,True,usd,0000855887,BBG000C2NFP5,BBG001S6D1L3,2025-10-05T06:05:16.27253348Z
DSMC,Distillate Small/Mid Cash Flow ETF,stocks,us,XNYS,ETF,True,usd,0001539639,BBG019WNHNM0,BBG019WNHPH1,2025-10-05T06:05:16.27253356Z
DSP,Viant Technology Inc. Class A Common Stock,stocks,us,XNAS,CS,True,usd,0001828791,BBG00Z0ZFGJ2,BBG00Z0ZFHC7,2025-10-05T06:05:16.272533641Z
DSPY,Tema S&P 500 Historical Weight ETF Strategy,stocks,us,ARCX,ETF,True,usd,0002056807,BBG01SX3CM48,BBG01SX3CMZ4,2025-10-05T06:05:16.272533731Z
DSS,"DSS, Inc.",stocks,us,XASE,CS,True,usd,0000771999,BBG000K68DK4,BBG001SJTPW3,2025-10-05T06:05:16.272533951Z
DSTL,Distillate U.S. Fundamental Stability & Value ETF,stocks,us,ARCX,ETF,True,usd,0001539639,BBG00MC56296,BBG00MC56321,2025-10-05T06:05:16.272534091Z
DSTX,Distillate International Fundamental Stability & Value ETF,stocks,us,XNYS,ETF,True,usd,0001539639,BBG00YJ721V0,BBG00YJ722P5,2025-10-05T06:05:16.272534172Z
DSU,"Blackrock Debt Strategies Fund, Inc.",stocks,us,XNYS,FUND,True,usd,0001051003,BBG000BQW8K4,BBG001S9L8L3,2025-10-05T06:05:16.272534252Z
DSWL,Deswell Industries Inc,stocks,us,XNAS,CS,True,usd,0000946936,BBG000KCB2P6,BBG001SCPMQ6,2025-10-05T06:05:16.272534332Z
DSX,"Diana Shipping, Inc.",stocks,us,XNYS,CS,True,usd,0001318885,,,2025-10-05T06:05:16.272534412Z
DSX.WS,"Diana Shipping Inc. Warrants to Purchase Common Stock (expiring on or about December 14, 2026)",stocks,us,XNYS,WARRANT,True,usd,0001318885,,,2025-10-05T06:05:16.272534492Z
DSXpB,"DIANA SHIPPING INC 8.875% Series B Cumulative Redeemable Perpetual Preferred Shares, $0.01 par value",stocks,us,XNYS,PFD,True,usd,0001318885,,,2025-10-05T06:05:16.272534572Z
DSY,Big Tree Cloud Holdings Limited Ordinary Shares,stocks,us,XNAS,CS,True,usd,0001999297,,,2025-10-05T06:05:16.272534653Z
DSYWW,Big Tree Cloud Holdings Limited Warrants,stocks,us,XNAS,WARRANT,True,usd,0001999297,,,2025-10-05T06:05:16.272534733Z
DT,"Dynatrace, Inc.",stocks,us,XNYS,CS,True,usd,0001773383,BBG00PNN7C40,BBG00PNN7CW9,2025-10-05T06:05:16.272534813Z
DTAN,Sparkline International Intangible Value ETF,stocks,us,ARCX,ETF,True,usd,,BBG01PLZD686,BBG01PLZD7D8,2025-10-05T06:05:16.272534893Z
DTB,DTE Energy Company 2020 Series G 4.375% Junior Subordinated Debentures due 2080,stocks,us,XNYS,SP,True,usd,0000936340,,,2025-10-05T06:05:16.272534973Z
DTCK,Davis Commodities Limited Class A Ordinary Shares,stocks,us,XNAS,CS,True,usd,0001949478,,,2025-10-05T06:05:16.272535053Z
DTCR,Global X Funds Global X Data Center & Digital Infrastructure ETF,stocks,us,XNAS,ETF,True,usd,0001432353,BBG00Y056CB8,BBG00Y056D53,2025-10-05T06:05:16.272535133Z
DTD,WisdomTree U.S. Total Dividend Fund,stocks,us,ARCX,ETF,True,usd,0001350487,BBG000BSVPW0,BBG001SHKFZ5,2025-10-05T06:05:16.272535214Z
DTE,DTE Energy Company,stocks,us,XNYS,CS,True,usd,0000936340,BBG000BB29X4,BBG001S5QN88,2025-10-05T06:05:16.272535294Z
DTEC,ALPS Disruptive Technologies ETF,stocks,us,ARCX,ETF,True,usd,0001414040,BBG00JM9V4M7,BBG00JM9V5B6,2025-10-05T06:05:16.272535384Z
DTF,DTF Tax-Free Income 2028 Term Fund Inc.,stocks,us,XNYS,FUND,True,usd,0000879535,BBG000BG2DH2,BBG001S70260,2025-10-05T06:05:16.272535474Z
DTG,DTE Energy Company 2021 Series E 4.375% Junior Subordinated Debentures,stocks,us,XNYS,SP,True,usd,0000936340,,,2025-10-05T06:05:16.272535554Z
DTH,WisdomTree International High Dividend  Fund,stocks,us,ARCX,ETF,True,usd,0001350487,BBG000BT6K66,BBG001SHLHN3,2025-10-05T06:05:16.272535634Z
DTI,Drilling Tools International Corporation Common Stock,stocks,us,XNAS,CS,True,usd,0001884516,BBG013FX4TF9,BBG013FX4VB8,2025-10-05T06:05:16.272535715Z
DTIL,"Precision BioSciences, Inc. Common Stock",stocks,us,XNAS,CS,True,usd,0001357874,BBG008NSBPV3,BBG008NSBPW2,2025-10-05T06:05:16.272535985Z
DTK,DTE Energy Company 2025 Series H 6.25% Junior Subordinated Debentures due 2085,stocks,us,XNYS,SP,True,usd,0000936340,,,2025-10-05T06:05:16.272536095Z
DTM,"DT Midstream, Inc.",stocks,us,XNYS,CS,True,usd,0001842022,BBG0112Z58J3,BBG0112Z58K1,2025-10-05T06:05:16.272536175Z
DTRE,First Trust Alerian Disruptive Technology Real Estate ETF,stocks,us,ARCX,ETF,True,usd,0001364608,BBG000SQ9V67,BBG001SXT9K1,2025-10-05T06:05:16.272536256Z
DTSQ,DT Cloud Star Acquisition Corporation Ordinary Shares,stocks,us,XNAS,CS,True,usd,0002017950,,,2025-10-05T06:05:16.272536336Z
DTSQR,DT Cloud Star Acquisition Corporation Right,stocks,us,XNAS,RIGHT,True,usd,0002017950,,,2025-10-05T06:05:16.272536416Z
DTSQU,DT Cloud Star Acquisition Corporation Units,stocks,us,XNAS,UNIT,True,usd,0002017950,,,2025-10-05T06:05:16.272536496Z
DTSS,Datasea Inc. Common Stock,stocks,us,XNAS,CS,True,usd,0001631282,BBG00B8TYJX8,BBG00B8TYJY7,2025-10-05T06:05:16.272536576Z
DTST,Data Storage Corporation Common Stock,stocks,us,XNAS,CS,True,usd,0001419951,BBG000V9M448,BBG001T1WVL6,2025-10-05T06:05:16.272536656Z
DTSTW,Data Storage Corporation Warrant,stocks,us,XNAS,WARRANT,True,usd,0001419951,BBG011122VF3,,2025-10-05T06:05:16.272536737Z
DTW,DTE Energy Company 2017 Series E 5.25% Junior Subordinated Debentures due 2077,stocks,us,XNYS,SP,True,usd,0000936340,,,2025-10-05T06:05:16.272536817Z
DUBS,Aptus Large Cap Enhanced Yield ETF,stocks,us,BATS,ETF,True,usd,0001539639,BBG01GZH2L62,BBG01GZH2M51,2025-10-05T06:05:16.272536917Z
DUG,ProShares UltraShort Energy,stocks,us,ARCX,ETF,True,usd,0001174610,BBG000QXHGG7,BBG001SSTCZ9,2025-10-05T06:05:16.272536997Z
DUHP,Dimensional US High Profitability ETF,stocks,us,ARCX,ETF,True,usd,0001816125,BBG015DLMKV3,BBG015DLMLQ7,2025-10-05T06:05:16.272537077Z
DUK,Duke Energy Corporation,stocks,us,XNYS,CS,True,usd,0001326160,BBG000BHGDH5,BBG001S5QNR7,2025-10-05T06:05:16.272537157Z
DUKB,Duke Energy Corporation 5.625% Junior Subordinated Debentures due 2078,stocks,us,XNYS,SP,True,usd,0001326160,,,2025-10-05T06:05:16.272537268Z
DUKH,Ocean Park High Income ETF,stocks,us,XNAS,ETF,True,usd,0001326160,BBG01NMSV8K8,BBG01NMSV9J8,2025-10-05T06:05:16.272537368Z
DUKQ,Ocean Park Domestic ETF,stocks,us,ARCX,ETF,True,usd,,BBG01NMSH744,BBG01NMSH7Z0,2025-10-05T06:05:16.272537448Z
DUKX,Ocean Park International ETF,stocks,us,XNAS,ETF,True,usd,,BBG01NMSLYH6,BBG01NMSLZV7,2025-10-05T06:05:16.272537528Z
DUKZ,Ocean Park Diversified Income ETF,stocks,us,ARCX,ETF,True,usd,,BBG01NMST420,BBG01NMST518,2025-10-05T06:05:16.272537608Z
DUKpA,"Duke Energy Corporation Depositary Shares, each representing a 1/1,000th interest in a share of 5.75% Series A Cumulative Redeemable Perpetual Preferred Stock",stocks,us,XNYS,PFD,True,usd,0001326160,,,2025-10-05T06:05:16.272537688Z
DULL,MicroSectors Gold -3x Inverse Leveraged ETN,stocks,us,ARCX,ETS,True,usd,0000927971,BBG01F7836Q5,BBG01F7837L8,2025-10-05T06:05:16.272537768Z
DUNK,Dana Unconstrained Equity ETF,stocks,us,ARCX,ETF,True,usd,,BBG01X1FPS48,BBG01X1FPT37,2025-10-05T06:05:16.272537849Z
DUO,Fangdd Network Group Ltd. Class A Ordinary Shares,stocks,us,XNAS,CS,True,usd,0001750593,,,2025-10-05T06:05:16.272537929Z
DUOL,"Duolingo, Inc. Class A Common Stock",stocks,us,XNAS,CS,True,usd,0001562088,BBG003D4V951,BBG003D4V960,2025-10-05T06:05:16.272538019Z
DUOT,"Duos Technologies Group, Inc. Common Stock",stocks,us,XNAS,CS,True,usd,0001396536,BBG000D64596,BBG001T0S2X4,2025-10-05T06:05:16.272538099Z
DURA,VanEck Durable High Dividend ETF,stocks,us,BATS,ETF,True,usd,0001137360,BBG00MF4XM92,BBG00MF4XN18,2025-10-05T06:05:16.272538179Z
DUSA,Davis Select U.S. Equity ETF,stocks,us,BATS,ETF,True,usd,,BBG00FNFQQC8,BBG00FNFQR36,2025-10-05T06:05:16.27253838Z
DUSB,Dimensional Ultrashort Fixed Income ETF,stocks,us,ARCX,ETF,True,usd,0001816125,BBG01J9W4BG1,BBG01J9W4CB4,2025-10-05T06:05:16.27253857Z
DUSL,Direxion Daily Industrials Bull 3X Shares,stocks,us,ARCX,ETF,True,usd,0001424958,BBG00GM4DLD6,BBG00GM4DM35,2025-10-05T06:05:16.27253881Z
DUST,Direxion Daily Gold Miners Index Bear 2X Shares,stocks,us,ARCX,ETF,True,usd,0001424958,BBG0019YYBZ3,BBG001SX2G97,2025-10-05T06:05:16.272539001Z
DV,"DoubleVerify Holdings, Inc.",stocks,us,XNYS,CS,True,usd,0001819928,BBG00ZNRRJM2,BBG00ZNRRKL0,2025-10-05T06:05:16.272539221Z
DVA,DaVita Inc.,stocks,us,XNYS,CS,True,usd,0000927066,BBG000MQ1SN9,BBG001SB5DZ0,2025-10-05T06:05:16.272539301Z
DVAL,BrandywineGLOBAL - Dynamic US Large Cap Value ETF,stocks,us,XNAS,ETF,True,usd,0001655589,BBG01B8C7YW2,BBG01B8C7ZT3,2025-10-05T06:05:16.272539452Z
DVAX,Dynavax Technologies Corporation,stocks,us,XNAS,CS,True,usd,0001029142,BBG000BFX694,BBG001S7HTB7,2025-10-05T06:05:16.272539532Z
DVDN,Kingsbarn Dividend Opportunity ETF,stocks,us,ARCX,ETF,True,usd,,BBG01GF717D0,BBG01GF71875,2025-10-05T06:05:16.272539612Z
DVIN,WEBs Defined Volatility XLI ETF,stocks,us,XNAS,ETF,True,usd,0001580843,BBG01VF3KGL6,BBG01VF3KHR8,2025-10-05T06:05:16.272539692Z
DVLT,Datavault AI Inc. Common Stock,stocks,us,XNAS,CS,True,usd,0001682149,BBG00KLHTJY4,BBG00KLHTKR9,2025-10-05T06:05:16.272539772Z
DVLU,First Trust Dorsey Wright Momentum & Value ETF,stocks,us,XNAS,ETF,True,usd,,BBG00LWSFJ62,BBG00LWSFJY1,2025-10-05T06:05:16.272539852Z
DVN,Devon Energy Corporation,stocks,us,XNYS,CS,True,usd,0001090012,BBG000BBVJZ8,BBG001S63VG4,2025-10-05T06:05:16.272539933Z
DVND,Touchstone Dividend Select ETF,stocks,us,ARCX,ETF,True,usd,,BBG01922FJL1,BBG01922FKG4,2025-10-05T06:05:16.272540013Z
DVOL,First Trust Dorsey Wright Momentum & Low Volatility ETF,stocks,us,XNAS,ETF,True,usd,,BBG00LWSFTZ8,BBG00LWSFVQ3,2025-10-05T06:05:16.272540093Z
DVQQ,WEBs Defined Volatility QQQ ETF,stocks,us,XNAS,ETF,True,usd,0001858294,BBG01R78HZM4,BBG01R78J0H5,2025-10-05T06:05:16.272540173Z
DVRE,WEBs Defined Volatility XLRE ETF,stocks,us,XNAS,ETF,True,usd,0001580843,BBG01VD1PM98,BBG01VD1PN50,2025-10-05T06:05:16.272540524Z
DVS,Dolly Varden Silver Corporation,stocks,us,XASE,CS,True,usd,0001542028,BBG002QHJZR2,BBG001V09PG0,2025-10-05T06:05:16.272540604Z
DVSP,WEBs Defined Volatility SPY ETF,stocks,us,XNAS,ETF,True,usd,0001858294,BBG01R78RYN5,BBG01R78RZK5,2025-10-05T06:05:16.272540754Z
DVUT,WEBS Defined Volatility XLU ETF,stocks,us,XNAS,ETF,True,usd,0001580843,BBG01VD1HJK1,BBG01VD1HKH2,2025-10-05T06:05:16.272540834Z
DVXB,WEBs Defined Volatility XLB ETF,stocks,us,XNAS,ETF,True,usd,0001580843,BBG01VD0GTW9,BBG01VD0GW98,2025-10-05T06:05:16.272540915Z
DVXC,WEBs Defined Volatility XLC ETF,stocks,us,XNAS,ETF,True,usd,0001580843,BBG01VD1P9P9,BBG01VD1PBK9,2025-10-05T06:05:16.272540985Z
DVXE,WEBs Defined Volatility XLE ETF,stocks,us,XNAS,ETF,True,usd,0001580843,BBG01VF3L6B8,BBG01VF3L762,2025-10-05T06:05:16.272541075Z
DVXF,WEBs Defined Volatility XLF ETF,stocks,us,XNAS,ETF,True,usd,0001580843,BBG01VD1J9Y6,BBG01VD1JBV4,2025-10-05T06:05:16.272541155Z
DVXK,WEBs Defined Volatility XLK ETF,stocks,us,XNAS,ETF,True,usd,0001580843,BBG01VD1K9B9,BBG01VD1KB79,2025-10-05T06:05:16.272541285Z
DVXP,WEBs Defined Volatility XLP ETF,stocks,us,XNAS,ETF,True,usd,0001580843,BBG01VD121V4,BBG01VD122R7,2025-10-05T06:05:16.272541365Z
DVXV,WEBs Defined Volatility XLV ETF,stocks,us,XNAS,ETF,True,usd,0001580843,BBG01VD1HNN9,BBG01VD1HPJ9,2025-10-05T06:05:16.272541435Z
DVXY,WEBs Defined Volatility XLY ETF,stocks,us,XNAS,ETF,True,usd,0001580843,BBG01VD0CX63,BBG01VD0D0Q2,2025-10-05T06:05:16.272541526Z
DVY,iShares Select Dividend ETF,stocks,us,XNAS,ETF,True,usd,0001100663,BBG000C1L679,BBG001SDJVG2,2025-10-05T06:05:16.272541776Z
DVYA,iShares Asia/Pacific Dividend ETF,stocks,us,ARCX,ETF,True,usd,0000930667,BBG002PHLXP7,BBG002PHLYG5,2025-10-05T06:05:16.272541866Z
DVYE,iShares Emerging Markets Dividend ETF,stocks,us,ARCX,ETF,True,usd,0001100663,BBG002PHMJ22,BBG002PHMJT3,2025-10-05T06:05:16.272541946Z
DWAS,Invesco Exchange-Traded Fund Trust II Invesco Dorsey Wright SmallCap Momentum ETF,stocks,us,XNAS,ETF,True,usd,0000914208,BBG0036PLQN5,BBG0036PLRD4,2025-10-05T06:05:16.272542027Z
DWAW,AdvisorShares Dorsey Wright FSM All Cap World ETF,stocks,us,XNAS,ETF,True,usd,0001408970,BBG00R7V1R94,BBG00R7V1S10,2025-10-05T06:05:16.272542217Z
DWLD,Davis Select Worldwide ETF,stocks,us,BATS,ETF,True,usd,,BBG00FNFQTK3,BBG00FNFQV91,2025-10-05T06:05:16.272542297Z
DWM,WisdomTree International Equity Fund,stocks,us,ARCX,ETF,True,usd,0001350487,BBG000BSYGZ4,BBG001SHKSW0,2025-10-05T06:05:16.272542407Z
DWMF,WisdomTree International Multifactor Fund,stocks,us,ARCX,ETF,True,usd,,BBG00LNNW5B8,BBG00LNNW626,2025-10-05T06:05:16.272542488Z
DWSH,AdvisorShares Dorsey Wright Short ETF,stocks,us,XNAS,ETF,True,usd,0001408970,BBG00LDFG0W2,BBG00LDFG1M1,2025-10-05T06:05:16.272542568Z
DWSN,Dawson Geophysical Company New Common Stock,stocks,us,XNAS,CS,True,usd,0000799165,BBG000BD1DT7,BBG001S6YBZ3,2025-10-05T06:05:16.272542658Z
DWTX,"Dogwood Therapeutics, Inc. Common Stock",stocks,us,XNAS,CS,True,usd,0001818844,BBG00X0SZKJ2,BBG00X0SZLB8,2025-10-05T06:05:16.272542738Z
DWUS,AdvisorShares Dorsey Wright FSM US Core ETF,stocks,us,XNAS,ETF,True,usd,0001408970,BBG00R7V1JH3,BBG00R7V1K71,2025-10-05T06:05:16.272542818Z
DWX,SPDR S&P International Dividend ETF,stocks,us,ARCX,ETF,True,usd,0001168164,BBG000VC0TD0,BBG001T21KR6,2025-10-05T06:05:16.272542898Z
DX,"Dynex Capital, Inc.",stocks,us,XNYS,CS,True,usd,0000826675,BBG000FBJQM6,BBG001S5R078,2025-10-05T06:05:16.272542978Z
DXC,DXC Technology Company,stocks,us,XNYS,CS,True,usd,0001688568,BBG00FN64XT9,BBG00FN64XV6,2025-10-05T06:05:16.272543099Z
DXCM,"DexCom, Inc.",stocks,us,XNAS,CS,True,usd,0001093557,BBG000QTF8K1,BBG001SKZG99,2025-10-05T06:05:16.272543199Z
DXD,ProShares UltraShort Dow 30,stocks,us,ARCX,ETF,True,usd,0001174610,BBG000PTJ1T4,BBG001SRDTJ9,2025-10-05T06:05:16.272543289Z
DXF,"Eason Technology Limited American Depositary Shares (each representing sixty-thousand (60,000) Ordinary Shares)",stocks,us,XASE,ADRC,True,usd,0001499494,BBG0018LQMW0,BBG001TF9P52,2025-10-05T06:05:16.272543369Z
DXIV,Dimensional International Vector Equity ETF,stocks,us,ARCX,ETF,True,usd,0001816125,BBG01PJY4RJ4,BBG01PJY4SH4,2025-10-05T06:05:16.272543449Z
DXJ,WisdomTree Japan Hedged Equity Fund,stocks,us,ARCX,ETF,True,usd,0001350487,BBG000BT12H9,BBG001SHL470,2025-10-05T06:05:16.272543529Z
DXLG,"Destination XL Group, Inc. Common Stock",stocks,us,XNAS,CS,True,usd,0000813298,BBG000JNS383,BBG001SD3736,2025-10-05T06:05:16.27254378Z
DXPE,DXP Enterprises Inc,stocks,us,XNAS,CS,True,usd,0001020710,BBG000HTY991,BBG001S9F0F4,2025-10-05T06:05:16.27254388Z
DXR,Daxor Corporation Common Stock,stocks,us,XNAS,CS,True,usd,0000027367,BBG000BHHF34,BBG001S5QPC8,2025-10-05T06:05:16.27254398Z
DXST,Decent Holding Inc Class A Ordinary Shares,stocks,us,XNAS,CS,True,usd,0001958133,,,2025-10-05T06:05:16.272544061Z
DXUV,Dimensional US Vector Equity ETF,stocks,us,ARCX,ETF,True,usd,0001816125,BBG01PJH7HT9,BBG01PJH7JZ8,2025-10-05T06:05:16.272544141Z
DXYZ,Destiny Tech100 Inc.,stocks,us,XNYS,CS,True,usd,0001843974,BBG01KS1QLH8,BBG01KS1QLJ6,2025-10-05T06:05:16.272544231Z
DXpC,"Dynex Capital, Inc. 6.900% Series C Fixed-to-Floating Rate Cumulative Redeemable Preferred Stock",stocks,us,XNYS,PFD,True,usd,0000826675,,,2025-10-05T06:05:16.272544311Z
DY,"Dycom Industries, Inc.",stocks,us,XNYS,CS,True,usd,0000067215,BBG000C4SKT1,BBG001S6MGW8,2025-10-05T06:05:16.272544391Z
DYAI,"Dyadic International, Inc.",stocks,us,XNAS,CS,True,usd,0001213809,BBG000L276R1,BBG001SJV0D6,2025-10-05T06:05:16.272544612Z
DYCQ,DT Cloud Acquisition Corporation Ordinary Shares,stocks,us,XNAS,CS,True,usd,0001944212,,,2025-10-05T06:05:16.272544692Z
DYCQR,DT Cloud Acquisition Corporation Right,stocks,us,XNAS,RIGHT,True,usd,0001944212,,,2025-10-05T06:05:16.272544792Z
DYCQU,DT Cloud Acquisition Corporation Unit,stocks,us,XNAS,UNIT,True,usd,0001944212,,,2025-10-05T06:05:16.272544882Z
DYFI,IDX Dynamic Fixed Income ETF,stocks,us,XNAS,ETF,True,usd,,BBG01KWRK2B0,BBG01KWRK355,2025-10-05T06:05:16.272544992Z
DYLD,LeaderShares Dynamic Yield ETF,stocks,us,ARCX,ETF,True,usd,0001552947,BBG011MF2NH7,BBG011MF2PD6,2025-10-05T06:05:16.272545072Z
DYLG,Global X Dow 30 Covered Call & Growth ETF,stocks,us,ARCX,ETF,True,usd,,BBG01HHD2X18,BBG01HHD2XW4,2025-10-05T06:05:16.272545153Z
DYN,"Dyne Therapeutics, Inc. Common Stock",stocks,us,XNAS,CS,True,usd,0001818794,BBG00NSGPJD0,BBG00NSGPJF8,2025-10-05T06:05:16.272545233Z
DYNB,Hartford Dynamic Bond ETF,stocks,us,XNAS,ETF,True,usd,0001501825,BBG01X2P7WJ0,BBG01X2P7XF2,2025-10-05T06:05:16.272545313Z
DYNF,iShares U.S. Equity Factor Rotation Active ETF,stocks,us,ARCX,ETF,True,usd,0001761055,BBG00NNWBVZ4,BBG00NNWBWQ2,2025-10-05T06:05:16.272545403Z
DYTA,SGI Dynamic Tactical ETF,stocks,us,XNAS,ETF,True,usd,,BBG019RXCN03,BBG019RXCNW8,2025-10-05T06:05:16.272545483Z
DZZ,"DB Gold Double Short ETN due February 15, 2038",stocks,us,ARCX,ETN,True,usd,0001159508,BBG000BVZYD1,BBG001SJ3JY3,2025-10-05T06:05:16.272545563Z
E,ENI S.p.A.,stocks,us,XNYS,ADRC,True,usd,0001002242,BBG000BBPZZ9,BBG001S5QQ09,2025-10-05T06:05:16.272545644Z
EA,Electronic Arts Inc,stocks,us,XNAS,CS,True,usd,0000712515,BBG000BP0KQ8,BBG001S5T5C9,2025-10-05T06:05:16.272545724Z
EAD,Allspring Income Opportunities Fund,stocks,us,XASE,FUND,True,usd,0001210123,BBG000K5F5Z9,BBG001SJH6Q5,2025-10-05T06:05:16.272545804Z
EAF,GrafTech International Ltd.,stocks,us,XNYS,CS,True,usd,0000931148,BBG00KDYT8C4,BBG00KDYT9G8,2025-10-05T06:05:16.272545884Z
EAFG,Pacer Developed Markets Cash Cows Growth Leaders ETF,stocks,us,ARCX,ETF,True,usd,0001616668,BBG01M2PQ664,BBG01M2PQ726,2025-10-05T06:05:16.272545974Z
EAGG,iShares ESG Aware U.S. Aggregate Bond ETF,stocks,us,ARCX,ETF,True,usd,0001100663,BBG00MC0NZP7,BBG00MC0P0K7,2025-10-05T06:05:16.272546084Z
EAGL,Eagle Capital Select Equity ETF,stocks,us,ARCX,ETF,True,usd,,BBG01M375DT6,BBG01M375FN7,2025-10-05T06:05:16.272546165Z
EAI,"Entergy Arkansas, LLC First Mortgage Bonds, 4.875% Series due September 1, 2066",stocks,us,XNYS,SP,True,usd,0000007323,,,2025-10-05T06:05:16.272546265Z
EALT,Innovator U.S. Equity 5 to 15 Buffer ETF - Quarterly,stocks,us,BATS,ETF,True,usd,0001415726,BBG01JLFPCK4,BBG01JLFPDD0,2025-10-05T06:05:16.272546345Z
EAOA,iShares ESG Aware 80/20 Aggressive Allocation ETF,stocks,us,BATS,ETF,True,usd,0001100663,BBG00VFL1SR6,BBG00VFL1TJ3,2025-10-05T06:05:16.272546425Z
EAOK,iShares ESG Aware 30/70 Conservative Allocation ETF,stocks,us,BATS,ETF,True,usd,0001100663,BBG00VFL18C6,BBG00VFL1943,2025-10-05T06:05:16.272546625Z
EAOM,iShares ESG Aware 40/60 Moderate Allocation ETF,stocks,us,BATS,ETF,True,usd,0001100663,BBG00VFL1J50,BBG00VFL1JY8,2025-10-05T06:05:16.272546706Z
EAOR,iShares ESG Aware 60/40 Balanced Allocation ETF,stocks,us,BATS,ETF,True,usd,0001100663,BBG00VFL1MB6,BBG00VFL1N33,2025-10-05T06:05:16.272546786Z
EAPR,Innovator Emerging Markets Power Buffer ETF - April,stocks,us,ARCX,ETS,True,usd,0001482688,BBG00SXJPR76,BBG00SXJPRZ5,2025-10-05T06:05:16.272546866Z
EARN,Ellington Credit Company,stocks,us,XNYS,CS,True,usd,0001560672,BBG004DFMB77,BBG004DFMB86,2025-10-05T06:05:16.272546946Z
EASG,Xtrackers MSCI EAFE Selection Equity ETF,stocks,us,ARCX,ETF,True,usd,0001503123,BBG00LTQFL29,BBG00LTQFLT0,2025-10-05T06:05:16.272547026Z
EASY,Liberty One Defensive Dividend Growth ETF,stocks,us,XNAS,ETF,True,usd,0001552947,BBG01XHJJ0D1,BBG01XHJJ194,2025-10-05T06:05:16.272547106Z
EAT,"Brinker International, Inc.",stocks,us,XNYS,CS,True,usd,0000703351,BBG000BK28N7,BBG001S5RFV8,2025-10-05T06:05:16.272547186Z
EATZ,AdvisorShares Restaurant ETF,stocks,us,ARCX,ETF,True,usd,0001408970,BBG0106XZ741,BBG0106XZ803,2025-10-05T06:05:16.272547277Z
EB,"Eventbrite, Inc. Class A Common Stock",stocks,us,XNYS,CS,True,usd,0001475115,BBG001PM3R08,BBG001V1CQC6,2025-10-05T06:05:16.272547357Z
EBAY,eBay Inc,stocks,us,XNAS,CS,True,usd,0001065088,BBG000C43RR5,BBG001S9B9J5,2025-10-05T06:05:16.272547547Z
EBC,"Eastern Bankshares, Inc. Common Stock",stocks,us,XNAS,CS,True,usd,0001810546,BBG00W9KWXC4,BBG00W9KWY41,2025-10-05T06:05:16.272547627Z
EBF,"Ennis, Inc.",stocks,us,XNYS,CS,True,usd,0000033002,BBG000BHJZF5,BBG001S5QQS9,2025-10-05T06:05:16.272547707Z
EBI,The RBB Fund Trust Longview Advantage ETF,stocks,us,XNAS,ETF,True,usd,,BBG01SD06TL9,BBG01SD06VJ7,2025-10-05T06:05:16.272547788Z
EBIT,Harbor AlphaEdge Small Cap Earners ETF,stocks,us,ARCX,ETF,True,usd,0001860434,BBG01NL7SDD6,BBG01NL7SFG8,2025-10-05T06:05:16.272547868Z
EBIZ,Global X E-commerce ETF,stocks,us,XNAS,ETF,True,usd,0001432353,BBG00MNPXTL7,BBG00MNPXVB3,2025-10-05T06:05:16.272547948Z
EBMT,"Eagle Bancorp Montana, Inc",stocks,us,XNAS,CS,True,usd,0001478454,BBG000BSHXP7,BBG001SF3Q66,2025-10-05T06:05:16.272548028Z
EBND,SPDR Bloomberg Emerging Markets Local Bond ETF,stocks,us,ARCX,ETF,True,usd,0001064642,BBG001JZPCN0,BBG001V0JXM5,2025-10-05T06:05:16.272548218Z
EBON,Ebang International Holdings Inc. Class A Ordinary Shares,stocks,us,XNAS,CS,True,usd,0001799290,,,2025-10-05T06:05:16.272548309Z
EBR,Centrais Elétricas Brasileiras S.A.- Eletrobrás American Depositary Shares (Each representing one Common Share),stocks,us,XNYS,ADRC,True,usd,0001439124,BBG000BL5Q89,BBG001S8FGT6,2025-10-05T06:05:16.272548389Z
EBR.B,Centrais Elétricas Brasileiras S.A.- Eletrobrás American Depositary Shares (Each representing one Preferred Share),stocks,us,XNYS,ADRC,True,usd,0001439124,BBG000BL63W2,BBG001S8FGV3,2025-10-05T06:05:16.272548469Z
EBS,"Emergent Biosolutions, Inc.",stocks,us,XNYS,CS,True,usd,0001367644,BBG000GW06J7,BBG001SP1G40,2025-10-05T06:05:16.272548549Z
EBUF,Innovator Emerging Markets 10 Buffer ETF - Quarterly,stocks,us,ARCX,ETS,True,usd,0001415726,BBG01NJ23S53,BBG01NJ23T15,2025-10-05T06:05:16.272548629Z
EC,Ecopetrol S.A,stocks,us,XNYS,ADRC,True,usd,0001444406,BBG000RJ1Y75,BBG001T3G3D1,2025-10-05T06:05:16.272548709Z
ECAT,BlackRock ESG Capital Allocation Term Trust,stocks,us,XNYS,FUND,True,usd,0001864843,BBG012Q6JDC0,BBG012Q6JF99,2025-10-05T06:05:16.27254879Z
ECBK,"ECB Bancorp, Inc. Common Stock",stocks,us,XNAS,CS,True,usd,0001914605,BBG0175VKH09,BBG0175VKJ23,2025-10-05T06:05:16.27254888Z
ECC,EAGLE POINT CREDIT COMPANY INC.,stocks,us,XNYS,FUND,True,usd,0001604174,BBG006XN8K06,BBG006XN8K15,2025-10-05T06:05:16.27254897Z
ECCC,Eagle Point Credit Company Inc. 6.50% Series C Term Preferred Stock due 2031,stocks,us,XNYS,SP,True,usd,0001604174,,,2025-10-05T06:05:16.27254905Z
ECCF,Eagle Point Credit Company Inc. 8.00% Series F Term Preferred Stock due 2029,stocks,us,XNYS,SP,True,usd,0001604174,,,2025-10-05T06:05:16.27254913Z
ECCU,Eagle Point Credit Company Inc. 7.75% Notes due 2030,stocks,us,XNYS,SP,True,usd,0001604174,,,2025-10-05T06:05:16.2725492Z
ECCV,Eagle Point Credit Company Inc. 5.375% Notes due 2029,stocks,us,XNYS,SP,True,usd,0001604174,,,2025-10-05T06:05:16.27254929Z
ECCW,Eagle Point Credit Company Inc .6.75% Notes due 2031,stocks,us,XNYS,SP,True,usd,0001604174,,,2025-10-05T06:05:16.272549371Z
ECCX,Eagle Point Credit Company Inc. 6.6875% Notes due 2028,stocks,us,XNYS,SP,True,usd,0001604174,,,2025-10-05T06:05:16.272549711Z
ECCpD,Eagle Point Credit Company Inc. 6.75% Series D Preferred Stock,stocks,us,XNYS,PFD,True,usd,0001604174,,,2025-10-05T06:05:16.272549791Z
ECDA,"ECD Automotive Design, Inc. Common Stock",stocks,us,XNAS,CS,True,usd,0001922858,BBG013CY6H64,BBG013CY6H73,2025-10-05T06:05:16.272550012Z
ECDAW,"ECD Automotive Design, Inc. Warrant",stocks,us,XNAS,WARRANT,True,usd,0001922858,BBG01BX1BLQ8,,2025-10-05T06:05:16.272550092Z
ECF,Ellsworth Growth and Income Fund Ltd,stocks,us,XASE,FUND,True,usd,0000793040,BBG000BB2DB9,BBG001S5QR43,2025-10-05T06:05:16.272550212Z
ECFpA,Ellsworth Growth and Income Fund Ltd. 5.25 percent Series A Cumulative Preferred Shares (Liquidation Preference $25.00 per share),stocks,us,XASE,PFD,True,usd,0000793040,,,2025-10-05T06:05:16.272550353Z
ECG,"Everus Construction Group, Inc.",stocks,us,XNYS,CS,True,usd,0002015845,BBG01M600X00,BBG01M600Y08,2025-10-05T06:05:16.272550433Z
ECH,iShares MSCI Chile ETF,stocks,us,BATS,ETF,True,usd,0000930667,BBG000TVZM75,BBG001T0LL05,2025-10-05T06:05:16.272550513Z
ECL,"Ecolab, Inc.",stocks,us,XNYS,CS,True,usd,0000031462,BBG000BHKYH4,BBG001S5QRB5,2025-10-05T06:05:16.272550603Z
ECML,Euclidean Fundamental Value ETF,stocks,us,ARCX,ETF,True,usd,,BBG01GMPK3L1,BBG01GMPK4G5,2025-10-05T06:05:16.272550683Z
ECNS,iShares MSCI China Small-Cap ETF,stocks,us,ARCX,ETF,True,usd,0001006249,BBG0016RMMX2,BBG001S56G21,2025-10-05T06:05:16.272550763Z
ECO,Okeanis Eco Tankers Corp.,stocks,us,XNYS,CS,True,usd,0001964954,,,2025-10-05T06:05:16.272550843Z
ECON,Columbia Research Enhanced Emerging Economies ETF,stocks,us,ARCX,ETF,True,usd,0001696209,BBG0015YT5B2,BBG001TCB9Y0,2025-10-05T06:05:16.272550934Z
ECOR,"electroCore, Inc. Common Stock",stocks,us,XNAS,CS,True,usd,0001560258,BBG006R93N12,BBG006R93QQ8,2025-10-05T06:05:16.272551014Z
ECOW,Pacer Emerging Markets Cash Cows 100 ETF,stocks,us,XNAS,ETF,True,usd,0001616668,BBG00P1MK298,BBG00P1MK314,2025-10-05T06:05:16.272551104Z
ECPG,"Encore Capital Group, Inc.",stocks,us,XNAS,CS,True,usd,0001084961,BBG000F369C7,BBG001SKFPK8,2025-10-05T06:05:16.272551184Z
ECVT,Ecovyst Inc.,stocks,us,XNYS,CS,True,usd,0001708035,BBG00GX8YK99,BBG00GX8YLD2,2025-10-05T06:05:16.272551264Z
ECX,ECARX Holdings Inc. Class A Ordinary shares,stocks,us,XNAS,CS,True,usd,0001861974,,,2025-10-05T06:05:16.272551344Z
ECXWW,ECARX Holdings Inc. Warrants,stocks,us,XNAS,WARRANT,True,usd,0001861974,,,2025-10-05T06:05:16.272551555Z
ED,"Consolidated Edison, Inc.",stocks,us,XNYS,CS,True,usd,0001047862,BBG000BHLYS1,BBG001S5QRL4,2025-10-05T06:05:16.272551725Z
EDAP,EDAP TMS SA,stocks,us,XNAS,ADRC,True,usd,0001041934,BBG000C2CL29,BBG001SB3ML7,2025-10-05T06:05:16.272551915Z
EDBL,Edible Garden AG Incorporated Common Stock,stocks,us,XNAS,CS,True,usd,0001809750,BBG00YVK02X5,BBG00YVK02Y4,2025-10-05T06:05:16.272552086Z
EDBLW,Edible Garden AG Incorporated Warrant,stocks,us,XNAS,WARRANT,True,usd,0001809750,BBG0177CKSJ5,,2025-10-05T06:05:16.272552276Z
EDC,"Direxion Daily Emerging Markets Bull 3X Shares, Shares of beneficial interest, no par value",stocks,us,ARCX,ETF,True,usd,0001424958,BBG000H9W9L3,BBG001T36VZ6,2025-10-05T06:05:16.272552366Z
EDD,"Morgan Stanley Emerging Markets Domestic Debt Fund, Inc.",stocks,us,XNYS,FUND,True,usd,0001388141,BBG000PY8K68,BBG001SRJQL6,2025-10-05T06:05:16.272552467Z
EDEN,iShares MSCI Denmark ETF,stocks,us,BATS,ETF,True,usd,0001006249,BBG002DW4P82,BBG002DW4Q17,2025-10-05T06:05:16.272552547Z
EDF,Virtus Stone Harbor Emerging Markets Income Fund,stocks,us,XNYS,FUND,True,usd,0001501103,BBG00162SCL6,BBG001SZVVN1,2025-10-05T06:05:16.272552627Z
EDGE,MRBL Enhanced Equity ETF,stocks,us,BATS,ETF,True,usd,0001472091,BBG01RVZ6G96,BBG01RVZ6HD9,2025-10-05T06:05:16.272552707Z
EDGF,3EDGE Dynamic Fixed Income ETF,stocks,us,ARCX,ETF,True,usd,,BBG01Q3QH9Q4,BBG01Q3QHBN2,2025-10-05T06:05:16.272552787Z
EDGH,3EDGE Dynamic Hard Assets ETF,stocks,us,ARCX,ETF,True,usd,,BBG01Q3PPMG9,BBG01Q3PPN95,2025-10-05T06:05:16.272552867Z
EDGI,3EDGE Dynamic International Equity ETF,stocks,us,ARCX,ETF,True,usd,,BBG01Q3QJMB9,BBG01Q3QJN54,2025-10-05T06:05:16.272552957Z
EDGU,3EDGE Dynamic US Equity ETF,stocks,us,ARCX,ETF,True,usd,,BBG01Q3PMXN0,BBG01Q3PMYP6,2025-10-05T06:05:16.272553038Z
EDHL,Everbright Digital Holding Limited Ordinary Shares,stocks,us,XNAS,CS,True,usd,0002024876,,,2025-10-05T06:05:16.272553118Z
EDIT,"Editas Medicine, Inc. Common Stock",stocks,us,XNAS,CS,True,usd,0001650664,BBG005MX5GZ2,BBG005MX5H08,2025-10-05T06:05:16.272553198Z
EDIV,SPDR S&P Emerging Markets Dividend ETF,stocks,us,ARCX,ETF,True,usd,0001168164,BBG001JZPDN8,BBG001V0JXP2,2025-10-05T06:05:16.272553549Z
EDN,Empresa Distribuidora Y Comercializadora Norte S.A. (Edenor),stocks,us,XNYS,ADRC,True,usd,0001395213,BBG000PMM892,BBG001SL6WF7,2025-10-05T06:05:16.272553629Z
EDOG,ALPS Emerging Sector Dividend Dogs ETF,stocks,us,ARCX,ETF,True,usd,0001414040,BBG0067VP191,BBG0067VP182,2025-10-05T06:05:16.272553739Z
EDOW,First Trust Dow 30 Equal Weight ETF,stocks,us,ARCX,ETF,True,usd,0001329377,BBG00HDBJMZ6,BBG00HDBJNP5,2025-10-05T06:05:16.272553819Z
EDRY,EuroDry Ltd. Common Shares,stocks,us,XNAS,CS,True,usd,0001731388,,,2025-10-05T06:05:16.272553899Z
EDSA,"Edesa Biotech, Inc. Common Shares",stocks,us,XNAS,CS,True,usd,0001540159,BBG000R0LC72,BBG001SPM284,2025-10-05T06:05:16.272553989Z
EDTK,Skillful Craftsman Education Technology Limited Ordinary Share,stocks,us,XNAS,CS,True,usd,0001782309,,,2025-10-05T06:05:16.27255407Z
EDU,"New Oriental Education and Technology Group, Inc. American Depositary Shares (each representing ten (10) Common Shares)",stocks,us,XNYS,ADRC,True,usd,0001372920,BBG000PTRRM5,BBG001SP9P33,2025-10-05T06:05:16.27255415Z
EDUC,Educational Development Corp,stocks,us,XNAS,CS,True,usd,0000031667,BBG000BHN9B2,BBG001S5QS05,2025-10-05T06:05:16.27255424Z
EDV,Vanguard World Funds Extended Duration ETF,stocks,us,ARCX,ETF,True,usd,,BBG000RRTPG6,BBG001SV5CV2,2025-10-05T06:05:16.27255432Z
EDZ,Direxion Daily Emerging Markets Bear 3x Shares,stocks,us,ARCX,ETF,True,usd,0001424958,BBG000HCPD17,BBG001SBZ441,2025-10-05T06:05:16.27255439Z
EE,"Excelerate Energy, Inc.",stocks,us,XNYS,CS,True,usd,0001888447,BBG014GJSRF5,BBG014GJSS81,2025-10-05T06:05:16.27255448Z
EEA,"The European Equity Fund, Inc.",stocks,us,XNYS,FUND,True,usd,0000791718,BBG000BK8WX7,BBG001S5RJQ6,2025-10-05T06:05:16.272554561Z
EEFT,Euronet Worldwide Inc,stocks,us,XNAS,CS,True,usd,0001029199,BBG000BMNBY1,BBG001S9DW39,2025-10-05T06:05:16.272554641Z
EEIQ,EpicQuest Education Group International Limited Common Stock,stocks,us,XNAS,CS,True,usd,0001781397,,,2025-10-05T06:05:16.272554721Z
EELV,Invesco S&P Emerging Markets Low Volatility ETF,stocks,us,ARCX,ETF,True,usd,0000914208,BBG002DJ8GK3,BBG002DJ8H94,2025-10-05T06:05:16.272554811Z
EEM,iShares MSCI Emerging Markets ETF,stocks,us,ARCX,ETF,True,usd,0000930667,BBG000M0P5L2,BBG001SK77D5,2025-10-05T06:05:16.272555011Z
EEMA,iShares MSCI Emerging Markets Asia ETF,stocks,us,XNAS,ETF,True,usd,0001100663,BBG002MYG8C8,BBG002MYG936,2025-10-05T06:05:16.272555092Z
EEMO,Invesco S&P Emerging Markets Momentum ETF,stocks,us,ARCX,ETF,True,usd,0000914208,BBG002PL3XQ7,BBG002PL3YG6,2025-10-05T06:05:16.272555192Z
EEMS,iShares MSCI Emerging Markets Small-Cap ETF,stocks,us,ARCX,ETF,True,usd,0001100663,BBG000G4SNJ2,BBG001T2TH39,2025-10-05T06:05:16.272555272Z
EEMV,iShares MSCI Emerging Markets Min Vol Factor ETF,stocks,us,BATS,ETF,True,usd,0000930667,BBG0025X3F19,BBG0025X3FS0,2025-10-05T06:05:16.272555352Z
EEMX,SPDR MSCI Emerging Markets Fossil Fuel Reserves Free ETF,stocks,us,ARCX,ETF,True,usd,0001168164,BBG00F161LM9,BBG00F161LN8,2025-10-05T06:05:16.272555432Z
EES,WisdomTree U.S. SmallCap Fund,stocks,us,ARCX,ETF,True,usd,0001350487,BBG000R1R061,BBG001SSZBC9,2025-10-05T06:05:16.272555512Z
EET,ProShares Ultra MSCI Emerging Markets,stocks,us,ARCX,ETF,True,usd,0001174610,BBG000JYPCT9,BBG001T3T6V0,2025-10-05T06:05:16.272555693Z
EETH,ProShares Ether ETF,stocks,us,ARCX,ETF,True,usd,,BBG01JLGM0D9,BBG01JLGM174,2025-10-05T06:05:16.272555783Z
EEV,ProShares Trust UltraShort MSCI Emerging Markets,stocks,us,ARCX,ETF,True,usd,0001174610,BBG000TSCZZ7,BBG001T0H195,2025-10-05T06:05:16.272555853Z
EEX,"Emerald Holding, Inc.",stocks,us,XNYS,CS,True,usd,0001579214,BBG00GCTWVH5,BBG00GCTWW65,2025-10-05T06:05:16.272555933Z
EFA,iShares MSCI EAFE ETF,stocks,us,ARCX,ETF,True,usd,0001100663,BBG000D2KQ55,BBG001SG09V7,2025-10-05T06:05:16.272556013Z
EFAA,Invesco MSCI EAFE Income Advantage ETF,stocks,us,ARCX,ETF,True,usd,0001418144,BBG01NQ5R7C0,BBG01NQ5R892,2025-10-05T06:05:16.272556093Z
EFAD,ProShares MSCI EAFE Dividend Growers ETF,stocks,us,BATS,ETF,True,usd,0001174610,BBG0070HRTT2,BBG0070HRTV9,2025-10-05T06:05:16.272556184Z
EFAS,Global X MSCI SuperDividend EAFE ETF,stocks,us,XNAS,ETF,True,usd,0001432353,BBG00F9533B3,BBG00F953421,2025-10-05T06:05:16.272556264Z
EFAV,iShares MSCI EAFE Min Vol Factor ETF,stocks,us,BATS,ETF,True,usd,0001100663,BBG0025X2VX0,BBG0025X2WP7,2025-10-05T06:05:16.272556344Z
EFAX,SPDR MSCI EAFE Fossil Fuel Reserves Free ETF,stocks,us,ARCX,ETF,True,usd,0001168164,BBG00F161GN9,BBG00F161GP7,2025-10-05T06:05:16.272556564Z
EFC,Ellington Financial Inc. Common Stock,stocks,us,XNYS,CS,True,usd,0001411342,BBG000M1K955,BBG001SQ6V04,2025-10-05T06:05:16.272556645Z
EFCpA,Ellington Financial Inc. 6.750% Series A Fixed-to-Floating Rate Cumulative Redeemable Preferred Stock,stocks,us,XNYS,PFD,True,usd,0001411342,,,2025-10-05T06:05:16.272556725Z
EFCpB,Ellington Financial Inc. 6.250% Series B Fixed-Rate Reset Cumulative Redeemable Preferred Stock,stocks,us,XNYS,PFD,True,usd,0001411342,,,2025-10-05T06:05:16.272556805Z
EFCpC,Ellington Financial Inc. 8.625% Series C Fixed-Rate Reset Cumulative Redeemable Preferred Stock,stocks,us,XNYS,PFD,True,usd,0001411342,,,2025-10-05T06:05:16.272556885Z
EFCpD,Ellington Financial Inc. 7.00% Series D Cumulative Perpetual Redeemable Preferred Stock,stocks,us,XNYS,PFD,True,usd,0001411342,,,2025-10-05T06:05:16.272556965Z
EFFE,Harbor Osmosis Emerging Markets Resource Efficient ETF,stocks,us,ARCX,ETF,True,usd,0001860434,BBG01R50YX67,BBG01R50YY47,2025-10-05T06:05:16.272557055Z
EFFI,Harbor Osmosis International Resource Efficient ETF,stocks,us,ARCX,ETF,True,usd,0001860434,BBG01R4YV201,BBG01R4YV2V7,2025-10-05T06:05:16.272557125Z
EFG,iShares MSCI EAFE Growth ETF,stocks,us,BATS,ETF,True,usd,0001100663,BBG000HF82Y7,BBG001SP62C7,2025-10-05T06:05:16.272557406Z
EFIV,SPDR S&P 500 ESG ETF,stocks,us,ARCX,ETF,True,usd,0001081019,BBG00W7DVDD6,BBG00W7DVF50,2025-10-05T06:05:16.272557496Z
EFNL,iShares MSCI Finland ETF,stocks,us,BATS,ETF,True,usd,0001006249,BBG002DMMDD5,BBG002DMMF40,2025-10-05T06:05:16.272557576Z
EFO,ProShares Ultra MSCI EAFE,stocks,us,ARCX,ETF,True,usd,0001174610,BBG000JYMP40,BBG001T3T6S4,2025-10-05T06:05:16.272557656Z
EFOI,"Energy Focus, Inc.",stocks,us,XNAS,CS,True,usd,0000924168,BBG000BTLBB3,BBG001S72R36,2025-10-05T06:05:16.272557737Z
EFR,Eaton Vance Senior Floating-Rate Fund,stocks,us,XNYS,FUND,True,usd,0001258623,BBG000BTQB82,BBG001SC5HJ7,2025-10-05T06:05:16.272557817Z
EFRA,iShares Environmental Infrastructure and Industrials ETF,stocks,us,XNAS,ETF,True,usd,0001100663,BBG01B9L79C8,BBG01B9L7B60,2025-10-05T06:05:16.272557897Z
EFSC,Enterprise Financial Services Corporation,stocks,us,XNAS,CS,True,usd,0001025835,BBG000DZN289,BBG001SKJVR4,2025-10-05T06:05:16.272557977Z
EFSCP,"Enterprise Financial Services Corporation Depositary Shares Each Representing a 1/40th Interest in a Share of 5% Fixed Rate Non-Cumulative Perpetual Preferred Stock, Series A",stocks,us,XNAS,PFD,True,usd,0001025835,,,2025-10-05T06:05:16.272558057Z
EFSI,Eagle Financial Services Inc Common Stock,stocks,us,XNAS,CS,True,usd,0000880641,BBG000FC4FJ8,BBG001SL9R65,2025-10-05T06:05:16.272558147Z
EFT,Eaton Vance Floating-Rate Income Trust,stocks,us,XNYS,FUND,True,usd,0001288992,BBG000Q1L8V3,BBG001SM29R7,2025-10-05T06:05:16.272558238Z
EFTY,"Etoiles Capital Group Co., Ltd. Class A Ordinary Shares",stocks,us,XNAS,CS,True,usd,0002058349,,,2025-10-05T06:05:16.272558318Z
EFU,ProShares Trust UltraShort MSCI EAFE,stocks,us,ARCX,ETF,True,usd,0001576151,BBG000TQWVY9,BBG001T0CWV7,2025-10-05T06:05:16.272558398Z
EFV,iShares MSCI EAFE Value ETF,stocks,us,BATS,ETF,True,usd,0001100663,BBG000GLBJK9,BBG001SNYBH6,2025-10-05T06:05:16.272558488Z
EFX,"Equifax, Incorporated",stocks,us,XNYS,CS,True,usd,0000033185,BBG000BHPL78,BBG001S5QSK3,2025-10-05T06:05:16.272558568Z
EFXT,Enerflex Ltd.,stocks,us,XNYS,CS,True,usd,0001904856,BBG001QVSNG2,BBG001SXXC92,2025-10-05T06:05:16.272558648Z
EFZ,ProShares Trust Short MSCI EAFE,stocks,us,ARCX,ETF,True,usd,0001174610,BBG000TQWJD9,BBG001T0CWR2,2025-10-05T06:05:16.272558728Z
EG,"Everest Group, Ltd.",stocks,us,XNYS,CS,True,usd,0001095073,,,2025-10-05T06:05:16.272558809Z
EGAN,eGain Corporation,stocks,us,XNAS,CS,True,usd,0001066194,BBG000C03573,BBG001SD2461,2025-10-05T06:05:16.272558889Z
EGBN,Eagle Bancorp Inc,stocks,us,XNAS,CS,True,usd,0001050441,BBG000C3HB24,BBG001SBX1Z5,2025-10-05T06:05:16.272558979Z
EGG,Enigmatig Limited,stocks,us,XASE,CS,True,usd,0001982961,,,2025-10-05T06:05:16.272559069Z
EGGQ,NestYield Visionary ETF,stocks,us,XNAS,ETF,True,usd,0001722388,BBG01RH88914,BBG01RH889Z7,2025-10-05T06:05:16.272559149Z
EGGS,NestYield Total Return Guard ETF,stocks,us,ARCX,ETF,True,usd,0001722388,BBG01RH9KJ61,BBG01RH9KK13,2025-10-05T06:05:16.272559229Z
EGGY,NestYield Dynamic Income ETF,stocks,us,ARCX,ETF,True,usd,0001722388,BBG01RH85SK4,BBG01RH85TH6,2025-10-05T06:05:16.27255931Z
EGHA,EGH Acquisition Corp. Class A Ordinary Shares,stocks,us,XNAS,CS,True,usd,0002052547,,,2025-10-05T06:05:16.27255966Z
EGHAR,EGH Acquisition Corp. Rights,stocks,us,XNAS,RIGHT,True,usd,0002052547,,,2025-10-05T06:05:16.27255974Z
EGHAU,EGH Acquisition Corp. Unit,stocks,us,XNAS,UNIT,True,usd,0002052547,,,2025-10-05T06:05:16.272559851Z
EGHT,"8x8, Inc. Common Stock",stocks,us,XNAS,CS,True,usd,0001023731,BBG000BCGHH7,BBG001S6JC97,2025-10-05T06:05:16.272559931Z
EGLE,Global X S&P 500 U.S. Revenue Leaders ETF,stocks,us,ARCX,ETF,True,usd,,BBG01THTD8S1,BBG01TMH6V35,2025-10-05T06:05:16.272560021Z
EGO,Eldorado Gold Corporation,stocks,us,XNYS,CS,True,usd,0000918608,BBG000BN7277,BBG001S5YPQ4,2025-10-05T06:05:16.272560101Z
EGP,EastGroup Properties Inc.,stocks,us,XNYS,CS,True,usd,0000049600,BBG000BHRBT4,BBG001S5QT03,2025-10-05T06:05:16.272560181Z
EGUS,iShares ESG Aware MSCI USA Growth ETF,stocks,us,BATS,ETF,True,usd,0001100663,BBG01DJ8DHQ2,BBG01DJ8DJK4,2025-10-05T06:05:16.272560261Z
EGY,"Vaalco Energy, Inc.",stocks,us,XNYS,CS,True,usd,0000894627,BBG000BTBH21,BBG001S76ZS7,2025-10-05T06:05:16.272560342Z
EH,EHang Holdings Limited ADS,stocks,us,XNAS,ADRC,True,usd,0001759783,BBG00QRFRQC9,BBG00QRFRR37,2025-10-05T06:05:16.272560422Z
EHAB,"Enhabit, Inc.",stocks,us,XNYS,CS,True,usd,0001803737,BBG014QJ5BV6,BBG014QJ5CJ8,2025-10-05T06:05:16.272560502Z
EHC,Encompass Health Corporation Common Stock,stocks,us,XNYS,CS,True,usd,0000785161,BBG000BGBRG2,BBG001S5Q5B3,2025-10-05T06:05:16.272560582Z
EHGO,Eshallgo Inc. Class A Ordinary Shares,stocks,us,XNAS,CS,True,usd,0001879754,,,2025-10-05T06:05:16.272560662Z
EHI,"Western Asset Global High Income Fund, Inc",stocks,us,XNYS,FUND,True,usd,0001228509,BBG000PQ4YV1,BBG001SLMLM5,2025-10-05T06:05:16.272560742Z
EHLD,Euroholdings Ltd. Common Stock,stocks,us,XNAS,CS,True,usd,0002032779,,,2025-10-05T06:05:16.272560822Z
EHLS,Even Herd Long Short ETF,stocks,us,XNAS,ETF,True,usd,0001924868,BBG01M2SMGD2,BBG01M2SMHB2,2025-10-05T06:05:16.272560903Z
EHTH,"eHealth, Inc.",stocks,us,XNAS,CS,True,usd,0001333493,BBG000P5JQX6,BBG001SQX565,2025-10-05T06:05:16.272560983Z
EIC,Eagle Point Income Company Inc.,stocks,us,XNYS,FUND,True,usd,0001754836,BBG00LFV6BR8,BBG00LFV6CJ5,2025-10-05T06:05:16.272561073Z
EICA,Eagle Point Income Company Inc. 5.00% Series A Term Preferred Stock due 2026,stocks,us,XNYS,SP,True,usd,0001754836,,,2025-10-05T06:05:16.272561143Z
EICB,Eagle Point Income Company Inc. 7.75% Series B Term Preferred Stock Due 2028,stocks,us,XNYS,SP,True,usd,0001754836,,,2025-10-05T06:05:16.272561233Z
EICC,Eagle Point Income Company Inc. 8.00% Series C Term Preferred Stock due 2029,stocks,us,XNYS,SP,True,usd,0001754836,,,2025-10-05T06:05:16.272561313Z
EIDO,iShares MSCI Indonesia ETF,stocks,us,ARCX,ETF,True,usd,0001100663,BBG000QVL5M3,BBG001S56QM7,2025-10-05T06:05:16.272561394Z
EIG,"Employers Holdings, Inc.",stocks,us,XNYS,CS,True,usd,0001379041,BBG000DJX7Q3,BBG001SMM101,2025-10-05T06:05:16.272561474Z
EIIA,Eagle Point Institutional Income Fund 8.125% Series A Term Preferred Shares Due 2029,stocks,us,XNYS,PFD,True,usd,0001896036,,,2025-10-05T06:05:16.272561564Z
EIM,Eaton Vance Municipal Bond Fund,stocks,us,XASE,FUND,True,usd,0001176984,BBG000BD7C95,BBG001S6S949,2025-10-05T06:05:16.272561654Z
EINC,VanEck Energy Income ETF,stocks,us,ARCX,ETF,True,usd,0001137360,BBG002QM2M43,BBG002QM2MW2,2025-10-05T06:05:16.272561724Z
EIPI,FT Energy Income Partners Enhanced Income ETF,stocks,us,ARCX,ETF,True,usd,0001667919,BBG01MQW4J41,BBG01MQW4K20,2025-10-05T06:05:16.272561804Z
EIPX,FT Energy Income Partners Strategy ETF,stocks,us,ARCX,ETF,True,usd,0001517936,BBG01B92RNJ0,BBG01B92RPD1,2025-10-05T06:05:16.272561895Z
EIRL,iShares MSCI Ireland ETF,stocks,us,ARCX,ETF,True,usd,0001006249,BBG000QVLXY9,BBG001S56P85,2025-10-05T06:05:16.272561975Z
EIS,iShares MSCI Israel ETF,stocks,us,ARCX,ETF,True,usd,0000930667,BBG000VDCB71,BBG001T13884,2025-10-05T06:05:16.272562055Z
EIX,Edison International,stocks,us,XNYS,CS,True,usd,0000827052,BBG000D7RKJ5,BBG001S7MY75,2025-10-05T06:05:16.272562135Z
EJAN,Innovator Emerging Markets Power Buffer ETF  January,stocks,us,ARCX,ETS,True,usd,0001482688,BBG00R878PT1,BBG00R878QK8,2025-10-05T06:05:16.272562335Z
EJH,E-Home Household Service Holdings Limited Ordinary Shares,stocks,us,XNAS,CS,True,usd,0001769768,,,2025-10-05T06:05:16.272562536Z
EJUL,Innovator Emerging Markets Power Buffer ETF - July,stocks,us,ARCX,ETS,True,usd,0001482688,BBG00PLZ0LP9,BBG00PLZ0MN9,2025-10-05T06:05:16.272562616Z
EKG,First Trust Nasdaq Lux Digital Health Solutions ETF,stocks,us,XNAS,ETF,True,usd,,BBG0161B2CD6,BBG0161B2DV4,2025-10-05T06:05:16.272562716Z
EKSO,"Ekso Bionics Holdings, Inc. Common Stock",stocks,us,XNAS,CS,True,usd,0001549084,BBG002Z0NKK4,BBG002Z0NL95,2025-10-05T06:05:16.272562796Z
EL,The Estee Lauder Companies Inc. Class A,stocks,us,XNYS,CS,True,usd,0001001250,BBG000FKJRC5,BBG001S8L5H6,2025-10-05T06:05:16.272562876Z
ELA,Envela Corporation,stocks,us,XASE,CS,True,usd,0000701719,BBG000G9WBK0,BBG001S684B4,2025-10-05T06:05:16.272562967Z
ELAB,PMGC Holdings Inc. Common Stock,stocks,us,XNAS,CS,True,usd,0001840563,BBG01JLC7VG4,BBG01JLC7VH3,2025-10-05T06:05:16.272563037Z
ELAN,Elanco Animal Health Incorporated Common Stock,stocks,us,XNYS,CS,True,usd,0001739104,BBG00LJYS1P8,BBG00LJYS1R6,2025-10-05T06:05:16.272563127Z
ELBM,Electra Battery Materials Corporation Common Stock,stocks,us,XNAS,CS,True,usd,0001907184,BBG00G3Q7LD5,BBG001VMMNC6,2025-10-05T06:05:16.272563207Z
ELC,"Entergy Louisiana, LLC Collateral Trust Mortgage Bonds, 4.875 % Series due September 1, 2066",stocks,us,XNYS,SP,True,usd,0001348952,,,2025-10-05T06:05:16.272563367Z
ELCV,Eventide High Dividend ETF,stocks,us,ARCX,ETF,True,usd,,BBG01Q35HBJ3,BBG01Q35HCJ1,2025-10-05T06:05:16.272563447Z
ELD,WisdomTree Emerging Markets Local Debt Fund,stocks,us,ARCX,ETF,True,usd,0001350487,BBG0014GXD84,BBG001SVS9X2,2025-10-05T06:05:16.272563528Z
ELDN,"Eledon Pharmaceuticals, Inc. Common Stock",stocks,us,XNAS,CS,True,usd,0001404281,BBG00241S542,BBG00241S579,2025-10-05T06:05:16.272563608Z
ELF,"e.l.f. Beauty, Inc.",stocks,us,XNYS,CS,True,usd,0001600033,BBG00DQ6VYP3,BBG00DQ6VYQ2,2025-10-05T06:05:16.272563688Z
ELFY,ALPS Electrification Infrastructure ETF,stocks,us,XNAS,ETF,True,usd,0001414040,BBG01T6HZ3W1,BBG01T6HZ5W6,2025-10-05T06:05:16.272563768Z
ELIL,Direxion Daily LLY Bull 2X Shares,stocks,us,XNAS,ETF,True,usd,,BBG01SPDBS98,BBG01SPDBT96,2025-10-05T06:05:16.272563858Z
ELIS,Direxion Daily LLY Bear 1X Shares,stocks,us,XNAS,ETF,True,usd,,BBG01SQBQKK9,BBG01SQBQLG2,2025-10-05T06:05:16.272563938Z
ELLO,Ellomay Capital LTD,stocks,us,XASE,CS,True,usd,0000946394,,,2025-10-05T06:05:16.272564019Z
ELM,Elm Market Navigator ETF,stocks,us,ARCX,ETF,True,usd,,BBG01S7M8KM4,BBG01S7M8M31,2025-10-05T06:05:16.272564099Z
ELMD,"Electromed, Inc.",stocks,us,XASE,CS,True,usd,0001488917,BBG000QN5ZH9,BBG001T853R7,2025-10-05T06:05:16.272564179Z
ELME,Elme Communities,stocks,us,XNYS,CS,True,usd,0000104894,BBG000BWYX06,BBG001S5XJD3,2025-10-05T06:05:16.272564259Z
ELOG,Eastern International Ltd. Ordinary Shares,stocks,us,XNAS,CS,True,usd,0002013320,,,2025-10-05T06:05:16.272564339Z
ELON,BattleShares TSLA vs F ETF,stocks,us,ARCX,ETS,True,usd,0001722388,BBG01S7Q8888,BBG01S7Q89D0,2025-10-05T06:05:16.272564419Z
ELP,Companhia Paranaense de Energia - COPEL American Depositary Shares (each representing four (4) Class B Preferred Shares),stocks,us,XNYS,ADRC,True,usd,0001041792,BBG000BHMXD8,BBG001S69YL6,2025-10-05T06:05:16.27256451Z
ELPC,Companhia Paranaense de Energia - COPEL American Depositary Shares (each representing four (4) Common Shares),stocks,us,XNYS,ADRC,True,usd,0001041792,BBG01KK16ZG8,BBG01KK170B9,2025-10-05T06:05:16.27256459Z
ELPW,Elong Power Holding Limited Class A Ordinary Shares,stocks,us,XNAS,CS,True,usd,0002015691,,,2025-10-05T06:05:16.27256467Z
ELS,"Equity Lifestyle Properties, Inc.",stocks,us,XNYS,CS,True,usd,0000895417,BBG000BB7SX7,BBG001S5T5G5,2025-10-05T06:05:16.27256476Z
ELSE,Electro-Sensors Inc,stocks,us,XNAS,CS,True,usd,0000351789,BBG000BHTPS2,BBG001S5QV35,2025-10-05T06:05:16.27256484Z
ELTK,Eltek Ltd,stocks,us,XNAS,CS,True,usd,0001024672,,,2025-10-05T06:05:16.27256492Z
ELTX,"Elicio Therapeutics, Inc. Common Stock",stocks,us,XNAS,CS,True,usd,0001601485,BBG00444GM02,BBG00444GM11,2025-10-05T06:05:16.272565Z
ELUT,Elutia Inc. Class A Common Stock,stocks,us,XNAS,CS,True,usd,0001708527,BBG00BRBB838,BBG00BRBB847,2025-10-05T06:05:16.272565271Z
ELV,"Elevance Health, Inc.",stocks,us,XNYS,CS,True,usd,0001156039,BBG000BCG930,BBG001S6KBQ8,2025-10-05T06:05:16.272565351Z
ELVA,Electrovaya Inc. Common Shares,stocks,us,XNAS,CS,True,usd,0001844450,BBG000DPKWC3,BBG001SGDN51,2025-10-05T06:05:16.272565562Z
ELVN,"Enliven Therapeutics, Inc. Common Stock",stocks,us,XNAS,CS,True,usd,0001672619,BBG00CP3BDD4,BBG00CP3BDF2,2025-10-05T06:05:16.272565642Z
ELVR,Elevra Lithium Limited American Depository Shares,stocks,us,XNAS,ADRC,True,usd,0001739016,BBG01X08CHB5,BBG01X08CJ67,2025-10-05T06:05:16.272565762Z
ELWS,"Earlyworks Co., Ltd. American Depositary Shares",stocks,us,XNAS,ADRC,True,usd,0001944399,BBG01C6G62Z1,BBG01HMQGXJ9,2025-10-05T06:05:16.272565842Z
EM,Smart Share Global Limited American Depositary Shares,stocks,us,XNAS,ADRC,True,usd,0001834253,BBG00ZMZ5175,BBG00ZMZ5228,2025-10-05T06:05:16.272565922Z
EMA,Emera Incorporated,stocks,us,XNYS,CS,True,usd,0001127248,BBG000CX7YD7,BBG001S8TF95,2025-10-05T06:05:16.272566002Z
EMB,iShares J.P. Morgan USD Emerging Markets Bond ETF,stocks,us,XNAS,ETF,True,usd,0001100663,BBG000NXKWH0,BBG001SQS9Y2,2025-10-05T06:05:16.272566083Z
EMBC,Embecta Corp. Common Stock,stocks,us,XNAS,CS,True,usd,0001872789,BBG014L7D4G1,BBG014L7D4H0,2025-10-05T06:05:16.272566163Z
EMBD,Global X Emerging Markets Bond ETF,stocks,us,ARCX,ETF,True,usd,0001432353,BBG00V6QGVM7,BBG00V6QGWD5,2025-10-05T06:05:16.272566243Z
EMC,Global X Emerging Markets Great Consumer ETF,stocks,us,ARCX,ETF,True,usd,,BBG01GJX6FP3,BBG01GJX6GJ8,2025-10-05T06:05:16.272566323Z
EMCB,WisdomTree Emerging Markets Corporate Bond Fund,stocks,us,XNAS,ETF,True,usd,0001350487,BBG002QBHCV3,BBG002QBHDL2,2025-10-05T06:05:16.272566403Z
EMCR,Xtrackers Emerging Markets Carbon Reduction and Climate Improvers ETF,stocks,us,ARCX,ETF,True,usd,0001503123,BBG00MQCZF86,BBG00MQCZG02,2025-10-05T06:05:16.272566483Z
EMCS,Xtrackers MSCI Emerging Markets Climate Selection ETF,stocks,us,ARCX,ETF,True,usd,0001503123,BBG00MQCZG93,BBG00MQCZH19,2025-10-05T06:05:16.272566573Z
EMD,"Western Asset Emerging Markets Debt Fund, Inc",stocks,us,XNYS,FUND,True,usd,0001227862,BBG000BVBPK8,BBG001SCCJM1,2025-10-05T06:05:16.272566654Z
EMDM,First Trust Bloomberg Emerging Market Democracies ETF,stocks,us,ARCX,ETF,True,usd,0001125816,BBG01FP6J8C3,BBG01FP6J977,2025-10-05T06:05:16.272566734Z
EMDV,ProShares MSCI Emerging Markets Dividend Growers ETF,stocks,us,BATS,ETF,True,usd,0001174610,BBG00C0B4YQ1,BBG00C0B4YR0,2025-10-05T06:05:16.272566814Z
EME,"EMCOR Group, Inc.",stocks,us,XNYS,CS,True,usd,0000105634,BBG000BBRPL4,BBG001S5QVG1,2025-10-05T06:05:16.272567014Z
EMEQ,Macquarie Focused Emerging Markets Equity ETF,stocks,us,XNAS,ETF,True,usd,0001969995,BBG01PD4YXX4,BBG01PD4YYV4,2025-10-05T06:05:16.272567094Z
EMES,Harbor Emerging Markets Select ETF,stocks,us,ARCX,ETF,True,usd,0001860434,BBG01TXBDD29,BBG01TXBDFK4,2025-10-05T06:05:16.272567205Z
EMF,Templeton Emerging Markets Fund,stocks,us,XNYS,FUND,True,usd,0000809708,BBG000BHWFQ2,BBG001S5QVH0,2025-10-05T06:05:16.272567295Z
EMGF,iShares Emerging Markets Equity Factor ETF,stocks,us,BATS,ETF,True,usd,0000930667,BBG00BM64QM1,BBG00BM64QL2,2025-10-05T06:05:16.272567375Z
EMHC,SPDR Bloomberg Emerging Markets USD Bond ETF,stocks,us,ARCX,ETF,True,usd,0001081019,BBG00ZXP9PZ7,BBG00ZXP9R74,2025-10-05T06:05:16.272567455Z
EMHY,iShares J.P. Morgan EM High Yield Bond ETF,stocks,us,BATS,ETF,True,usd,0000930667,BBG002VCZQ17,BBG002VCZQS8,2025-10-05T06:05:16.272567545Z
EMIF,iShares Emerging Markets Infrastructure ETF,stocks,us,XNAS,ETF,True,usd,0001100663,BBG000G4XV35,BBG001T2TH75,2025-10-05T06:05:16.272567625Z
EMISU,Emmis Acquisition Corp. Units,stocks,us,XNAS,UNIT,True,usd,0002075816,,,2025-10-05T06:05:16.272567716Z
EML,Eastern Company,stocks,us,XNAS,CS,True,usd,0000031107,BBG000BHWVB3,BBG001S5QVP1,2025-10-05T06:05:16.272567786Z
EMLC,VanEck J. P. Morgan EM Local Currency Bond ETF,stocks,us,ARCX,ETF,True,usd,0001137360,BBG000BF8YP3,BBG001T9BPT7,2025-10-05T06:05:16.272567866Z
EMLP,First Trust North American Energy Infrastructure Fund,stocks,us,ARCX,ETF,True,usd,0001517936,BBG0034YTQY8,BBG0034YTRP6,2025-10-05T06:05:16.272567946Z
EMM,Global X Emerging Markets ex-China ETF,stocks,us,ARCX,ETF,True,usd,,BBG01GJX1749,BBG01GJX18Z3,2025-10-05T06:05:16.272568026Z
EMMF,WisdomTree Emerging Markets Multifactor Fund,stocks,us,ARCX,ETF,True,usd,,BBG00LNNW350,BBG00LNNW3X9,2025-10-05T06:05:16.272568106Z
EMN,Eastman Chemical Company,stocks,us,XNYS,CS,True,usd,0000915389,BBG000BLW530,BBG001S7JNP3,2025-10-05T06:05:16.272568227Z
EMNT,PIMCO Enhanced Short Maturity Active ESG ETF,stocks,us,ARCX,ETF,True,usd,0001450011,BBG00QQFDT39,BBG00QQFDTV8,2025-10-05T06:05:16.272568307Z
EMO,ClearBridge Energy Midstream Opportunity Fund Inc.,stocks,us,XNYS,FUND,True,usd,0001517518,BBG001M6WF64,BBG001V10LQ5,2025-10-05T06:05:16.272568387Z
EMOP,AB Emerging Markets Opportunities ETF,stocks,us,ARCX,ETF,True,usd,,BBG01V85RGF9,BBG01V85RH94,2025-10-05T06:05:16.272568467Z
EMOT,First Trust S&P 500 Economic Moat ETF,stocks,us,ARCX,ETF,True,usd,0001552740,BBG01NG4D178,BBG01NG4D221,2025-10-05T06:05:16.272568547Z
EMOr,"ClearBridge Energy Midstream Opportunity Fund Inc. Rights (expiring October 10, 2025)",stocks,us,XNYS,RIGHT,True,usd,0001517518,BBG01X10LXJ8,BBG01X10LYG9,2025-10-05T06:05:16.272568627Z
EMP,"Entergy Mississippi, LLC First Mortgage Bonds, 4.90% Series due October 1, 2066",stocks,us,XNYS,CS,True,usd,0000066901,,,2025-10-05T06:05:16.272568708Z
EMPB,Efficient Market Portfolio Plus ETF,stocks,us,ARCX,ETF,True,usd,,BBG01R7268R4,BBG01R7269Q3,2025-10-05T06:05:16.272568788Z
EMPD,Empery Digital Inc. Common stock,stocks,us,XNAS,CS,True,usd,0001829794,BBG012GNY0K6,BBG012GNY1D2,2025-10-05T06:05:16.272568868Z
EMPG,Empro Group Inc. Ordinary shares,stocks,us,XNAS,CS,True,usd,0002005569,,,2025-10-05T06:05:16.272568958Z
EMQQ,EMQQ The Emerging Markets Internet ETF,stocks,us,ARCX,ETF,True,usd,0001452937,BBG007J2YCX9,BBG007J2YCW0,2025-10-05T06:05:16.272569128Z
EMR,Emerson Electric Co.,stocks,us,XNYS,CS,True,usd,0000032604,BBG000BHX7N2,BBG001S5QVT7,2025-10-05T06:05:16.272569208Z
EMSF,Matthews Emerging Markets Sustainable Future Active ETF,stocks,us,ARCX,ETF,True,usd,0001520118,BBG01JFJDX66,BBG01JFJDY37,2025-10-05T06:05:16.272569339Z
EMTL,SPDR DoubleLine Emerging Markets Fixed Income ETF,stocks,us,BATS,ETF,True,usd,0001516212,BBG00CNV8TD3,BBG00CNV8TC4,2025-10-05T06:05:16.272569419Z
EMTY,ProShares Decline of the Retail Store ETF,stocks,us,ARCX,ETF,True,usd,0001174610,BBG00J7QR8C3,BBG00J7QR922,2025-10-05T06:05:16.272569499Z
EMX,EMX Royalty Corporation,stocks,us,XASE,CS,True,usd,0001285786,BBG000DJMYQ6,BBG001S9CTR1,2025-10-05T06:05:16.272569579Z
EMXC,iShares MSCI Emerging Markets ex China ETF,stocks,us,XNAS,ETF,True,usd,0000930667,BBG00H5VLMJ6,BBG00H5VLN77,2025-10-05T06:05:16.27256975Z
EMXF,iShares ESG Advanced MSCI EM ETF,stocks,us,XNAS,ETF,True,usd,0001100663,BBG00XR16BC1,BBG00XR16C66,2025-10-05T06:05:16.27256983Z
ENB,"Enbridge, Inc",stocks,us,XNYS,CS,True,usd,0000895728,BBG000K5M1S8,BBG001S6Q6D7,2025-10-05T06:05:16.27257003Z
ENDW,Cambria Endowment Style ETF,stocks,us,XNAS,ETF,True,usd,,BBG01TCGVRN7,BBG01TCGVSW5,2025-10-05T06:05:16.2725702Z
ENFR,Alerian Energy Infrastructure ETF,stocks,us,ARCX,ETF,True,usd,0001414040,BBG005HVCXT4,BBG005HVCXV1,2025-10-05T06:05:16.272570381Z
ENFY,Enlightify Inc.,stocks,us,XNYS,CS,True,usd,0000857949,BBG000D5F435,BBG001S7HL24,2025-10-05T06:05:16.272570551Z
ENGN,enGene Holdings Inc. Common Stock,stocks,us,XNAS,CS,True,usd,0001980845,BBG01J1GCYW7,BBG01J1GCYX6,2025-10-05T06:05:16.272570731Z
ENGNW,enGene Holdings Inc. Warrants,stocks,us,XNAS,WARRANT,True,usd,0001980845,BBG01J3GCZQ9,,2025-10-05T06:05:16.272570812Z
ENGS,Energys Group Limited Ordinary Shares,stocks,us,XNAS,CS,True,usd,0001971828,,,2025-10-05T06:05:16.272570922Z
ENIC,Enel Chile S.A. American Depositary Shares Representing Common Stock (Each representing 50 shares of Common Stock),stocks,us,XNYS,ADRC,True,usd,0001659939,BBG00CMP4ZT0,BBG00CMP50J7,2025-10-05T06:05:16.272571002Z
ENJ,"Entergy New Orleans, LLC First Mortgage Bonds, 5.0% Series due December 1, 2052",stocks,us,XNYS,SP,True,usd,0000071508,,,2025-10-05T06:05:16.272571112Z
ENLT,Enlight Renewable Energy Ltd. Ordinary Shares,stocks,us,XNAS,CS,True,usd,0001922641,,,2025-10-05T06:05:16.272571192Z
ENLV,Enlivex Therapeutics Ltd. Ordinary Shares,stocks,us,XNAS,CS,True,usd,0001596812,,,2025-10-05T06:05:16.272571272Z
ENO,"Entergy New Orleans, LLC First Mortgage Bonds, 5.50% Series due April 1, 2066",stocks,us,XNYS,SP,True,usd,0000071508,,,2025-10-05T06:05:16.272571353Z
ENOR,iShares MSCI Norway ETF,stocks,us,BATS,ETF,True,usd,0001006249,BBG002DMLTJ5,BBG002DMLV82,2025-10-05T06:05:16.272571433Z
ENOV,Enovis Corporation,stocks,us,XNYS,CS,True,usd,0001420800,BBG000C5Z443,BBG001SC04J1,2025-10-05T06:05:16.272571513Z
ENPH,"Enphase Energy, Inc.",stocks,us,XNAS,CS,True,usd,0001463101,BBG001R3MNY9,BBG001V28NC6,2025-10-05T06:05:16.272571593Z
ENPX,Tradr 2X Long ENPH Daily ETF,stocks,us,BATS,ETF,True,usd,,BBG01X7SWF80,BBG01X7SWGF0,2025-10-05T06:05:16.272571673Z
ENR,"Energizer Holdings, Inc",stocks,us,XNYS,CS,True,usd,0001632790,BBG006FCB019,BBG006FCB028,2025-10-05T06:05:16.272571884Z
ENS,"EnerSys, Inc.",stocks,us,XNYS,CS,True,usd,0001289308,BBG000PWTD92,BBG001SLVXW8,2025-10-05T06:05:16.272572074Z
ENSC,"Ensysce Biosciences, Inc. Common Stock",stocks,us,XNAS,CS,True,usd,0001716947,BBG00JFF4174,BBG00JFF4183,2025-10-05T06:05:16.272572154Z
ENSG,"The Ensign Group, Inc.",stocks,us,XNAS,CS,True,usd,0001125376,BBG000K1T9L0,BBG001SPNL09,2025-10-05T06:05:16.272572234Z
ENTA,"Enanta Pharmaceuticals, Inc",stocks,us,XNAS,CS,True,usd,0001177648,BBG001V9NSB4,BBG001V9NSC3,2025-10-05T06:05:16.272572324Z
ENTG,Entegris Inc,stocks,us,XNAS,CS,True,usd,0001101302,BBG000CTV4N4,BBG001SF9YL6,2025-10-05T06:05:16.272572405Z
ENTO,"Entero Therapeutics, Inc. Common Stock",stocks,us,XNAS,CS,True,usd,0001604191,BBG00DBBJ4T4,BBG00DBBJ4V1,2025-10-05T06:05:16.272572485Z
ENTX,Entera Bio Ltd. Ordinary Shares,stocks,us,XNAS,CS,True,usd,0001638097,,,2025-10-05T06:05:16.272572565Z
ENVA,"Enova International, Inc.",stocks,us,XNYS,CS,True,usd,0001529864,BBG0022PSJ14,BBG0022PSJT4,2025-10-05T06:05:16.272573016Z
ENVB,"Enveric Biosciences, Inc. Common Stock",stocks,us,XNAS,CS,True,usd,0000890821,BBG000BBQ281,BBG001S5W660,2025-10-05T06:05:16.272573096Z
ENVX,Enovix Corporation Common Stock,stocks,us,XNAS,CS,True,usd,0001828318,BBG00YC53854,BBG00YC538B7,2025-10-05T06:05:16.272573226Z
ENX,Eaton Vance New York Municipal Bond Fund,stocks,us,XASE,FUND,True,usd,0001177162,BBG000NSTZG6,BBG001SKX9S6,2025-10-05T06:05:16.272573306Z
ENZL,iShares Trust iShares MSCI New Zealand ETF,stocks,us,XNAS,ETF,True,usd,0000913414,BBG0015M9W30,BBG001TC2GR2,2025-10-05T06:05:16.272573386Z
EOCT,Innovator Emerging Markets Power Buffer ETF-October,stocks,us,ARCX,ETS,True,usd,0001482688,BBG012S333W2,BBG012S334Q7,2025-10-05T06:05:16.272573467Z
EOD,Allspring Global Dividend Opportunity Fund,stocks,us,XNYS,FUND,True,usd,0001386067,BBG000CRHXK3,BBG001SM51M6,2025-10-05T06:05:16.272573557Z
EOG,"EOG Resources, Inc.",stocks,us,XNYS,CS,True,usd,0000821189,BBG000BZ9223,BBG001S5ZB93,2025-10-05T06:05:16.272573637Z
EOI,Eaton Vance Enhanced Equity Income Fund,stocks,us,XNYS,FUND,True,usd,0001300391,BBG000BH97J4,BBG001S7ZLC3,2025-10-05T06:05:16.272573857Z
EOLS,"Evolus, Inc. Common Stock",stocks,us,XNAS,CS,True,usd,0001570562,BBG005CX4HK8,BBG005CX4HL7,2025-10-05T06:05:16.272573937Z
EONR,EON Resources Inc.,stocks,us,XASE,CS,True,usd,0001842556,BBG00Z83TWF9,BBG00Z83TWG8,2025-10-05T06:05:16.272574048Z
EONR.WS,"EON Resources Inc. Warrants, each whole warrant exercisable for three quarters of one share of Class A Common Stock at an exercise price of $11.50 per whole share",stocks,us,XASE,WARRANT,True,usd,0001842556,BBG01137RBB1,,2025-10-05T06:05:16.272574128Z
EOS,Eaton Vance Enhance Equity Income Fund II,stocks,us,XNYS,FUND,True,usd,0001308335,BBG000QR2TF9,BBG001SNGXL3,2025-10-05T06:05:16.272574218Z
EOSE,"Eos Energy Enterprises, Inc. Class A Common Stock",stocks,us,XNAS,CS,True,usd,0001805077,BBG00V1KJ6F5,BBG00V1KJ6G4,2025-10-05T06:05:16.272574298Z
EOSEW,"Eos Energy Enterprises, Inc. Warrant",stocks,us,XNAS,WARRANT,True,usd,0001805077,BBG00V5MVWM8,,2025-10-05T06:05:16.272574408Z
EOT,EATON VANCE NATIONAL MUNICIPAL OPPORTUNITIES TRUST,stocks,us,XNYS,FUND,True,usd,0001454741,BBG000D5LLH5,BBG001T0RCC6,2025-10-05T06:05:16.272574489Z
EP,Empire Petroleum Corporation,stocks,us,XASE,CS,True,usd,0000887396,BBG000BBS3H7,BBG001S5QVS8,2025-10-05T06:05:16.272574569Z
EPAC,Enerpac Tool Group Corp.,stocks,us,XNYS,CS,True,usd,0000006955,BBG000B9WX45,BBG001S5NYQ7,2025-10-05T06:05:16.272574649Z
EPAM,"EPAM SYSTEMS, INC.",stocks,us,XNYS,CS,True,usd,0001352010,BBG000MHTV89,BBG001SKDJH8,2025-10-05T06:05:16.272574729Z
EPC,Edgewell Personal Care Company,stocks,us,XNYS,CS,True,usd,0001096752,BBG000BRW644,BBG001SF1XY2,2025-10-05T06:05:16.272574809Z
EPD,Enterprise Products Partners L.P.,stocks,us,XNYS,CS,True,usd,0001061219,BBG000BR3012,BBG001S9P0Z1,2025-10-05T06:05:16.272574889Z
EPEM,Harbor Emerging Markets Equity ETF,stocks,us,ARCX,ETF,True,usd,0001860434,BBG01TQRTHV4,BBG01TQRTJQ6,2025-10-05T06:05:16.272574969Z
EPHE,iShares MSCI Philippines ETF,stocks,us,ARCX,ETF,True,usd,0000930667,BBG0016RN6D8,BBG001TCKW33,2025-10-05T06:05:16.27257506Z
EPI,WisdomTree India Earnings Fund ETF,stocks,us,ARCX,ETF,True,usd,0001350487,BBG000VC1C55,BBG001T21LV9,2025-10-05T06:05:16.27257514Z
EPIN,Harbor International Equity ETF,stocks,us,ARCX,ETF,True,usd,0001860434,BBG01TQRZ4W5,BBG01TQRZ5S7,2025-10-05T06:05:16.27257534Z
EPIX,ESSA Pharma Inc. Common Stock,stocks,us,XNAS,CS,True,usd,0001633932,BBG0088NJ8D1,BBG0080GLFK7,2025-10-05T06:05:16.27257542Z
EPM,Evolution Petroleum Corporation,stocks,us,XASE,CS,True,usd,0001006655,BBG000C15T59,BBG001S7PJP5,2025-10-05T06:05:16.272575531Z
EPMB,Harbor Mid Cap Core ETF,stocks,us,ARCX,ETF,True,usd,0001860434,BBG01TQRMTQ1,BBG01TQRMVN9,2025-10-05T06:05:16.272575611Z
EPMV,Harbor Mid Cap Value ETF,stocks,us,ARCX,ETF,True,usd,0001860434,BBG01TQRPXH9,BBG01TQRPYC2,2025-10-05T06:05:16.272575691Z
EPOL,iShares MSCI Poland ETF,stocks,us,ARCX,ETF,True,usd,0001100663,BBG000QYG6S5,BBG001S56L11,2025-10-05T06:05:16.272575771Z
EPOW,"Sunrise New Energy Co., Ltd Class A Ordinary Shares",stocks,us,XNAS,CS,True,usd,0001780731,,,2025-10-05T06:05:16.272575851Z
EPP,iShares MSCI Pacific ex Japan ETF,stocks,us,ARCX,ETF,True,usd,0000930667,BBG000BJ1XP4,BBG001S89L03,2025-10-05T06:05:16.272575931Z
EPR,EPR Properties,stocks,us,XNYS,CS,True,usd,0001045450,BBG000BSZYR3,BBG001SB5QR0,2025-10-05T06:05:16.272576011Z
EPRF,Innovator S&P Investment Grade Preferred ETF,stocks,us,BATS,ETF,True,usd,0001415726,BBG00CXM70V6,BBG00CXM70W5,2025-10-05T06:05:16.272576092Z
EPRT,"Essential Properties Realty Trust, Inc.",stocks,us,XNYS,CS,True,usd,0001728951,BBG00L17LGJ7,BBG00L17LH87,2025-10-05T06:05:16.272576172Z
EPRX,Eupraxia Pharmaceuticals Inc. Common Stock,stocks,us,XNAS,CS,True,usd,0001581178,BBG011CHM224,BBG00Z83VS56,2025-10-05T06:05:16.272576252Z
EPRpC,EPR Properties 5.75% Series C Cumulative Convertible Preferred Shares,stocks,us,XNYS,PFD,True,usd,0001045450,,,2025-10-05T06:05:16.272576332Z
EPRpE,EPR Properties 9.00% Series E Cumulative Convertible Preferred Shares,stocks,us,XNYS,PFD,True,usd,0001045450,,,2025-10-05T06:05:16.272576412Z
EPRpG,EPR Properties 5.750% Series G Cumulative Redeemable Preferred Shares,stocks,us,XNYS,PFD,True,usd,0001045450,,,2025-10-05T06:05:16.272576492Z
EPS,WisdomTree U.S. LargeCap Fund,stocks,us,ARCX,ETF,True,usd,0001350487,BBG000R1PCX7,BBG001SSZB57,2025-10-05T06:05:16.272576693Z
EPSB,Harbor SMID Cap Core ETF,stocks,us,ARCX,ETF,True,usd,0001860434,BBG01TQRRQD6,BBG01TQRRR80,2025-10-05T06:05:16.272576793Z
EPSM,Epsium Enterprise Limited Class A Ordinary Shares,stocks,us,XNAS,CS,True,usd,0001883437,,,2025-10-05T06:05:16.272576873Z
EPSN,Epsilon Energy Ltd.,stocks,us,XNAS,CS,True,usd,0001726126,BBG000BHJM37,BBG001SBVQH2,2025-10-05T06:05:16.272576963Z
EPSV,Harbor SMID Cap Value ETF,stocks,us,ARCX,ETF,True,usd,0001860434,BBG01TQRXF43,BBG01TQRXG41,2025-10-05T06:05:16.272577043Z
EPU,iShares MSCI Peru and Global Exposure ETF,stocks,us,ARCX,ETF,True,usd,0000913414,BBG000MF3YP6,BBG001T4R2P6,2025-10-05T06:05:16.272577124Z
EPV,ProShares UltraShort FTSE Europe,stocks,us,ARCX,ETF,True,usd,0001576151,BBG000MKHDC0,BBG001T4SGB9,2025-10-05T06:05:16.272577204Z
EPWK,EPWK Holdings Ltd. Class A Ordinary Shares,stocks,us,XNAS,CS,True,usd,0001900720,,,2025-10-05T06:05:16.272577284Z
EPpC,El Paso Energy Capital Trust I,stocks,us,XNYS,PFD,True,usd,0000887396,,,2025-10-05T06:05:16.272577364Z
EQ,"Equillium, Inc. Common Stock",stocks,us,XNAS,CS,True,usd,0001746466,BBG00LSL8C10,BBG00LSL8C29,2025-10-05T06:05:16.272577494Z
EQAL,Invesco Russell 1000 Equal Weight ETF,stocks,us,ARCX,ETF,True,usd,0001378872,BBG007RBRVZ4,BBG007RBRW19,2025-10-05T06:05:16.272577574Z
EQBK,"Equity Bancshares, Inc.",stocks,us,XNYS,CS,True,usd,0001227500,BBG000QKJS40,BBG001SN1XQ4,2025-10-05T06:05:16.272577655Z
EQH,"Equitable Holdings, Inc.",stocks,us,XNYS,CS,True,usd,0001333986,BBG00J7CBVW8,BBG00J7CBWL8,2025-10-05T06:05:16.272577745Z
EQHpA,"Equitable Holdings, Inc. Depositary Shares, each representing a 1/1000th interest in a share of Fixed Rate Noncumulative Perpetual Preferred Stock, Series A",stocks,us,XNYS,PFD,True,usd,0001333986,,,2025-10-05T06:05:16.272577835Z
EQHpC,"Equitable Holdings, Inc. Depositary Shares, each representing a 1/1, 000th interest in a share of Fixed Rate Noncumulative Perpetual Preferred Stock, Series C",stocks,us,XNYS,PFD,True,usd,0001333986,,,2025-10-05T06:05:16.272577915Z
EQIN,Columbia U.S. Equity Income ETF,stocks,us,ARCX,ETF,True,usd,0001551950,BBG00D2R0FX9,BBG00D2R0FY8,2025-10-05T06:05:16.272578005Z
EQIX,"Equinix, Inc. Common Stock REIT",stocks,us,XNAS,CS,True,usd,0001101239,BBG000MBDGM6,BBG001SKBNS9,2025-10-05T06:05:16.272578095Z
EQL,ALPS Equal Sector Weight ETF,stocks,us,ARCX,ETF,True,usd,0001414040,BBG000N8Y785,BBG001T53M75,2025-10-05T06:05:16.272578286Z
EQLT,iShares MSCI Emerging Markets Quality Factor ETF,stocks,us,BATS,ETF,True,usd,0001100663,BBG01PK3DGJ4,BBG01PK3DHW7,2025-10-05T06:05:16.272578366Z
EQNR,"Equinor ASA American Depositary Shares (Each Representing One Ordinary Share, nominal value NOK 2.50 per share)",stocks,us,XNYS,ADRC,True,usd,0001140625,BBG000NT0ZZ4,BBG001SJ3R93,2025-10-05T06:05:16.272578476Z
EQR,Equity Residential,stocks,us,XNYS,CS,True,usd,0000906107,BBG000BG8M31,BBG001S723L9,2025-10-05T06:05:16.272578556Z
EQRR,ProShares Equities for Rising Rates ETF,stocks,us,XNAS,ETF,True,usd,0001174610,BBG00H4371J1,BBG00H437272,2025-10-05T06:05:16.272578667Z
EQS,"Equus Total Return, Inc.",stocks,us,XNYS,CS,True,usd,0000878932,BBG000CWM7W0,BBG001S73WF1,2025-10-05T06:05:16.272578747Z
EQT,EQT CORP,stocks,us,XNYS,CS,True,usd,0000033213,BBG000BHZ5J9,BBG001S5QXJ4,2025-10-05T06:05:16.272578827Z
EQTY,Kovitz Core Equity ETF,stocks,us,ARCX,ETF,True,usd,,BBG01BX1KSN6,BBG01BX1KTH1,2025-10-05T06:05:16.272578907Z
EQV,EQV Ventures Acquisition Corp.,stocks,us,XNYS,CS,True,usd,0002021042,,,2025-10-05T06:05:16.272578987Z
EQV.U,"EQV Ventures Acquisition Corp. Units, each consisting of one Class A ordinary share and one-third of one redeemable warrant",stocks,us,XNYS,UNIT,True,usd,0002021042,,,2025-10-05T06:05:16.272579067Z
EQV.WS,"EQV Ventures Acquisition Redeemable warrants, each whole warrant exercisable for one Class A ordinary share at an exercise price of $11.50 per share",stocks,us,XNYS,WARRANT,True,usd,0002021042,,,2025-10-05T06:05:16.272579167Z
EQWL,Invesco S&P 100 Equal Weight ETF,stocks,us,ARCX,ETF,True,usd,0001547580,BBG000QDSHZ6,BBG001SS30F5,2025-10-05T06:05:16.272579248Z
EQX,Equinox Gold Corp.,stocks,us,XASE,CS,True,usd,0001756607,BBG004XB7MN9,BBG001SSK0K0,2025-10-05T06:05:16.272579328Z
ERAS,"Erasca, Inc. Common Stock",stocks,us,XNAS,CS,True,usd,0001761918,BBG00MTSR883,BBG00MTSR892,2025-10-05T06:05:16.272579408Z
ERC,Allspring Multi-Sector Income Fund,stocks,us,XASE,FUND,True,usd,0001227073,BBG000PMWRY1,BBG001SLHRS2,2025-10-05T06:05:16.272579488Z
ERET,iShares Environmentally Aware Real Estate ETF,stocks,us,XNAS,ETF,True,usd,0001100663,BBG01BG3WMX0,BBG01BG3WNR5,2025-10-05T06:05:16.272579578Z
ERH,Allspring Utilities and High Income Fund,stocks,us,XASE,FUND,True,usd,0001279014,BBG000N6X575,BBG001SKNN24,2025-10-05T06:05:16.272579668Z
ERIC,Ericsson American Depositary Shares,stocks,us,XNAS,ADRC,True,usd,0000717826,BBG000BB0QF8,BBG001S5QXT3,2025-10-05T06:05:16.272579759Z
ERIE,Erie Indemnity Co,stocks,us,XNAS,CS,True,usd,0000922621,BBG000BBTJZ1,BBG001S5QXV0,2025-10-05T06:05:16.272579839Z
ERII,"Energy Recovery, Inc.",stocks,us,XNAS,CS,True,usd,0001421517,BBG000VFBBC1,BBG001T28M86,2025-10-05T06:05:16.272579919Z
ERJ,Embraer S.A.,stocks,us,XNYS,ADRC,True,usd,0001355444,BBG000BG3TV0,BBG001S63XQ9,2025-10-05T06:05:16.272579999Z
ERNA,Ernexa Therapeutics Inc. Common Stock,stocks,us,XNAS,CS,True,usd,0000748592,BBG000CX5677,BBG001S74KP5,2025-10-05T06:05:16.272580079Z
ERNZ,Elevation Series Trust TrueShares Active Yield ETF,stocks,us,XNAS,ETF,True,usd,0001683471,BBG01VKBG2L8,BBG01VKBG3H1,2025-10-05T06:05:16.272580169Z
ERO,Ero Copper Corp.,stocks,us,XNYS,CS,True,usd,0001853860,BBG00J09YMM8,BBG00HNV5D86,2025-10-05T06:05:16.27258025Z
ERTH,Invesco MSCI Sustainable Future ETF,stocks,us,ARCX,ETF,True,usd,0001547580,BBG000Q4YTD7,BBG001SRRFG7,2025-10-05T06:05:16.27258033Z
ERX,Direxion Daily Energy Bull 2X Shares,stocks,us,ARCX,ETF,True,usd,0001424958,BBG000JLH8F0,BBG001T3NVC2,2025-10-05T06:05:16.27258041Z
ERY,Direxion Daily Energy Bear 2X Shares,stocks,us,ARCX,ETF,True,usd,0001424958,BBG000JLLQ38,BBG001T3NVG8,2025-10-05T06:05:16.27258049Z
ES,Eversource Energy,stocks,us,XNYS,CS,True,usd,0000072741,BBG000BQ87N0,BBG001S5TRL1,2025-10-05T06:05:16.272580871Z
ESAB,ESAB Corporation,stocks,us,XNYS,CS,True,usd,0001877322,BBG0028ZMP45,BBG0028ZMP54,2025-10-05T06:05:16.272580961Z
ESBA,"EMPIRE STATE REALTY OP, L.P.  SERIES ES",stocks,us,ARCX,UNIT,True,usd,0001553079,BBG004M284K3,BBG004M284L2,2025-10-05T06:05:16.272581061Z
ESCA,Escalade Inc,stocks,us,XNAS,CS,True,usd,0000033488,BBG000BJ0H70,BBG001S5QY11,2025-10-05T06:05:16.272581141Z
ESE,"ESCO Technologies, Inc.",stocks,us,XNYS,CS,True,usd,0000866706,BBG000C4S3P3,BBG001S6MFD1,2025-10-05T06:05:16.272581221Z
ESEA,Euroseas Ltd.(Marshall Islands),stocks,us,XNAS,CS,True,usd,0001341170,,,2025-10-05T06:05:16.272581442Z
ESG,FlexShares STOXX US ESG Select Index Fund,stocks,us,BATS,ETF,True,usd,0001491978,BBG00DB0LJG6,BBG00DB0LJF7,2025-10-05T06:05:16.272581522Z
ESGD,iShares Trust iShares ESG Aware MSCI EAFE ETF,stocks,us,XNAS,ETF,True,usd,0001100663,BBG00D7BBRR8,BBG00D7BBRS7,2025-10-05T06:05:16.272581652Z
ESGE,"iShares, Inc. iShares ESG Aware MSCI EM ETF",stocks,us,XNAS,ETF,True,usd,0001100663,BBG00D7BDH61,BBG00D7BDH70,2025-10-05T06:05:16.272581742Z
ESGG,FlexShares STOXX Global ESG Select Index Fund,stocks,us,BATS,ETF,True,usd,0001491978,BBG00D9WQB08,BBG00D9WQ9Z5,2025-10-05T06:05:16.272581823Z
ESGL,ESGL Holdings Limited Ordinary Shares,stocks,us,XNAS,CS,True,usd,0001957538,,,2025-10-05T06:05:16.272581913Z
ESGLW,ESGL Holdings Limited Warrants,stocks,us,XNAS,WARRANT,True,usd,0001957538,,,2025-10-05T06:05:16.272581993Z
ESGU,iShares Trust iShares ESG Aware MSCI USA ETF,stocks,us,XNAS,ETF,True,usd,0001100663,BBG00FFPFT13,BBG00FFPFTS4,2025-10-05T06:05:16.272582083Z
ESGV,Vanguard ESG U.S. Stock ETF,stocks,us,BATS,ETF,True,usd,,BBG00M0P2RX7,BBG00M0P2SP4,2025-10-05T06:05:16.272582163Z
ESHA,ESH Acquisition Corp. Class A Common Stock,stocks,us,XNAS,CS,True,usd,0001918661,BBG0180WRZB1,BBG0180WRZK1,2025-10-05T06:05:16.272582243Z
ESHAR,ESH Acquisition Corp. Right,stocks,us,XNAS,RIGHT,True,usd,0001918661,BBG01HHQZGY4,BBG01HHQZHS9,2025-10-05T06:05:16.272582323Z
ESI,Element Solutions Inc.,stocks,us,XNYS,CS,True,usd,0001590714,BBG005C4XHR3,BBG004KDL523,2025-10-05T06:05:16.272582404Z
ESIX,SPDR S&P SmallCap 600 ESG ETF,stocks,us,ARCX,ETF,True,usd,0001081019,BBG014H7HB85,BBG014H7HC92,2025-10-05T06:05:16.272582484Z
ESK,REX-Osprey ETH + Staking ETF,stocks,us,BATS,ETF,True,usd,,BBG01X727RJ7,BBG01X727SG8,2025-10-05T06:05:16.272582564Z
ESLA,"Estrella Immunopharma, Inc. Common Stock",stocks,us,XNAS,CS,True,usd,0001844417,BBG00ZDR7G05,BBG00ZDR7G14,2025-10-05T06:05:16.272582644Z
ESLAW,"Estrella Immunopharma, Inc. Warrant",stocks,us,XNAS,WARRANT,True,usd,0001844417,BBG0115PNFQ8,,2025-10-05T06:05:16.272582724Z
ESLG,Eventide Large Cap Growth ETF,stocks,us,ARCX,ETF,True,usd,,BBG01XMMFKP5,BBG01XMMFLP3,2025-10-05T06:05:16.272582975Z
ESLT,Elbit Systems Ltd,stocks,us,XNAS,CS,True,usd,0001027664,,,2025-10-05T06:05:16.272583055Z
ESLV,Eventide Large Cap Value ETF,stocks,us,ARCX,ETF,True,usd,,BBG01XMMDBL1,BBG01XMMDCK0,2025-10-05T06:05:16.272583205Z
ESML,iShares ESG Aware MSCI USA Small-Cap ETF,stocks,us,BATS,ETF,True,usd,0001100663,BBG00KK876G7,BBG00KK87757,2025-10-05T06:05:16.272583275Z
ESMV,iShares Trust iShares ESG Optimized MSCI USA Min Vol Factor ETF,stocks,us,XNAS,ETF,True,usd,0001100663,BBG0136JB519,BBG0136JB5X4,2025-10-05T06:05:16.272583365Z
ESN,Essential 40 Stock ETF,stocks,us,XNAS,ETF,True,usd,,BBG01Q9KHKS4,BBG01Q9KHLM8,2025-10-05T06:05:16.272583436Z
ESNT,Essent Group LTD,stocks,us,XNYS,CS,True,usd,0001448893,,,2025-10-05T06:05:16.272583526Z
ESOA,Energy Services of America Corporation Common Stock,stocks,us,XNAS,CS,True,usd,0001357971,BBG000FSY520,BBG001SNQ748,2025-10-05T06:05:16.272583606Z
ESP,Espey Mfg. & Electronics Corp,stocks,us,XASE,CS,True,usd,0000033533,BBG000BJ2HP8,BBG001S5QYG5,2025-10-05T06:05:16.272583686Z
ESPO,VanEck Video Gaming and eSports ETF,stocks,us,XNAS,ETF,True,usd,0001137360,BBG00M8CX9N5,BBG00M8CXBV1,2025-10-05T06:05:16.272583766Z
ESPR,"Esperion Therapeutics, Inc.",stocks,us,XNAS,CS,True,usd,0001434868,BBG004KB3S72,BBG004KB3SZ1,2025-10-05T06:05:16.272583846Z
ESQ,"Esquire Financial Holdings, Inc. Common Stock",stocks,us,XNAS,CS,True,usd,0001531031,BBG003BCFHX4,BBG003BCFHY3,2025-10-05T06:05:16.272583927Z
ESRT,"EMPIRE STATE REALTY TRUST, INC.",stocks,us,XNYS,CS,True,usd,0001541401,BBG002N8HMW0,BBG002N8HMX9,2025-10-05T06:05:16.272584007Z
ESS,"Essex Property Trust, Inc",stocks,us,XNYS,CS,True,usd,0000920522,BBG000CGJMB9,BBG001S81418,2025-10-05T06:05:16.272584087Z
ESSC,Eventide Small Cap ETF,stocks,us,ARCX,ETF,True,usd,,BBG01XMMFYP5,BBG01XMMFZV5,2025-10-05T06:05:16.272584167Z
ESTA,Establishment Labs Holdings Inc.,stocks,us,XNAS,CS,True,usd,0001688757,,,2025-10-05T06:05:16.272584247Z
ESTC,Elastic N.V.,stocks,us,XNYS,CS,True,usd,0001707753,,,2025-10-05T06:05:16.272584458Z
ESUM,Eventide US Market ETF,stocks,us,ARCX,ETF,True,usd,,BBG01R9KLG60,BBG01R9KLH59,2025-10-05T06:05:16.272584538Z
ET,Energy Transfer LP Common Units representing limited partner interests,stocks,us,XNYS,CS,True,usd,0001276187,BBG000BM2FL9,BBG001SDHNW4,2025-10-05T06:05:16.272584658Z
ETB,Eaton Vance Tax-Managed Buy-Write Income Fund,stocks,us,XNYS,FUND,True,usd,0001308927,BBG000BLQY16,BBG001SDC8B5,2025-10-05T06:05:16.272584738Z
ETCO,Grayscale Ethereum Covered Call ETF,stocks,us,ARCX,ETF,True,usd,,BBG01X01MXS6,BBG01X01MYN9,2025-10-05T06:05:16.272584818Z
ETD,Ethan Allen Interiors Inc,stocks,us,XNYS,CS,True,usd,0000896156,BBG000BBVDT8,BBG001S67JZ6,2025-10-05T06:05:16.272584898Z
ETEC,iShares Breakthrough Environmental Solutions ETF,stocks,us,XNAS,ETF,True,usd,0001100663,BBG01G09Q7Z1,BBG01G09Q8V3,2025-10-05T06:05:16.272584979Z
ETG,Eaton Vance Tax-Advantaged Global Dividend Income Fund,stocks,us,XNYS,FUND,True,usd,0001270523,BBG000JSBCL5,BBG001SJ9S68,2025-10-05T06:05:16.272585059Z
ETH,Grayscale Ethereum Mini Trust ETF,stocks,us,ARCX,ETV,True,usd,0002020455,BBG01NR6CZK2,BBG01NR6D0D6,2025-10-05T06:05:16.272585169Z
ETHA,iShares Ethereum Trust ETF,stocks,us,XNAS,ETF,True,usd,0002000638,BBG01NXX8H49,BBG01NXX8HZ5,2025-10-05T06:05:16.272585249Z
ETHD,ProShares UltraShort Ether ETF,stocks,us,ARCX,ETF,True,usd,,BBG01N6CT9B2,BBG01N6CTB54,2025-10-05T06:05:16.272585329Z
ETHE,Grayscale Ethereum Trust ETF,stocks,us,ARCX,ETV,True,usd,0001725210,BBG00P5NVCR8,BBG00P5NVDH7,2025-10-05T06:05:16.272585409Z
ETHI,Defiance Leveraged Long Income Ethereum ETF,stocks,us,XNAS,ETF,True,usd,,BBG01X7T0GL6,BBG01X7T0HH9,2025-10-05T06:05:16.27258549Z
ETHM,Dynamix Corporation Class A Ordinary Shares,stocks,us,XNAS,CS,True,usd,0002028699,,,2025-10-05T06:05:16.27258557Z
ETHMU,Dynamix Corporation Unit,stocks,us,XNAS,UNIT,True,usd,0002028699,,,2025-10-05T06:05:16.27258565Z
ETHMW,Dynamix Corporation Warrant,stocks,us,XNAS,WARRANT,True,usd,0002028699,,,2025-10-05T06:05:16.27258574Z
ETHO,Amplify Etho Climate Leadership U.S. ETF,stocks,us,ARCX,ETF,True,usd,0001633061,BBG01L6XZHV3,BBG01L6XZJS3,2025-10-05T06:05:16.27258594Z
ETHT,ProShares Ultra Ether ETF,stocks,us,ARCX,ETF,True,usd,,BBG01N6CTBS9,BBG01N6CTCM3,2025-10-05T06:05:16.272586021Z
ETHU,2x Ether ETF,stocks,us,BATS,ETF,True,usd,,BBG01JLG80T8,BBG01JLG81N2,2025-10-05T06:05:16.272586141Z
ETHV,VanEck Ethereum ETF,stocks,us,BATS,ETF,True,usd,0001860788,BBG01NX8ZGV6,BBG01NX8ZHP1,2025-10-05T06:05:16.272586221Z
ETHW,Bitwise Ethereum ETF,stocks,us,ARCX,ETV,True,usd,0002013744,BBG01NWT9ZY5,BBG01NWTB0V2,2025-10-05T06:05:16.272586311Z
ETHZ,ETHZilla Corporation Common Stock,stocks,us,XNAS,CS,True,usd,0001690080,BBG00H1CP0B4,BBG00H1CP113,2025-10-05T06:05:16.272586391Z
ETHZW,ETHZilla Corporation Warrant,stocks,us,XNAS,WARRANT,True,usd,0001690080,BBG00H1CP5Z7,,2025-10-05T06:05:16.272586471Z
ETIp,"Entergy Texas, Inc. 5.375% Series A Preferred Stock",stocks,us,XNYS,PFD,True,usd,0001427437,,,2025-10-05T06:05:16.272586552Z
ETJ,Eaton Vance Risk - Managed Diversified Equity Income Fund,stocks,us,XNYS,FUND,True,usd,0001395325,BBG000RRLKJ2,BBG001SV50F6,2025-10-05T06:05:16.272586632Z
ETN,"Eaton Corporation, plc Ordinary Shares",stocks,us,XNYS,CS,True,usd,0001551182,,,2025-10-05T06:05:16.272586712Z
ETNB,"89bio, Inc. Common Stock",stocks,us,XNAS,CS,True,usd,0001785173,BBG00QKDZ8J5,BBG00QKDZ985,2025-10-05T06:05:16.272586792Z
ETO,Eaton Vance Tax-Advantaged Global Div Oppor. Fund,stocks,us,XNYS,FUND,True,usd,0001281926,BBG000LYY7Z0,BBG001SK6L81,2025-10-05T06:05:16.272586872Z
ETON,"Eton Pharmaceutcials, Inc. Common Stock",stocks,us,XNAS,CS,True,usd,0001710340,BBG00H0KCMV1,BBG00H0KCMW0,2025-10-05T06:05:16.272586952Z
ETOR,eToro Group Ltd. Class A Common Shares,stocks,us,XNAS,CS,True,usd,0001493318,,,2025-10-05T06:05:16.272587042Z
ETQ,T-Rex 2X Inverse Ether Daily Target ETF,stocks,us,BATS,ETF,True,usd,,BBG01QG4T6M6,BBG01QG4T7J8,2025-10-05T06:05:16.272587123Z
ETR,Entergy Corporation,stocks,us,XNYS,CS,True,usd,0000065984,BBG000C1FQS9,BBG001S67KF5,2025-10-05T06:05:16.272587203Z
ETRL,GraniteShares 2x Long ETOR Daily ETF,stocks,us,XNAS,ETF,True,usd,0001689873,BBG01WYB8N43,BBG01WYB8P02,2025-10-05T06:05:16.272587393Z
ETS,Elite Express Holding Inc. Class A Common Stock,stocks,us,XNAS,CS,True,usd,0002053641,BBG01TV7D2Q8,BBG01TV7D3Q6,2025-10-05T06:05:16.272587473Z
ETSY,"Etsy, Inc.",stocks,us,XNAS,CS,True,usd,0001370637,BBG000N7MXL8,BBG001T53625,2025-10-05T06:05:16.272587584Z
ETU,T-Rex 2X Long Ether Daily Target ETF,stocks,us,BATS,ETF,True,usd,,BBG01QG48KB0,BBG01QG48LS0,2025-10-05T06:05:16.272587664Z
ETV,Eaton Vance Tax-Managed Buy-Write Opportunities Fund,stocks,us,XNYS,FUND,True,usd,0001322436,BBG000CVVDD0,BBG001SM6Y34,2025-10-05T06:05:16.272587744Z
ETW,Eaton Vance Tax-Managed Global Buy-Write Opportunities Fund,stocks,us,XNYS,FUND,True,usd,0001322435,BBG000BQJ0Y1,BBG001SGGKG2,2025-10-05T06:05:16.272587824Z
ETX,EATON VANCE MUNICIPAL INCOME 2028 TERM TRUST,stocks,us,XNYS,FUND,True,usd,0001563696,BBG003PQCQ52,BBG003PQCQX1,2025-10-05T06:05:16.272587904Z
ETY,Eaton Vance Tax-Managed Diversified Equity Income Fund,stocks,us,XNYS,FUND,True,usd,0001340736,BBG000N8WJD5,BBG001SQK9P0,2025-10-05T06:05:16.272587994Z
ETpI,Energy Transfer LP Series I Fixed Rate Perpetual Preferred Units,stocks,us,XNYS,PFD,True,usd,0001276187,,,2025-10-05T06:05:16.272588074Z
EU,enCore Energy Corp.,stocks,us,XNAS,CS,True,usd,0001500881,BBG001CK1971,BBG001T8HNC6,2025-10-05T06:05:16.272588155Z
EUAD,Select STOXX Europe Aerospace & Defense ETF,stocks,us,BATS,ETF,True,usd,0001484018,BBG01Q6GGSH2,BBG01Q6GGV58,2025-10-05T06:05:16.272588235Z
EUDA,EUDA Health Holdings Limited Ordinary Shares,stocks,us,XNAS,CS,True,usd,0001847846,,,2025-10-05T06:05:16.272588315Z
EUDAW,EUDA Health Holdings Limited Warrant,stocks,us,XNAS,WARRANT,True,usd,0001847846,,,2025-10-05T06:05:16.272588395Z
EUDG,WisdomTree Europe Quality Dividend Growth Fund,stocks,us,ARCX,ETF,True,usd,0001350487,BBG006G0HQG5,BBG006G0HQH4,2025-10-05T06:05:16.272588505Z
EUDV,ProShares MSCI Europe Dividend Growers ETF,stocks,us,BATS,ETF,True,usd,0001174610,BBG009Z1BM26,BBG009Z1BM35,2025-10-05T06:05:16.272588615Z
EUFN,iShares MSCI Europe Financials ETF,stocks,us,XNAS,ETF,True,usd,0001100663,BBG000Q6VJG4,BBG001T6MGZ4,2025-10-05T06:05:16.272588696Z
EUM,ProShares Trust Short MSCI Emerging Markets,stocks,us,ARCX,ETF,True,usd,0001174610,BBG000TSD7D2,BBG001T0H1G7,2025-10-05T06:05:16.272588806Z
EUO,ProShares UltraShort Euro,stocks,us,ARCX,ETV,True,usd,0001415311,BBG000CT5J69,BBG001S7Y600,2025-10-05T06:05:16.272588886Z
EURK,Eureka Acquisition Corp Class A Ordinary Share,stocks,us,XNAS,CS,True,usd,0002000410,,,2025-10-05T06:05:16.272588966Z
EURKR,Eureka Acquisition Corp Right,stocks,us,XNAS,RIGHT,True,usd,0002000410,,,2025-10-05T06:05:16.272589046Z
EURKU,Eureka Acquisition Corp Unit,stocks,us,XNAS,UNIT,True,usd,0002000410,,,2025-10-05T06:05:16.272589126Z
EURL,Direxion Daily FTSE Europe Bull 3x Shares,stocks,us,ARCX,ETF,True,usd,0001424958,BBG005VPQG31,BBG005VPQG40,2025-10-05T06:05:16.272589207Z
EUSA,iShares MSCI USA Equal Weighted ETF,stocks,us,ARCX,ETF,True,usd,0001100663,BBG000QVM891,BBG001T8MYT8,2025-10-05T06:05:16.272589297Z
EUSB,iShares ESG Advanced Total USD Bond Market ETF,stocks,us,ARCX,ETF,True,usd,0001100663,BBG00VJ13G63,BBG00VJ13GZ1,2025-10-05T06:05:16.272589377Z
EVAC,EQV Ventures Acquisition Corp. II,stocks,us,XNYS,CS,True,usd,0002042902,,,2025-10-05T06:05:16.272589487Z
EVAC.U,"EQV Ventures Acquisition Corp. II Units, each unit consists of one Class A ordinary share and one-third of one redeemable warrant",stocks,us,XNYS,UNIT,True,usd,0002042902,,,2025-10-05T06:05:16.272589567Z
EVAC.WS,"EQV Ventures Acquisition Corp. II Redeemable Warrants, each whole warrant exercisable for one Class A ordinary share at an exercise price of $11.50 per share",stocks,us,XNYS,WARRANT,True,usd,0002042902,,,2025-10-05T06:05:16.272589647Z
EVAV,Direxion Daily Electric and Autonomous Vehicles Bull 2X Shares,stocks,us,ARCX,ETF,True,usd,,BBG019097CT4,BBG019097DP6,2025-10-05T06:05:16.272589728Z
EVAX,Evaxion A/S American Depositary Share,stocks,us,XNAS,ADRC,True,usd,0001828253,BBG00YTSS733,BBG00YTSS7Z8,2025-10-05T06:05:16.272589808Z
EVC,Entravision Communication,stocks,us,XNYS,CS,True,usd,0001109116,BBG000BTNV54,BBG001SF6Z72,2025-10-05T06:05:16.272589888Z
EVCM,EverCommerce Inc. Common Stock,stocks,us,XNAS,CS,True,usd,0001853145,BBG0118LMWY9,BBG0118LMXS4,2025-10-05T06:05:16.272589968Z
EVER,"EverQuote, Inc. Class A Common Stock",stocks,us,XNAS,CS,True,usd,0001640428,BBG00F17NDH7,BBG00F17NDJ5,2025-10-05T06:05:16.272590048Z
EVEX,"Eve Holding, Inc.",stocks,us,XNYS,CS,True,usd,0001823652,BBG00XZQN336,BBG00XZQN3Y2,2025-10-05T06:05:16.272590649Z
EVEX.WS,"Eve Holding, Inc. Warrants, each exercisable for one share of Common Stock at an exercise price of $11.50 per share",stocks,us,XNYS,WARRANT,True,usd,0001823652,BBG00YRWJS03,,2025-10-05T06:05:16.27259073Z
EVF,Eaton Vance Senior Income Trust,stocks,us,XNYS,FUND,True,usd,0001070732,BBG000CFFPP3,BBG001SC5YX4,2025-10-05T06:05:16.27259081Z
EVG,Eaton Vance Short Duration Diversified Income Fund,stocks,us,XNYS,FUND,True,usd,0001287498,BBG000C6CNJ8,BBG001SF3JF2,2025-10-05T06:05:16.27259089Z
EVGN,EVOGENE LTD.,stocks,us,XNAS,CS,True,usd,0001574565,,,2025-10-05T06:05:16.27259097Z
EVGO,EVgo Inc. Class A Common Stock,stocks,us,XNAS,CS,True,usd,0001821159,BBG00XP21PQ0,BBG00XP21PS8,2025-10-05T06:05:16.27259105Z
EVGOW,EVgo Inc. Warrants,stocks,us,XNAS,WARRANT,True,usd,0001821159,BBG00Y4RSNJ0,,2025-10-05T06:05:16.27259115Z
EVH,"Evolent Health, Inc Class A Common Stock",stocks,us,XNYS,CS,True,usd,0001628908,BBG005CHLM96,BBG005CHLMB3,2025-10-05T06:05:16.27259123Z
EVHY,Eaton Vance High Yield ETF,stocks,us,ARCX,ETF,True,usd,,BBG01JPNZ2F0,BBG01JPNZ395,2025-10-05T06:05:16.272591321Z
EVI,"EVI Industries, Inc.",stocks,us,XASE,CS,True,usd,0000065312,BBG000H3TTM5,BBG001SDGWV6,2025-10-05T06:05:16.272591401Z
EVIM,Eaton Vance Intermediate Municipal Income ETF,stocks,us,ARCX,ETF,True,usd,,BBG01JPP6XL2,BBG01JPP6YF7,2025-10-05T06:05:16.272591481Z
EVLN,Eaton Vance Floating-Rate ETF,stocks,us,ARCX,ETF,True,usd,,BBG01L85B9N5,BBG01L85BBH7,2025-10-05T06:05:16.272591561Z
EVLU,iShares MSCI Emerging Markets Value Factor ETF,stocks,us,BATS,ETF,True,usd,0001100663,BBG01PK3K7X0,BBG01PK3K966,2025-10-05T06:05:16.272591641Z
EVLV,"Evolv Technologies Holdings, Inc. Class A Common Stock",stocks,us,XNAS,CS,True,usd,0001805385,BBG00W1PPKX4,BBG00W1PPKY3,2025-10-05T06:05:16.272591721Z
EVLVW,"Evolv Technologies Holdings, Inc. Warrant",stocks,us,XNAS,WARRANT,True,usd,0001805385,BBG00XJFQYY3,,2025-10-05T06:05:16.272591822Z
EVM,Eaton Vance California Municipal Bond Fund,stocks,us,XASE,FUND,True,usd,0001177161,BBG000NSSGW1,BBG001SKX9R7,2025-10-05T06:05:16.272591902Z
EVMO,Eaton Vance Mortgage Opportunities ETF,stocks,us,ARCX,ETF,True,usd,0001973553,BBG01W3THHM1,BBG01W3THJR2,2025-10-05T06:05:16.272592132Z
EVMT,Invesco Electric Vehicle Metals Commodity Strategy No K-1 ETF,stocks,us,XNAS,ETF,True,usd,0001595386,BBG016VD3BP7,BBG016VD3CN7,2025-10-05T06:05:16.272592212Z
EVN,Eaton Vance Municipal Income Trust,stocks,us,XNYS,FUND,True,usd,0001074540,BBG000CQQTP9,BBG001SCBSL3,2025-10-05T06:05:16.272592343Z
EVNT,AltShares Event-Driven ETF,stocks,us,ARCX,ETF,True,usd,0001779306,BBG012GMRR90,BBG012GMRS43,2025-10-05T06:05:16.272592423Z
EVO,Evotec SE American Depositary Shares,stocks,us,XNAS,ADRC,True,usd,0001412558,BBG000LFTJ81,BBG001T2N0N0,2025-10-05T06:05:16.272592503Z
EVOK,"Evoke Pharma, Inc.",stocks,us,XNAS,CS,True,usd,0001403708,BBG0026ZG0X7,BBG0026ZG0Y6,2025-10-05T06:05:16.272592583Z
EVR,Evercore Inc.,stocks,us,XNYS,CS,True,usd,0001360901,BBG000BP30Y0,BBG001SC3S41,2025-10-05T06:05:16.272592663Z
EVRG,"Evergy, Inc.",stocks,us,XNAS,CS,True,usd,0001711269,BBG00H433CR2,BBG00H433CS1,2025-10-05T06:05:16.272592743Z
EVSB,Eaton Vance Ultra-Short Income ETF,stocks,us,ARCX,ETF,True,usd,,BBG01JPRST42,BBG01JPRSTZ8,2025-10-05T06:05:16.272592824Z
EVSD,Eaton Vance Short Duration Income ETF,stocks,us,XNAS,ETF,True,usd,0001861853,BBG01N52CZ25,BBG01N52CZX1,2025-10-05T06:05:16.272592904Z
EVSM,Eaton Vance Short Duration Municipal Income ETF,stocks,us,ARCX,ETF,True,usd,,BBG01LTGT076,BBG01LTGT129,2025-10-05T06:05:16.272592984Z
EVT,Eaton Vance Tax-Advantaged Dividend Income Fund,stocks,us,XNYS,FUND,True,usd,0001253327,BBG000BV2LX3,BBG001SBKCG6,2025-10-05T06:05:16.272593064Z
EVTC,"EVERTEC, INC.",stocks,us,XNYS,CS,True,usd,0001559865,BBG000J187K0,BBG001SX2XR0,2025-10-05T06:05:16.272593144Z
EVTL,Vertical Aerospace Ltd.,stocks,us,XNYS,CS,True,usd,0001867102,,,2025-10-05T06:05:16.272593224Z
EVTR,Eaton Vance Total Return Bond ETF,stocks,us,XNYS,ETF,True,usd,,BBG01LTGRNY8,BBG01LTGRPS0,2025-10-05T06:05:16.272593314Z
EVTV,"Envirotech Vehicles, Inc. Common Stock",stocks,us,XNAS,CS,True,usd,0001563568,BBG007J7HYT4,BBG007J7HYV1,2025-10-05T06:05:16.272593395Z
EVUS,iShares ESG Aware MSCI USA Value ETF,stocks,us,BATS,ETF,True,usd,0001100663,BBG01DJPZTK0,BBG01DJPZVG0,2025-10-05T06:05:16.272593475Z
EVV,Eaton Vance Limited Duration Income Fund,stocks,us,XASE,FUND,True,usd,0001222922,BBG000BLYM40,BBG001S9B8R8,2025-10-05T06:05:16.272593555Z
EVX,VanEck Environmental Services ETF,stocks,us,ARCX,ETF,True,usd,0001137360,BBG000Q55682,BBG001SRRWS7,2025-10-05T06:05:16.272593635Z
EVYM,Eaton Vance High Income Municipal ETF,stocks,us,XNAS,ETF,True,usd,,BBG01S4JGB63,BBG01S4JGC16,2025-10-05T06:05:16.272593715Z
EW,Edwards Lifesciences Corp,stocks,us,XNYS,CS,True,usd,0001099800,BBG000BRXP69,BBG001SF2288,2025-10-05T06:05:16.272593795Z
EWA,iShares MSCI Australia ETF,stocks,us,ARCX,ETF,True,usd,0000930667,BBG000BDNJ29,BBG001S6ZW40,2025-10-05T06:05:16.272593876Z
EWBC,East-West Bancorp Inc,stocks,us,XNAS,CS,True,usd,0001069157,BBG000CR20B1,BBG001SCC7R2,2025-10-05T06:05:16.272593956Z
EWC,iShares MSCI Canada ETF,stocks,us,ARCX,ETF,True,usd,0001100663,BBG000BJSXB0,BBG001S8R7V0,2025-10-05T06:05:16.272594036Z
EWCZ,"European Wax Center, Inc. Class A Common Stock",stocks,us,XNAS,CS,True,usd,0001856236,BBG011RWTYW5,BBG011RWTZQ9,2025-10-05T06:05:16.272594116Z
EWD,iShares MSCI Sweden ETF,stocks,us,ARCX,ETF,True,usd,0000930667,BBG000BK5LR1,BBG001S8SYV0,2025-10-05T06:05:16.272594196Z
EWG,iShares MSCI Germany ETF,stocks,us,ARCX,ETF,True,usd,0000930667,BBG000BJZKN7,BBG001S8SJC4,2025-10-05T06:05:16.272594286Z
EWH,iShares MSCI Hong Kong ETF,stocks,us,ARCX,ETF,True,usd,0000930667,BBG000BBDXW0,BBG001S5VWX4,2025-10-05T06:05:16.272594366Z
EWI,iShares MSCI Italy ETF,stocks,us,ARCX,ETF,True,usd,0000930667,BBG000BK2V65,BBG001S8SYM0,2025-10-05T06:05:16.272594447Z
EWJ,iShares MSCI Japan ETF,stocks,us,ARCX,ETF,True,usd,0000930667,BBG000BK38F5,BBG001S8SYN9,2025-10-05T06:05:16.272594527Z
EWJV,iShares MSCI Japan Value ETF,stocks,us,XNAS,ETF,True,usd,0001100663,BBG00NJ3YB55,BBG00NJ3YBX4,2025-10-05T06:05:16.272594607Z
EWK,iShares MSCI Belgium ETF,stocks,us,ARCX,ETF,True,usd,0000930667,BBG000BDMNG6,BBG001S6ZMW1,2025-10-05T06:05:16.272594697Z
EWL,iShares MSCI Switzerland ETF,stocks,us,ARCX,ETF,True,usd,0000930667,BBG000BK5Z27,BBG001S8SYW9,2025-10-05T06:05:16.272594777Z
EWM,iShares MSCI Malaysia ETF,stocks,us,ARCX,ETF,True,usd,0000930667,BBG000BK3L48,BBG001S8SYP7,2025-10-05T06:05:16.272594857Z
EWN,iShares MSCI Netherlands ETF,stocks,us,ARCX,ETF,True,usd,0000930667,BBG000BK4FC1,BBG001S8SYR5,2025-10-05T06:05:16.272594938Z
EWO,iShares MSCI Austria ETF,stocks,us,ARCX,ETF,True,usd,0000930667,BBG000BF6M62,BBG001S78R03,2025-10-05T06:05:16.272595018Z
EWP,iShares MSCI Spain ETF,stocks,us,ARCX,ETF,True,usd,0000930667,BBG000BK58Q1,BBG001S8SYT3,2025-10-05T06:05:16.272595098Z
EWQ,iShares MSCI France ETF,stocks,us,ARCX,ETF,True,usd,0000930667,BBG000BJX6S5,BBG001S8S2R5,2025-10-05T06:05:16.272595178Z
EWS,iShares MSCI Singapore ETF,stocks,us,ARCX,ETF,True,usd,0000930667,BBG000BK4VM5,BBG001S8SYS4,2025-10-05T06:05:16.272595258Z
EWT,iShares MSCI Taiwan ETF,stocks,us,ARCX,ETF,True,usd,0000930667,BBG000CJLQ12,BBG001SFGL81,2025-10-05T06:05:16.272595338Z
EWTX,"Edgewise Therapeutics, Inc. Common Stock",stocks,us,XNAS,CS,True,usd,0001710072,BBG00K4Y2H24,BBG00K4Y2H33,2025-10-05T06:05:16.272595428Z
EWU,iShares MSCI United Kingdom ETF,stocks,us,ARCX,ETF,True,usd,0001100663,BBG000BK6997,BBG001S8SYX8,2025-10-05T06:05:16.272595509Z
EWUS,iShares MSCI United Kingdom Small-Cap ETF,stocks,us,BATS,ETF,True,usd,0001006249,BBG002DMMNJ7,BBG002DMMP84,2025-10-05T06:05:16.272595579Z
EWV,ProShares Trust UltraShort MSCI Japan,stocks,us,ARCX,ETF,True,usd,0001576151,BBG000TVXRN8,BBG001T0LD58,2025-10-05T06:05:16.272595669Z
EWW,iShares MSCI Mexico ETF,stocks,us,ARCX,ETF,True,usd,0000930667,BBG000BK42M9,BBG001S8SYQ6,2025-10-05T06:05:16.272595739Z
EWX,SPDR S&P Emerging Markets Small Cap ETF,stocks,us,ARCX,ETF,True,usd,0001168164,BBG000FT16M0,BBG001T2PHC3,2025-10-05T06:05:16.272595829Z
EWY,iShares MSCI South Korea ETF,stocks,us,ARCX,ETF,True,usd,0001100663,BBG000CDKWX8,BBG001SF9FC7,2025-10-05T06:05:16.272595909Z
EWZ,iShares MSCI Brazil ETF,stocks,us,ARCX,ETF,True,usd,0000930667,BBG000CPLR52,BBG001SFN5N1,2025-10-05T06:05:16.27259599Z
EWZS,iShares MSCI Brazil Small-Cap ETF,stocks,us,XNAS,ETF,True,usd,0000913414,BBG0016RKFL2,BBG001S56JK5,2025-10-05T06:05:16.27259607Z
EXAS,Exact Sciences Corp,stocks,us,XNAS,CS,True,usd,0001124140,BBG000CWL0F5,BBG001SGCLB9,2025-10-05T06:05:16.27259616Z
EXC,Exelon Corporation,stocks,us,XNAS,CS,True,usd,0001109357,BBG000J6XT05,BBG001SBJMT2,2025-10-05T06:05:16.272596501Z
EXE,Expand Energy Corporation Common Stock,stocks,us,XNAS,CS,True,usd,0000895126,BBG00Z6DX554,BBG00Z6DX607,2025-10-05T06:05:16.272596581Z
EXEEL,Expand Energy Corporation Class C Warrants,stocks,us,XNAS,WARRANT,True,usd,0000895126,BBG00Z6RLQP8,,2025-10-05T06:05:16.272596661Z
EXEEW,Expand Energy Corporation Class A Warrants,stocks,us,XNAS,WARRANT,True,usd,0000895126,BBG00Z6RM1F3,,2025-10-05T06:05:16.272596741Z
EXEEZ,Expand Energy Corporation Class B Warrants,stocks,us,XNAS,WARRANT,True,usd,0000895126,BBG00Z6RFN18,,2025-10-05T06:05:16.272596831Z
EXEL,Exelixis Inc,stocks,us,XNAS,CS,True,usd,0000939767,BBG000BQ4WF8,BBG001SD42W4,2025-10-05T06:05:16.272596931Z
EXFY,"Expensify, Inc. Class A Common Stock",stocks,us,XNAS,CS,True,usd,0001476840,BBG009PWV0L4,BBG009PWV0M3,2025-10-05T06:05:16.272597012Z
EXG,Eaton Vance Tax-Managed Global Diversified Equity Income Fund,stocks,us,XNYS,FUND,True,usd,0001379438,BBG000L0FRV5,BBG001SPXHX1,2025-10-05T06:05:16.272597092Z
EXI,iShares Global Industrials ETF,stocks,us,ARCX,ETF,True,usd,0001100663,BBG000G7XHL9,BBG001SNVXC6,2025-10-05T06:05:16.272597172Z
EXK,Endeavour Silver Corp.,stocks,us,XNYS,CS,True,usd,0001277866,BBG000K2HB18,BBG001S5ZH63,2025-10-05T06:05:16.272597252Z
EXLS,"ExlService Holdings, Inc.",stocks,us,XNAS,CS,True,usd,0001297989,BBG000NS3P30,BBG001SKWX40,2025-10-05T06:05:16.272597332Z
EXOD,"Exodus Movement, Inc.",stocks,us,XASE,CS,True,usd,0001821534,BBG010T8MWT3,BBG010T8MXP5,2025-10-05T06:05:16.272597412Z
EXOZ,eXoZymes Inc. Common Stock,stocks,us,XNAS,CS,True,usd,0002010788,BBG01LFVT4P0,BBG01LFVT5J4,2025-10-05T06:05:16.272597492Z
EXP,"Eagle Materials, Inc.",stocks,us,XNYS,CS,True,usd,0000918646,BBG000BJW241,BBG001S7VG92,2025-10-05T06:05:16.272597573Z
EXPD,"Expeditors International of Washington, Inc.",stocks,us,XNYS,CS,True,usd,0000746515,BBG000BJ5GK2,BBG001S5QZZ1,2025-10-05T06:05:16.272597663Z
EXPE,"Expedia Group, Inc. Common Stock",stocks,us,XNAS,CS,True,usd,0001324424,BBG000QY3XZ2,BBG001SP8VM0,2025-10-05T06:05:16.272597743Z
EXPI,"eXp World Holdings, Inc. Common Stock",stocks,us,XNAS,CS,True,usd,0001495932,BBG001DCTG63,BBG001V05TN8,2025-10-05T06:05:16.272597823Z
EXPO,Exponent Inc,stocks,us,XNAS,CS,True,usd,0000851520,BBG000F31Z34,BBG001S9CG99,2025-10-05T06:05:16.272597903Z
EXR,"Extra Space Storage, Inc.",stocks,us,XNYS,CS,True,usd,0001289490,BBG000PV27K3,BBG001SLSXK5,2025-10-05T06:05:16.272597983Z
EXTR,Extreme Networks,stocks,us,XNAS,CS,True,usd,0001078271,BBG000BFR0T2,BBG001S6ZV24,2025-10-05T06:05:16.272598064Z
EXUS,Macquarie Focused International Core ETF,stocks,us,XNAS,ETF,True,usd,0001969995,BBG01VCHRR19,BBG01VCHRSR9,2025-10-05T06:05:16.272598144Z
EYE,"National Vision Holdings, Inc. Common Stock",stocks,us,XNAS,CS,True,usd,0001710155,BBG00HVQF9K2,BBG00HVQF9L1,2025-10-05T06:05:16.272598224Z
EYEG,AB Corporate Bond ETF,stocks,us,XNAS,ETF,True,usd,0001372514,BBG01KG4SMJ9,BBG01KG4SNC4,2025-10-05T06:05:16.272598464Z
EYLD,Cambria Emerging Shareholder Yield ETF,stocks,us,BATS,ETF,True,usd,0001529390,BBG00CC09FF0,BBG00CC09FG9,2025-10-05T06:05:16.272598544Z
EYPT,"EyePoint Pharmaceuticals, Inc. Common Stock",stocks,us,XNAS,CS,True,usd,0001314102,BBG000F90JX5,BBG001SNLCD2,2025-10-05T06:05:16.272598625Z
EZA,iShares MSCI South Africa ETF,stocks,us,ARCX,ETF,True,usd,0000930667,BBG000PNJ9F5,BBG001SLJR19,2025-10-05T06:05:16.272598705Z
EZBC,Franklin Bitcoin ETF,stocks,us,BATS,ETF,True,usd,0001992870,BBG01KY1LQT2,BBG01KY1LRP4,2025-10-05T06:05:16.272598785Z
EZET,Franklin Ethereum ETF,stocks,us,BATS,ETF,True,usd,0002011535,BBG01NX8R7C6,BBG01NX8R861,2025-10-05T06:05:16.272598865Z
EZGO,EZGO Technologies Ltd. Ordinary Shares,stocks,us,XNAS,CS,True,usd,0001806904,,,2025-10-05T06:05:16.272598945Z
EZJ,ProShares Ultra MSCI Japan,stocks,us,ARCX,ETF,True,usd,0001174610,BBG000JYWB40,BBG001T3T7X6,2025-10-05T06:05:16.272599025Z
EZM,WisdomTree U.S. MidCap Fund,stocks,us,ARCX,ETF,True,usd,0001350487,BBG000R1PNP2,BBG001SSZB66,2025-10-05T06:05:16.272599366Z
EZPW,Ezcorp Inc,stocks,us,XNAS,CS,True,usd,0000876523,BBG000C93HM1,BBG001S6RN67,2025-10-05T06:05:16.272599436Z
EZPZ,Franklin Crypto Index ETF,stocks,us,BATS,ETF,True,usd,0002033807,BBG01SCXVSW0,BBG01SCXVTT2,2025-10-05T06:05:16.272599546Z
EZU,iShare MSCI Eurozone ETF of ISHARES INC.,stocks,us,BATS,ETF,True,usd,0001100663,BBG000CS4KW0,BBG001SFQPM5,2025-10-05T06:05:16.272599637Z
F,Ford Motor Company,stocks,us,XNYS,CS,True,usd,0000037996,BBG000BQPC32,BBG001S5TZ33,2025-10-05T06:05:16.272599717Z
FA,First Advantage Corporation Common Stock,stocks,us,XNAS,CS,True,usd,0001210677,BBG011J0CV21,BBG011J0CVZ5,2025-10-05T06:05:16.272599797Z
FAAR,First Trust Alternative Absolute Return Strategy ETF,stocks,us,XNAS,ETF,True,usd,,BBG00CW1P7N7,BBG00CW1P7P5,2025-10-05T06:05:16.272599877Z
FAB,First Trust Multi Cap Value AlphaDEX Fund,stocks,us,XNAS,ETF,True,usd,0001383496,BBG000R6F241,BBG001ST6934,2025-10-05T06:05:16.272599967Z
FACT,FACT II Acquisition Corp. Class A Ordinary Shares,stocks,us,XNAS,CS,True,usd,0002028935,,,2025-10-05T06:05:16.272600037Z
FACTU,FACT II Acquisition Corp. Unit,stocks,us,XNAS,UNIT,True,usd,0002028935,,,2025-10-05T06:05:16.272600117Z
FACTW,FACT II Acquisition Corp. Warrant,stocks,us,XNAS,WARRANT,True,usd,0002028935,,,2025-10-05T06:05:16.272600208Z
FAD,First Trust Multi Cap Growth AlphaDEX Fund,stocks,us,XNAS,ETF,True,usd,0001383496,BBG000R6FJ99,BBG001ST6952,2025-10-05T06:05:16.272600288Z
FAF,First American Financial Corporation,stocks,us,XNYS,CS,True,usd,0001472787,BBG000V78V75,BBG001T1LV65,2025-10-05T06:05:16.272600368Z
FAI,First Trust Bloomberg Artificial Intelligence ETF,stocks,us,ARCX,ETF,True,usd,0001125816,BBG01QJ8G7S0,BBG01QJ8G951,2025-10-05T06:05:16.272600448Z
FALN,iShares Fallen Angels USD Bond ETF,stocks,us,XNAS,ETF,True,usd,0001100663,BBG00D332C75,BBG00D332C84,2025-10-05T06:05:16.272600558Z
FAMI,"Farmmi, Inc.",stocks,us,XNAS,CS,True,usd,0001701261,,,2025-10-05T06:05:16.272600638Z
FAN,First Trust Global Wind Energy ETF,stocks,us,ARCX,ETF,True,usd,,BBG000GJLS87,BBG001T2Y423,2025-10-05T06:05:16.272600719Z
FANG,"Diamondback Energy, Inc.",stocks,us,XNAS,CS,True,usd,0001539838,BBG002PHSYX9,BBG002PHSZN7,2025-10-05T06:05:16.272600799Z
FAPR,FT Vest U.S. Equity Buffer ETF - April,stocks,us,BATS,ETF,True,usd,0001667919,BBG0101Q5YW4,BBG0101Q5ZQ8,2025-10-05T06:05:16.272600879Z
FARM,Farmer Bros Co,stocks,us,XNAS,CS,True,usd,0000034563,BBG000BJ8GB9,BBG001S5R185,2025-10-05T06:05:16.272600959Z
FARX,Frontier Asset Absolute Return ETF,stocks,us,ARCX,ETF,True,usd,,BBG01RB9RY30,BBG01RB9RZG3,2025-10-05T06:05:16.272601039Z
FAS,Direxion Daily Financial Bull 3x Shares,stocks,us,ARCX,ETF,True,usd,0001424958,BBG000JLJV85,BBG001T32293,2025-10-05T06:05:16.272601119Z
FAST,Fastenal Co,stocks,us,XNAS,CS,True,usd,0000815556,BBG000BJ8YN7,BBG001S5R1F7,2025-10-05T06:05:16.272601199Z
FAT,FAT Brands Inc. Class A Common Stock,stocks,us,XNAS,CS,True,usd,0001705012,BBG00HCX5VQ4,BBG00HCX5WF4,2025-10-05T06:05:16.27260129Z
FATBB,FAT Brands Inc. Class B Common Stock,stocks,us,XNAS,CS,True,usd,0001705012,BBG01230V4N2,BBG01230V4Q9,2025-10-05T06:05:16.27260137Z
FATBP,FAT Brands Inc. 8.25% Series B Cumulative Preferred Stock,stocks,us,XNAS,PFD,True,usd,0001705012,,,2025-10-05T06:05:16.27260145Z
FATE,"Fate Therapeutics, Inc.",stocks,us,XNAS,CS,True,usd,0001434316,BBG000QP35H2,BBG001T888S2,2025-10-05T06:05:16.27260153Z
FATN,"FatPipe, Inc. Common Stock",stocks,us,XNAS,CS,True,usd,0001993400,BBG01NXTL2X4,BBG01NXTL460,2025-10-05T06:05:16.27260161Z
FAUG,FT Vest U.S. Equity Buffer ETF - August,stocks,us,BATS,ETF,True,usd,0001667919,BBG00QQFDMF1,BBG00QQFDN69,2025-10-05T06:05:16.2726017Z
FAX,"abrdn Asia-Pacific Income Fund, Inc",stocks,us,XASE,FUND,True,usd,0000790500,BBG000BB3MF4,BBG001S5R1L0,2025-10-05T06:05:16.272601781Z
FAZ,Direxion Daily Financial Bear 3x Shares,stocks,us,ARCX,ETF,True,usd,0001424958,BBG000JLM3X5,BBG001T3NVH7,2025-10-05T06:05:16.272601861Z
FB,ProShares S&P 500 Dynamic Buffer ETF,stocks,us,BATS,ETF,True,usd,,BBG01VRMNFB1,BBG01VRMNGC8,2025-10-05T06:05:16.272601941Z
FBCG,Fidelity Blue Chip Growth ETF,stocks,us,BATS,ETF,True,usd,0000945908,BBG00V6QFSP2,BBG00V6QFTJ7,2025-10-05T06:05:16.272602121Z
FBCV,Fidelity Blue Chip Value ETF,stocks,us,BATS,ETF,True,usd,0000945908,BBG00V6QFXV4,BBG00V6QFYM2,2025-10-05T06:05:16.272602201Z
FBDC,FT Confluence BDC & Specialty Finance Income ETF,stocks,us,ARCX,ETF,True,usd,0001667919,BBG01VS642D3,BBG01VS643T4,2025-10-05T06:05:16.272602282Z
FBGL,FBS Global Limited Ordinary Shares,stocks,us,XNAS,CS,True,usd,0001938534,,,2025-10-05T06:05:16.272602362Z
FBIN,"Fortune Brands Innovations, Inc.",stocks,us,XNYS,CS,True,usd,0001519751,BBG001B4BV87,BBG001THLZ70,2025-10-05T06:05:16.272602442Z
FBIO,"Fortress Biotech, Inc.",stocks,us,XNAS,CS,True,usd,0001429260,BBG001J2MFH6,BBG001V0GB64,2025-10-05T06:05:16.272602522Z
FBIOP,"Fortress Biotech, Inc. 9.375% Series A Cumulative Redeemable Perpetual Preferred Stock",stocks,us,XNAS,PFD,True,usd,0001429260,,,2025-10-05T06:05:16.272602612Z
FBIZ,"First Business Financial Services, Inc.",stocks,us,XNAS,CS,True,usd,0001521951,BBG000QK39V9,BBG001SN11Y5,2025-10-05T06:05:16.272602692Z
FBK,FB Financial Corporation,stocks,us,XNYS,CS,True,usd,0001649749,BBG00DM434G9,BBG00DM434H8,2025-10-05T06:05:16.272602772Z
FBL,GraniteShares ETF Trust GraniteShares 2x Long META Daily ETF,stocks,us,XNAS,ETF,True,usd,0001689873,BBG01BWDHS46,BBG01BWDHVV9,2025-10-05T06:05:16.272602853Z
FBLA,"FB Bancorp, Inc. Common Stock",stocks,us,XNAS,CS,True,usd,0002013639,BBG01MG5QRX7,BBG01MG5QSR2,2025-10-05T06:05:16.272602933Z
FBLG,"FibroBiologics, Inc. Common Stock",stocks,us,XNAS,CS,True,usd,0001958777,BBG01K4MB400,BBG01K4MB4V6,2025-10-05T06:05:16.272603013Z
FBNC,First Bancorp/NC,stocks,us,XNAS,CS,True,usd,0000811589,BBG000BJ9RS6,BBG001S5R1Z5,2025-10-05T06:05:16.272603093Z
FBND,Fidelity Total Bond ETF,stocks,us,ARCX,ETF,True,usd,0001562565,BBG0078X19K0,BBG0078X1341,2025-10-05T06:05:16.272603173Z
FBOT,Fidelity Disruptive Automation ETF,stocks,us,XNAS,ETF,True,usd,0000945908,BBG01GXL8GQ8,BBG01GXL8HM0,2025-10-05T06:05:16.272603263Z
FBP,First BanCorp.,stocks,us,XNYS,CS,True,usd,0001057706,BBG000CYKKX8,BBG001S76PN4,2025-10-05T06:05:16.272603354Z
FBRT,"Franklin BSP Realty Trust, Inc.",stocks,us,XNYS,CS,True,usd,0001562528,BBG0131739J2,BBG013173BC4,2025-10-05T06:05:16.272603534Z
FBRTpE,"Franklin BSP Realty Trust, Inc. 7.50% Series E Cumulative Redeemable Preferred Stock",stocks,us,XNYS,PFD,True,usd,0001562528,,,2025-10-05T06:05:16.272603614Z
FBRX,"Forte Biosciences, Inc. Common Stock",stocks,us,XNAS,CS,True,usd,0001419041,BBG001J2N4H0,BBG001V0GC53,2025-10-05T06:05:16.272603744Z
FBT,First Trust NYSE Arca Biotechnology Index Fund,stocks,us,ARCX,ETF,True,usd,0001329377,BBG000LGNRH7,BBG001SQ1891,2025-10-05T06:05:16.272603825Z
FBTC,Fidelity Wise Origin Bitcoin Fund,stocks,us,BATS,ETF,True,usd,0001852317,BBG01KY66PW6,BBG01KY66QQ1,2025-10-05T06:05:16.272603905Z
FBUF,Fidelity Dynamic Buffered Equity ETF,stocks,us,BATS,ETF,True,usd,0001898391,BBG01M5HJKR3,BBG01M5HJLR1,2025-10-05T06:05:16.272603985Z
FBY,YieldMax META Option Income Strategy ETF,stocks,us,ARCX,ETS,True,usd,,BBG01HP1P343,BBG01HP1P405,2025-10-05T06:05:16.272604065Z
FBYD,"Falcon's Beyond Global, Inc. Class A Common Stock",stocks,us,XNAS,CS,True,usd,0001937987,BBG019953JT2,BBG019953JW8,2025-10-05T06:05:16.272604335Z
FBYDW,"Falcon's Beyond Global, Inc. Warrants",stocks,us,XNAS,WARRANT,True,usd,0001937987,BBG019WPZMJ1,,2025-10-05T06:05:16.272604416Z
FC,Franklin Covey Company,stocks,us,XNYS,CS,True,usd,0000886206,BBG000FCZM90,BBG001SB0L96,2025-10-05T06:05:16.272604496Z
FCA,First Trust China AlphaDEX Fund,stocks,us,XNAS,ETF,True,usd,0001510337,BBG001MKPW19,BBG001V11WR9,2025-10-05T06:05:16.272604576Z
FCAL,First Trust California Municipal High income ETF,stocks,us,XNAS,ETF,True,usd,0001424212,BBG00GY1H0R6,BBG00GY1H1G6,2025-10-05T06:05:16.272604656Z
FCAP,First Capital Inc,stocks,us,XNAS,CS,True,usd,0001070296,BBG000BB6568,BBG001S5R2C8,2025-10-05T06:05:16.272604736Z
FCBC,"First Community Bankshares, Inc. (VA)",stocks,us,XNAS,CS,True,usd,0000859070,BBG000BNCR58,BBG001S9V627,2025-10-05T06:05:16.272604816Z
FCBD,Frontier Asset Core Bond ETF,stocks,us,ARCX,ETF,True,usd,,BBG01RBBCYL1,BBG01RBBCZF5,2025-10-05T06:05:16.272604907Z
FCCO,First Community Corp,stocks,us,XNAS,CS,True,usd,0000932781,BBG000BRD351,BBG001S9S0F0,2025-10-05T06:05:16.272604977Z
FCEF,First Trust Exchange-Traded Fund VIII First Trust Income Opportunities ETF,stocks,us,XNAS,ETF,True,usd,0001667919,BBG00DX33754,BBG00DX33763,2025-10-05T06:05:16.272605327Z
FCEL,FuelCell Energy Inc  NEW (DE),stocks,us,XNAS,CS,True,usd,0000886128,BBG000HQ1LB3,BBG001SDZHP5,2025-10-05T06:05:16.272605408Z
FCF,First Commonwealth Financial Corporation,stocks,us,XNYS,CS,True,usd,0000712537,BBG000CND7W0,BBG001S70475,2025-10-05T06:05:16.272605518Z
FCFS,"FirstCash Holdings, Inc. Common Stock",stocks,us,XNAS,CS,True,usd,0000840489,BBG0145KL747,BBG0145KL756,2025-10-05T06:05:16.272605608Z
FCFY,First Trust S&P 500 Diversified Free Cash Flow ETF,stocks,us,ARCX,ETF,True,usd,0001329377,BBG01HX8H6N0,BBG01HX8H7H5,2025-10-05T06:05:16.272605688Z
FCG,First Trust Natural Gas ETF,stocks,us,ARCX,ETF,True,usd,0001329377,BBG000QJPZH6,BBG001SS80F0,2025-10-05T06:05:16.272605768Z
FCHL,Fitness Champs Holdings Limited Common Stock,stocks,us,XNAS,CS,True,usd,0002023796,,,2025-10-05T06:05:16.272605848Z
FCLD,Fidelity Cloud Computing ETF,stocks,us,BATS,ETF,True,usd,0000945908,BBG012V20MH8,BBG012V20NF8,2025-10-05T06:05:16.272605929Z
FCN,"FTI Consulting, Inc.",stocks,us,XNYS,CS,True,usd,0000887936,BBG000K88H58,BBG001SCJVR2,2025-10-05T06:05:16.272606009Z
FCNCA,First Citizens BancShares Inc,stocks,us,XNAS,CS,True,usd,0000798941,BBG000BJCDS3,BBG001S5R2V7,2025-10-05T06:05:16.272606229Z
FCNCO,"First Citizens BancShares, Inc. 5.625% Non-Cumulative Perpetual Preferred Stock, Series C",stocks,us,XNAS,PFD,True,usd,,,,2025-10-05T06:05:16.272606309Z
FCNCP,"First Citizens BancShares, Inc. Depositary Shares Each Representing a 1/40th Interest in a Share of 5.375% Non-Cumulative Perpetual Preferred Stock, Series A",stocks,us,XNAS,PFD,True,usd,,,,2025-10-05T06:05:16.272606389Z
FCO,"abrdn Global Income Fund, Inc.",stocks,us,XASE,FUND,True,usd,0000876717,BBG000BB41S5,BBG001S5R2X5,2025-10-05T06:05:16.27260647Z
FCOM,Fidelity MSCI Communication Services Index ETF,stocks,us,ARCX,ETF,True,usd,0000945908,BBG005FHWFF9,BBG005FHWFG8,2025-10-05T06:05:16.27260655Z
FCOR,Fidelity Corporate Bond ETF,stocks,us,ARCX,ETF,True,usd,0001562565,BBG0078WXLP5,BBG0078WXLN7,2025-10-05T06:05:16.27260663Z
FCPI,Fidelity Stocks for Inflation ETF,stocks,us,BATS,ETF,True,usd,0000945908,BBG00QQ88DK7,BBG00QQ88F95,2025-10-05T06:05:16.27260671Z
FCPT,"Four Corners Property Trust, Inc.",stocks,us,XNYS,CS,True,usd,0001650132,BBG009H33QM0,BBG009H33QN9,2025-10-05T06:05:16.27260691Z
FCRS.U,"FutureCrest Acquisition Corp. Units, each consisting of one Class A ordinary share and one-quarter of one redeemable warrant",stocks,us,XNYS,UNIT,True,usd,0002074697,,,2025-10-05T06:05:16.272606991Z
FCRX,"Crescent Capital BDC, Inc. 5.00% Notes due 2026",stocks,us,XNYS,SP,True,usd,0001633336,,,2025-10-05T06:05:16.272607111Z
FCSH,Federated Hermes Short Duration Corporate ETF,stocks,us,ARCX,ETF,True,usd,0001849998,BBG013BTHNB5,BBG013BTHP57,2025-10-05T06:05:16.272607191Z
FCT,First Trust Senior Floating Rate Income Fund II,stocks,us,XNYS,FUND,True,usd,0001282850,BBG000PP5PY8,BBG001SLKS51,2025-10-05T06:05:16.272607271Z
FCTE,SMI 3Fourteen Full-Cycle Trend ETF,stocks,us,XNAS,ETF,True,usd,,BBG01NKCT953,BBG01NKCTB21,2025-10-05T06:05:16.272607361Z
FCTR,First Trust Lunt U.S. Factor Rotation ETF,stocks,us,BATS,ETF,True,usd,0001329377,BBG00LGR5QR4,BBG00LGR5RH3,2025-10-05T06:05:16.272607441Z
FCUS,Pinnacle Focused Opportunities ETF,stocks,us,ARCX,ETF,True,usd,,BBG01C5GRBL4,BBG01C5GRCF9,2025-10-05T06:05:16.272607522Z
FCUV,Focus Universal Inc. Common Stock,stocks,us,XNAS,CS,True,usd,0001590418,BBG005S5X7Z6,BBG005S5X802,2025-10-05T06:05:16.272607602Z
FCVT,First Trust SSI Strategic Convertible Securities ETF,stocks,us,XNAS,ETF,True,usd,0001517936,BBG00BC8DBF9,BBG00BC8DBG8,2025-10-05T06:05:16.272607702Z
FCX,Freeport-McMoran Inc.,stocks,us,XNYS,CS,True,usd,0000831259,BBG000BJDB15,BBG001S5R3F3,2025-10-05T06:05:16.272607782Z
FDAT,Tactical Advantage ETF,stocks,us,ARCX,ETF,True,usd,0001924868,BBG01G6XDGC1,BBG01G6XDH66,2025-10-05T06:05:16.272607862Z
FDBC,"Fidelity D & D Bancorp, Inc. Common Stock",stocks,us,XNAS,CS,True,usd,0001098151,BBG000M814N2,BBG001SFN3T0,2025-10-05T06:05:16.272607972Z
FDCF,Fidelity Disruptive Communications ETF,stocks,us,XNAS,ETF,True,usd,0000945908,BBG01GXLY5L8,BBG01GXLY6F3,2025-10-05T06:05:16.272608053Z
FDD,First Trust STOXX European Select Dividend Income Fund,stocks,us,ARCX,ETF,True,usd,0001364608,BBG000SQ99D8,BBG001SXT9D9,2025-10-05T06:05:16.272608133Z
FDEC,FT Vest U.S. Equity Buffer ETF - December,stocks,us,BATS,ETF,True,usd,0001667919,BBG00YGC7TG3,BBG00YGC7V96,2025-10-05T06:05:16.272608213Z
FDEM,Fidelity Emerging Markets Multifactor ETF,stocks,us,BATS,ETF,True,usd,0000945908,BBG00NFRH7V5,BBG00NFRH8L4,2025-10-05T06:05:16.272608423Z
FDEV,Fidelity International Multifactor ETF,stocks,us,BATS,ETF,True,usd,0000945908,BBG00NFRLXW2,BBG00NFRLYM1,2025-10-05T06:05:16.272608503Z
FDFF,Fidelity Disruptive Finance ETF,stocks,us,XNAS,ETF,True,usd,0000945908,BBG01GXLXZ42,BBG01GXLY002,2025-10-05T06:05:16.272608584Z
FDG,American Century Focused Dynamic Growth ETF,stocks,us,ARCX,ETF,True,usd,0001710607,BBG00RJVSCR5,BBG00RJVSDH4,2025-10-05T06:05:16.272608684Z
FDHT,Fidelity Digital Health ETF,stocks,us,BATS,ETF,True,usd,0000945908,BBG012V21PV4,BBG012V21QP9,2025-10-05T06:05:16.272608774Z
FDHY,Fidelity Enhanced High Yield ETF,stocks,us,ARCX,ETF,True,usd,0000945908,BBG00L4J9DD5,BBG00L4J9F40,2025-10-05T06:05:16.272608854Z
FDIF,Fidelity Disruptors ETF,stocks,us,XNAS,ETF,True,usd,0000945908,BBG01GXLYDN9,BBG01GXLYFJ9,2025-10-05T06:05:16.272608934Z
FDIG,Fidelity Crypto Industry and Digital Payments ETF,stocks,us,XNAS,ETF,True,usd,0000945908,BBG016VCFK12,BBG016VCFL83,2025-10-05T06:05:16.272609014Z
FDIS,Fidelity MSCI Consumer Discretionary Index ETF,stocks,us,ARCX,ETF,True,usd,0000945908,BBG005FHVPT3,BBG005FHVPV0,2025-10-05T06:05:16.272609085Z
FDIV,MarketDesk Focused U.S. Dividend ETF,stocks,us,XNAS,ETF,True,usd,,BBG01JDHKCL3,BBG01JDHKDH6,2025-10-05T06:05:16.272609165Z
FDL,First Trust Morningstar Dividend Leaders Index Fund,stocks,us,ARCX,ETF,True,usd,,BBG000HFZ1Z8,BBG001SP68G0,2025-10-05T06:05:16.272609245Z
FDLO,Fidelity Low Volatility Factor ETF,stocks,us,ARCX,ETF,True,usd,0000945908,BBG00DRFDQV2,BBG00DRFDQX0,2025-10-05T06:05:16.272609335Z
FDLS,Inspire Fidelis Multi Factor ETF,stocks,us,ARCX,ETF,True,usd,0001733356,BBG018Y8BPH0,BBG018Y8BQB4,2025-10-05T06:05:16.272609415Z
FDM,First Trust Dow Jones Select MicroCap Index Fund,stocks,us,ARCX,ETF,True,usd,0001329377,BBG000JGZYM6,BBG001SPGVC2,2025-10-05T06:05:16.272609495Z
FDMO,Fidelity Momentum Factor ETF,stocks,us,ARCX,ETF,True,usd,0000945908,BBG00DRGLGS7,BBG00DRGLGV3,2025-10-05T06:05:16.272609575Z
FDMT,"4D Molecular Therapeutics, Inc. Common Stock",stocks,us,XNAS,CS,True,usd,0001650648,BBG00QG40R88,BBG00QG40S04,2025-10-05T06:05:16.272609656Z
FDN,First Trust Dow Jones Internet Index Fund ETF,stocks,us,ARCX,ETF,True,usd,0001329377,BBG000F0YTN6,BBG001SN9872,2025-10-05T06:05:16.272609866Z
FDND,FT Vest Dow Jones Internet & Target Income ETF,stocks,us,BATS,ETF,True,usd,0001517936,BBG01LYMLGJ7,BBG01LYMLHD1,2025-10-05T06:05:16.272610056Z
FDNI,First Trust Dow Jones International Internet ETF,stocks,us,XNAS,ETF,True,usd,0001125816,BBG00MGTPJW6,BBG00MGTPKM4,2025-10-05T06:05:16.272610237Z
FDP,Fresh Del Monte Produce Inc.,stocks,us,XNYS,CS,True,usd,0001047340,,,2025-10-05T06:05:16.272610407Z
FDRR,Fidelity Dividend ETF for Rising Rates,stocks,us,ARCX,ETF,True,usd,0000945908,BBG00DR7RKW7,BBG00DR7RKX6,2025-10-05T06:05:16.272610597Z
FDRV,Fidelity Electric Vehicles and Future Transportation ETF,stocks,us,BATS,ETF,True,usd,0000945908,BBG012V21C61,BBG012V21D14,2025-10-05T06:05:16.272610678Z
FDS,Factset Research Systems,stocks,us,XNYS,CS,True,usd,0001013237,BBG000BDJL83,BBG001S5XRL6,2025-10-05T06:05:16.272610818Z
FDSB,"Fifth District Bancorp, Inc. Common Stock",stocks,us,XNAS,CS,True,usd,0002012726,BBG01P1ZYS41,BBG01P1ZYT03,2025-10-05T06:05:16.272610898Z
FDT,First Trust Developed Markets ex-US AlphaDEX Fund,stocks,us,XNAS,ETF,True,usd,0001510337,BBG001MKQJK6,BBG001V11YW9,2025-10-05T06:05:16.272610978Z
FDTS,First Trust Developed Markets ex-US Small Cap AlphaDEX Fund,stocks,us,XNAS,ETF,True,usd,0001510337,BBG002NCPVF1,BBG002NCPW50,2025-10-05T06:05:16.272611058Z
FDTX,Fidelity Disruptive Technology ETF,stocks,us,XNAS,ETF,True,usd,0000945908,BBG01GXLY9S3,BBG01GXLYBM4,2025-10-05T06:05:16.272611148Z
FDUS,Fidus Investment Corp.,stocks,us,XNAS,CS,True,usd,0001513363,BBG001K9JH07,BBG001V0MG11,2025-10-05T06:05:16.272611229Z
FDV,Federated Hermes U.S. Strategic Dividend ETF,stocks,us,ARCX,ETF,True,usd,0001849998,BBG01BHYXVS6,BBG01BHYXWN9,2025-10-05T06:05:16.272611309Z
FDVV,Fidelity High Dividend ETF,stocks,us,ARCX,ETF,True,usd,0000945908,BBG00DR7RGC8,BBG00DR7RGF5,2025-10-05T06:05:16.272611389Z
FDWM,Fidelity Women's Leadership ETF,stocks,us,ARCX,ETF,True,usd,0000945908,BBG011FJXLM1,BBG011FJXMG6,2025-10-05T06:05:16.272611469Z
FDX,FedEx Corporation,stocks,us,XNYS,CS,True,usd,0001048911,BBG000BJF1Z8,BBG001S5R3M5,2025-10-05T06:05:16.272611549Z
FE,FirstEnergy Corp.,stocks,us,XNYS,CS,True,usd,0001031296,BBG000BB6M98,BBG001S5R3N4,2025-10-05T06:05:16.27261174Z
FEAC,Fidelity Enhanced U.S. All-Cap Equity ETF,stocks,us,ARCX,ETF,True,usd,0000945908,BBG01QWJQM25,BBG01QWJQNG8,2025-10-05T06:05:16.27261183Z
FEAM,"5E Advanced Materials, Inc. Common Stock",stocks,us,XNAS,CS,True,usd,0001888654,BBG013P11F43,BBG013P11F61,2025-10-05T06:05:16.27261195Z
FEAT,YieldMax Dorsey Wright Featured 5 Income ETF,stocks,us,XNAS,ETF,True,usd,,BBG01R76RYM0,BBG01R76RZQ3,2025-10-05T06:05:16.27261203Z
FEBM,FT Vest U.S. Equity Max Buffer ETF - February,stocks,us,BATS,ETF,True,usd,0001667919,BBG01SCJVH19,BBG01SCJVJ06,2025-10-05T06:05:16.27261217Z
FEBO,Fenbo Holdings Limited Ordinary Shares,stocks,us,XNAS,CS,True,usd,0001957001,,,2025-10-05T06:05:16.272612251Z
FEBP,PGIM S&P 500 Buffer 12 ETF - February,stocks,us,BATS,ETF,True,usd,,BBG01L5NJGH2,BBG01L5NJHC5,2025-10-05T06:05:16.272612331Z
FEBT,AllianzIM U.S. Large Cap Buffer10 Feb ETF,stocks,us,ARCX,ETS,True,usd,0001797318,BBG01DC8X9J3,BBG01DC8XBD4,2025-10-05T06:05:16.272612411Z
FEBU,AllianzIM U.S. Equity Buffer15 Uncapped Feb ETF,stocks,us,BATS,ETF,True,usd,0001797318,BBG01RXTJLM8,BBG01RXTJMK8,2025-10-05T06:05:16.272612501Z
FEBW,AllianzIM U.S. Large Cap Buffer20 Feb ETF,stocks,us,ARCX,ETS,True,usd,0001797318,BBG01DCCD5M0,BBG01DCCD6G5,2025-10-05T06:05:16.272612581Z
FEBZ,TrueShares Structured Outcome (February) ETF,stocks,us,BATS,ETF,True,usd,0001776878,BBG01WJZKSF0,BBG01WJZKTH6,2025-10-05T06:05:16.272612661Z
FEDM,FlexShares ESG & Climate Developed Markets ex-US Core Index Fund,stocks,us,ARCX,ETF,True,usd,0001491978,BBG012N0R9T8,BBG012N0RBN9,2025-10-05T06:05:16.272612742Z
FEDU,"Four Seasons Education (Cayman) Inc. American depositary shares, each representing ten (10) Ordinary Shares",stocks,us,XNYS,ADRC,True,usd,0001709819,BBG00HZ6NWR5,BBG00HZ6NWS4,2025-10-05T06:05:16.272612822Z
FEGE,First Eagle Global Equity ETF,stocks,us,XNYS,ETF,True,usd,,BBG01R35L769,BBG01R35L858,2025-10-05T06:05:16.272612902Z
FEIG,FlexShares ESG & Climate Investment Grade Corporate Core Index Fund,stocks,us,ARCX,ETF,True,usd,0001491978,BBG012N0QH39,BBG012N0QJ08,2025-10-05T06:05:16.272612982Z
FEIM,"Frequency Electronics, Inc.",stocks,us,XNAS,CS,True,usd,0000039020,BBG000BJG3B9,BBG001S5R3V5,2025-10-05T06:05:16.272613062Z
FELC,Fidelity Enhanced Large Cap Core ETF,stocks,us,ARCX,ETF,True,usd,0000945908,BBG01K4JD1F5,BBG01K4JD281,2025-10-05T06:05:16.272613273Z
FELE,Franklin Electric Co Inc,stocks,us,XNAS,CS,True,usd,0000038725,BBG000BJGGV8,BBG001S5R3W4,2025-10-05T06:05:16.272613353Z
FELG,Fidelity Enhanced Large Cap Growth ETF,stocks,us,ARCX,ETF,True,usd,0000945908,BBG01K4K7ZF4,BBG01K4K80N1,2025-10-05T06:05:16.272613433Z
FELV,Fidelity Enhanced Large Cap Value ETF,stocks,us,ARCX,ETF,True,usd,0000945908,BBG01K786HR6,BBG01K786JL8,2025-10-05T06:05:16.272613523Z
FEM,First Trust Emerging Markets AlphaDEX Fund,stocks,us,XNAS,ETF,True,usd,0001510337,BBG001MKMZJ6,BBG001V11W80,2025-10-05T06:05:16.272613603Z
FEMB,First Trust Emerging Markets Local Currency Bond ETF,stocks,us,XNAS,ETF,True,usd,0001424212,BBG007GFNNZ9,BBG007GFNP02,2025-10-05T06:05:16.272613683Z
FEMR,Fidelity Enhanced Emerging Markets ETF,stocks,us,ARCX,ETF,True,usd,0000945908,BBG01QWJS5T1,BBG01QWJS753,2025-10-05T06:05:16.272613763Z
FEMS,First Trust Emerging Markets Small Cap AlphaDEX Fund,stocks,us,XNAS,ETF,True,usd,0001364608,BBG002NCPY10,BBG002NCPYS1,2025-10-05T06:05:16.272613844Z
FEMY,Femasys Inc. Common Stock,stocks,us,XNAS,CS,True,usd,0001339005,BBG004M23R63,BBG004M23R72,2025-10-05T06:05:16.272613924Z
FENC,Fennec Pharmaceuticals Inc. Common Stock,stocks,us,XNAS,CS,True,usd,0001211583,BBG000DTH814,BBG001S69M23,2025-10-05T06:05:16.272614014Z
FENG,Phoenix New Media Limited American Depositary Shares (each representing forty-eight (48) Class A Ordinary Shares),stocks,us,XNYS,ADRC,True,usd,0001509646,BBG001NKNH59,BBG001V14PZ2,2025-10-05T06:05:16.272614104Z
FENI,Fidelity Enhanced International ETF,stocks,us,ARCX,ETF,True,usd,0000945908,BBG01K4JLYL7,BBG01K4JLZG0,2025-10-05T06:05:16.272614174Z
FENY,Fidelity MSCI Energy Index ETF,stocks,us,ARCX,ETF,True,usd,0000945908,BBG005FHW2W9,BBG005FHW2X8,2025-10-05T06:05:16.272614264Z
FEOE,First Eagle Overseas Equity ETF,stocks,us,XNYS,ETF,True,usd,,BBG01R35FFF8,BBG01R35FG93,2025-10-05T06:05:16.272614335Z
FEP,First Trust Europe AlphaDEX Fund,stocks,us,XNAS,ETF,True,usd,0001510337,BBG001MKQKC2,BBG001V11YX8,2025-10-05T06:05:16.272614425Z
FEPI,REX FANG & Innovation Equity Premium Income ETF,stocks,us,XNAS,ETF,True,usd,0000726516,BBG01JNC0V42,BBG01JNC0VZ8,2025-10-05T06:05:16.272614495Z
FER,Ferrovial SE Ordinary Shares,stocks,us,XNAS,CS,True,usd,0001468522,,,2025-10-05T06:05:16.272614585Z
FERA,Fifth Era Acquisition Corp I Class A Ordinary Shares,stocks,us,XNAS,CS,True,usd,0002025401,,,2025-10-05T06:05:16.272614665Z
FERAR,Fifth Era Acquisition Corp I Rights,stocks,us,XNAS,RIGHT,True,usd,0002025401,,,2025-10-05T06:05:16.272614755Z
FERAU,Fifth Era Acquisition Corp I Units,stocks,us,XNAS,UNIT,True,usd,0002025401,,,2025-10-05T06:05:16.272614876Z
FERG,Ferguson Enterprises Inc.,stocks,us,XNYS,CS,True,usd,0002011641,BBG01NMRD768,BBG01NMRD786,2025-10-05T06:05:16.272614966Z
FESM,Fidelity Enhanced Small Cap ETF,stocks,us,ARCX,ETF,True,usd,0000945908,BBG01K786LQ8,BBG01K786ML1,2025-10-05T06:05:16.272615046Z
FET,"Forum Energy Technologies, Inc.",stocks,us,XNYS,CS,True,usd,0001401257,BBG000PDVKL1,BBG001SR1425,2025-10-05T06:05:16.272615126Z
FETH,Fidelity Ethereum Fund,stocks,us,BATS,ETF,True,usd,0002000046,BBG01NWVKPS6,BBG01NWVKQP7,2025-10-05T06:05:16.272615206Z
FEUS,FlexShares ESG & Climate US Large Cap Core Index Fund,stocks,us,ARCX,ETF,True,usd,0001491978,BBG012N0PLQ6,BBG012N0PML9,2025-10-05T06:05:16.272615286Z
FEUZ,First Trust Eurozone AlphaDEX,stocks,us,XNAS,ETF,True,usd,0001510337,BBG007D9BXL2,BBG007D9BXM1,2025-10-05T06:05:16.272615387Z
FEX,First Trust Large Cap Core AlphaDEX Fund,stocks,us,XNAS,ETF,True,usd,,BBG000R6D2Y0,BBG001ST68X3,2025-10-05T06:05:16.272615477Z
FEZ,SPDR EURO STOXX 50 ETF,stocks,us,ARCX,ETF,True,usd,0001168164,BBG000PG8230,BBG001SLBK12,2025-10-05T06:05:16.272615557Z
FF,Future Fuel Corporation,stocks,us,XNYS,CS,True,usd,0001337298,BBG000GDSKT7,BBG001SNX0W4,2025-10-05T06:05:16.272615657Z
FFA,First Trust Enhanced Equity Income Fund.,stocks,us,XNYS,FUND,True,usd,0001291334,BBG000PZFW98,BBG001SLZBJ7,2025-10-05T06:05:16.272615737Z
FFAI,Faraday Future Intelligent Electric Inc. Common Stock,stocks,us,XNAS,CS,True,usd,0001805521,BBG00W4M4KW2,BBG00W4M4LN0,2025-10-05T06:05:16.272615817Z
FFAIW,Faraday Future Intelligent Electric Inc. Warrant,stocks,us,XNAS,WARRANT,True,usd,0001805521,BBG00WYY6PR6,,2025-10-05T06:05:16.272615898Z
FFBC,First Financial Bancorp,stocks,us,XNAS,CS,True,usd,0000708955,BBG000BJGW43,BBG001S5R4C4,2025-10-05T06:05:16.272615978Z
FFC,Flaherty & Crumrine Preferred and Income Securities Fund Incorporated,stocks,us,XNYS,FUND,True,usd,0001174164,BBG000K0ML78,BBG001SJF1Q8,2025-10-05T06:05:16.272616058Z
FFDI,Fidelity Fundamental Developed International ETF,stocks,us,BATS,ETF,True,usd,0000945908,BBG01QWK4GX5,BBG01QWK4J96,2025-10-05T06:05:16.272616138Z
FFEB,FT Vest U.S. Equity Buffer ETF - February,stocks,us,BATS,ETF,True,usd,0001667919,BBG00RPK2MH9,BBG00RPK2N78,2025-10-05T06:05:16.272616218Z
FFEM,Fidelity Fundamental Emerging Markets ETF,stocks,us,BATS,ETF,True,usd,0000945908,BBG01QVWMR75,BBG01QVWMS46,2025-10-05T06:05:16.272616308Z
FFGX,Fidelity Fundamental Global ex-U.S. ETF,stocks,us,BATS,ETF,True,usd,0000945908,BBG01QWK8FZ1,BBG01QWK8H23,2025-10-05T06:05:16.272616388Z
FFIC,Flushing Financial Corp,stocks,us,XNAS,CS,True,usd,0000923139,BBG000BZRV74,BBG001S7KQM7,2025-10-05T06:05:16.272616469Z
FFIN,First Financial Bankshares Inc,stocks,us,XNAS,CS,True,usd,0000036029,BBG000BL8476,BBG001S7HCY9,2025-10-05T06:05:16.272616559Z
FFIU,UVA Unconstrained Medium-Term Fixed Income ETF,stocks,us,ARCX,ETF,True,usd,0001484018,BBG00HG93369,BBG00HG933X9,2025-10-05T06:05:16.272616699Z
FFIV,"F5, Inc. Common Stock",stocks,us,XNAS,CS,True,usd,0001048695,BBG000CXYSZ6,BBG001SCP8D1,2025-10-05T06:05:16.272616769Z
FFLC,Fidelity Fundamental Large Cap Core ETF,stocks,us,BATS,ETF,True,usd,0000945908,BBG00V6QF9V7,BBG00V6QFBM2,2025-10-05T06:05:16.272616849Z
FFLG,Fidelity Fundamental Large Cap Growth ETF,stocks,us,BATS,ETF,True,usd,0000945908,BBG00Z4JFLJ3,BBG00Z4JFMC8,2025-10-05T06:05:16.27261693Z
FFLS,The Future Fund Long/Short ETF,stocks,us,ARCX,ETF,True,usd,,BBG01H3PF9N1,BBG01H3PFBH3,2025-10-05T06:05:16.27261701Z
FFLV,Fidelity Fundamental Large Cap Value ETF,stocks,us,BATS,ETF,True,usd,0000945908,BBG01LH0M9N4,BBG01LH0MBJ4,2025-10-05T06:05:16.27261709Z
FFND,One Global ETF,stocks,us,ARCX,ETF,True,usd,,BBG01292NBL7,BBG01292NCG1,2025-10-05T06:05:16.27261718Z
FFOG,Franklin Focused Growth ETF,stocks,us,BATS,ETF,True,usd,0001655589,BBG01JZGNP93,BBG01JZGNQ64,2025-10-05T06:05:16.27261727Z
FFOX,FundX Future Fund Opportunities ETF,stocks,us,ARCX,ETF,True,usd,,BBG01VG8NHG5,BBG01VG8NKH7,2025-10-05T06:05:16.272617481Z
FFSM,Fidelity Fundamental Small-Mid Cap ETF,stocks,us,BATS,ETF,True,usd,0000945908,BBG00Z4JGTT4,BBG00Z4JGVP3,2025-10-05T06:05:16.272617561Z
FFTY,Innovator IBD 50 ETF,stocks,us,ARCX,ETF,True,usd,0001482688,BBG008G60GX9,BBG008G60GY8,2025-10-05T06:05:16.272617681Z
FFUT,Fidelity Managed Futures ETF,stocks,us,XNAS,ETF,True,usd,0001898391,BBG01VBP2H66,BBG01VBP2J35,2025-10-05T06:05:16.272617761Z
FFWM,First Foundation Inc.,stocks,us,XNYS,CS,True,usd,0001413837,BBG001V9VY04,BBG001V9VY13,2025-10-05T06:05:16.272617841Z
FG,"F&G Annuities & Life, Inc.",stocks,us,XNYS,CS,True,usd,0001934850,BBG01BGVGG87,BBG01BGVGH85,2025-10-05T06:05:16.272617921Z
FGBI,FIRST GUARANTY BANCSHARES INC,stocks,us,XNAS,CS,True,usd,0001408534,BBG000BRLPF2,BBG001SCGLY9,2025-10-05T06:05:16.272618002Z
FGBIP,"First Guaranty Bancshares, Inc. 6.75% Series A Fixed-Rate Non-Cumulative Perpetual Preferred Stock",stocks,us,XNAS,PFD,True,usd,0001408534,,,2025-10-05T06:05:16.272618082Z
FGD,First Trust Dow Jones Global Select Dividend Index Fund,stocks,us,ARCX,ETF,True,usd,0001364608,BBG000TYHFH3,BBG001T0S727,2025-10-05T06:05:16.272618182Z
FGDL,Franklin Responsibly Sourced Gold ETF,stocks,us,ARCX,ETV,True,usd,0001858258,BBG018KX3Q23,BBG018KX3R21,2025-10-05T06:05:16.272618262Z
FGEN,"FibroGen, Inc",stocks,us,XNAS,CS,True,usd,0000921299,BBG000FW5ZL6,BBG001SN7DS0,2025-10-05T06:05:16.272618342Z
FGI,FGI Industries Ltd. Ordinary Shares,stocks,us,XNAS,CS,True,usd,0001864943,,,2025-10-05T06:05:16.272618422Z
FGIWW,FGI Industries Ltd. Warrant,stocks,us,XNAS,WARRANT,True,usd,0001864943,,,2025-10-05T06:05:16.272618503Z
FGL,Founder Group Limited Class A Ordinary Shares,stocks,us,XNAS,CS,True,usd,0001989930,,,2025-10-05T06:05:16.272618583Z
FGM,First Trust Germany AlphaDEX Fund,stocks,us,XNAS,ETF,True,usd,0001510337,BBG002N8WN24,BBG002N8WNT5,2025-10-05T06:05:16.272618663Z
FGMC,FG Merger II Corp. Common stock,stocks,us,XNAS,CS,True,usd,0001906364,BBG01R78HB10,BBG01R78HC09,2025-10-05T06:05:16.272618753Z
FGMCR,FG Merger II Corp. Rights,stocks,us,XNAS,RIGHT,True,usd,0001906364,BBG01S6Z71F7,BBG01S6Z72D7,2025-10-05T06:05:16.272618973Z
FGMCU,FG Merger II Corp. Unit,stocks,us,XNAS,UNIT,True,usd,0001906364,BBG01JX8BW55,BBG01JX8BW64,2025-10-05T06:05:16.272619054Z
FGN,"F&G Annuities & Life, Inc. 7.950% Senior Notes due 2053",stocks,us,XNYS,SP,True,usd,0001934850,,,2025-10-05T06:05:16.272619164Z
FGNX,FG Nexus Inc. Common Stock,stocks,us,XNAS,CS,True,usd,0001591890,BBG01BY3XPZ0,BBG01BY3XQ06,2025-10-05T06:05:16.272619244Z
FGNXP,FG Nexus Inc. 8.00% Cumulative Preferred Stock,stocks,us,XNAS,PFD,True,usd,0001591890,,,2025-10-05T06:05:16.272619324Z
FGSI,FT Vest Growth Strength & Target Income ETF,stocks,us,XNAS,ETF,True,usd,0001517936,BBG01VR0JJ35,BBG01VR0JK14,2025-10-05T06:05:16.272619404Z
FGSM,Frontier Asset Global Small Cap Equity ETF,stocks,us,ARCX,ETF,True,usd,,BBG01RB8T7B0,BBG01RB8T873,2025-10-05T06:05:16.272619484Z
FGSN,"F&G Annuities & Life, Inc. 7.300% Junior Subordinated Notes due 2065",stocks,us,XNYS,SP,True,usd,0001934850,,,2025-10-05T06:05:16.272619565Z
FHB,"First Hawaiian, Inc. Common Stock",stocks,us,XNAS,CS,True,usd,0000036377,BBG0046LJYT2,BBG0046LJYX7,2025-10-05T06:05:16.272619645Z
FHDG,FT Vest U.S. Equity Quarterly Dynamic Buffer ETF,stocks,us,BATS,ETF,True,usd,0001667919,BBG01QQXJ303,BBG01QQXJ3V9,2025-10-05T06:05:16.272619945Z
FHEQ,Fidelity Hedged Equity ETF,stocks,us,BATS,ETF,True,usd,0001898391,BBG01M5HQNM4,BBG01M5HQQ01,2025-10-05T06:05:16.272620025Z
FHI,"Federated Hermes, Inc.",stocks,us,XNYS,CS,True,usd,0001056288,BBG000BP0929,BBG001S6TGK4,2025-10-05T06:05:16.272620106Z
FHLC,Fidelity MSCI Health Care Index ETF,stocks,us,ARCX,ETF,True,usd,0000945908,BBG005FHVV47,BBG005FHVV56,2025-10-05T06:05:16.272620186Z
FHN,First Horizon Corporation,stocks,us,XNYS,CS,True,usd,0000036966,BBG000GHZSZ6,BBG001SCW8R8,2025-10-05T06:05:16.272620266Z
FHNpC,"First Horizon Corporation Depositary Shares, each representing a 1/400th interest in a share of Non-Cumulative Perpetual Preferred Stock, Series C",stocks,us,XNYS,PFD,True,usd,0000036966,,,2025-10-05T06:05:16.272620346Z
FHNpE,"First Horizon Corporation Depositary Shares, Each Representing a 1/ 4000th Interest in a Share of Non-cumulative Perpetual Series E Preferred Stock",stocks,us,XNYS,PFD,True,usd,0000036966,,,2025-10-05T06:05:16.272620426Z
FHNpF,"First Horizon Corporation Depositary Shares, each representing 1/4000th Interest in a Share of Non-Cumulative Perpetual Preferred Stock, Series F",stocks,us,XNYS,PFD,True,usd,0000036966,,,2025-10-05T06:05:16.272620617Z
FHTX,Foghorn Therapeutics Inc. Common Stock,stocks,us,XNAS,CS,True,usd,0001822462,BBG00HFZPB88,BBG00HFZPB97,2025-10-05T06:05:16.272620697Z
FHYS,Federated Hermes Short Duration High Yield ETF,stocks,us,ARCX,ETF,True,usd,0001849998,BBG013BTDBC4,BBG013BTDC87,2025-10-05T06:05:16.272620787Z
FI,"Fiserv, Inc.",stocks,us,XNYS,CS,True,usd,0000798354,BBG000BJKPG0,BBG001S5R6Q4,2025-10-05T06:05:16.272620867Z
FIAT,YieldMax Short COIN Option Income Strategy ETF,stocks,us,ARCX,ETS,True,usd,0001924868,BBG01NP80C42,BBG01NP80D31,2025-10-05T06:05:16.272620947Z
FIAX,Nicholas Fixed Income Alternative ETF,stocks,us,ARCX,ETF,True,usd,,BBG01BTRTQK2,BBG01BTRTRF6,2025-10-05T06:05:16.272621027Z
FIBK,"First Interstate BancSystem, Inc. Common Stock (DE)",stocks,us,XNAS,CS,True,usd,0000860413,BBG000BMSC38,BBG001S9F1B6,2025-10-05T06:05:16.272621107Z
FICO,Fair Isaac Corporation,stocks,us,XNYS,CS,True,usd,0000814547,BBG000DW76Y6,BBG001S8ZT61,2025-10-05T06:05:16.272621188Z
FICS,First Trust International Developed Capital Strength ETF,stocks,us,XNAS,ETF,True,usd,0001552740,BBG00YGCBLZ4,BBG00YGCBMV6,2025-10-05T06:05:16.272621268Z
FID,First Trust Exchange-Traded Fund VI First Trust S&P International Dividend Aristocrats ETF,stocks,us,XNAS,ETF,True,usd,0001552740,BBG0055FL7F4,BBG0055FL7G3,2025-10-05T06:05:16.272621348Z
FIDI,Fidelity International High Dividend ETF,stocks,us,ARCX,ETF,True,usd,0000945908,BBG00JRH22Y7,BBG00JRH23N7,2025-10-05T06:05:16.272621448Z
FIDU,Fidelity MSCI Industrials Index ETF,stocks,us,ARCX,ETF,True,usd,0000945908,BBG005FHVVY4,BBG005FHVVZ3,2025-10-05T06:05:16.272621538Z
FIEE,"FiEE, Inc Common Stock",stocks,us,XNAS,CS,True,usd,0001467761,BBG000LDSKW7,BBG001T495P9,2025-10-05T06:05:16.272621618Z
FIG,"Figma, Inc.",stocks,us,XNYS,CS,True,usd,0001579878,BBG00BLZ2CD1,BBG00BLZ2CF9,2025-10-05T06:05:16.272621699Z
FIGB,Fidelity Investment Grade Bond ETF,stocks,us,ARCX,ETF,True,usd,0001562565,BBG00ZGX8833,BBG00ZGX8904,2025-10-05T06:05:16.272621899Z
FIGR,"Figure Technology Solutions, Inc. Class A Common Stock",stocks,us,XNAS,CS,True,usd,0002064124,BBG01NGH78G1,BBG01NGH78K6,2025-10-05T06:05:16.272621969Z
FIGS,"FIGS, Inc.",stocks,us,XNYS,CS,True,usd,0001846576,BBG004SK5VL9,BBG004SK5VM8,2025-10-05T06:05:16.27262218Z
FIGX,FIGX Capital Acquisition Corp. Class A Ordinary Share,stocks,us,XNAS,CS,True,usd,0002059033,,,2025-10-05T06:05:16.27262226Z
FIGXU,FIGX Capital Acquisition Corp. Units,stocks,us,XNAS,UNIT,True,usd,0002059033,,,2025-10-05T06:05:16.27262236Z
FIGXW,FIGX Capital Acquisition Corp. Warrant,stocks,us,XNAS,WARRANT,True,usd,0002059033,,,2025-10-05T06:05:16.27262246Z
FIHL,Fidelis Insurance Holdings Limited,stocks,us,XNYS,CS,True,usd,0001636639,,,2025-10-05T06:05:16.27262255Z
FIIG,First Trust Intermediate Duration Investment Grade Corporate ETF,stocks,us,ARCX,ETF,True,usd,0001517936,BBG01HPQFCW8,BBG01HPQFDQ3,2025-10-05T06:05:16.27262263Z
FILL,iShares MSCI Global Energy Producers ETF,stocks,us,ARCX,ETF,True,usd,0001100663,BBG002GKQZG0,BBG002GKR067,2025-10-05T06:05:16.272622711Z
FINS,Angel Oak Financial Strategies Income Term Trust,stocks,us,XNYS,FUND,True,usd,0001745059,BBG00P48H7P1,BBG00P48H8F0,2025-10-05T06:05:16.272622801Z
FINT,Frontier Asset Total International Equity ETF,stocks,us,ARCX,ETF,True,usd,,BBG01RBB3ZR2,BBG01RBB4132,2025-10-05T06:05:16.272622881Z
FINV,"FinVolution Group American depositary shares, each representing five Class A ordinary shares",stocks,us,XNYS,ADRC,True,usd,0001691445,BBG00HZ6P0P5,BBG00HZ6P0Q4,2025-10-05T06:05:16.272622961Z
FINW,FinWise Bancorp Common,stocks,us,XNAS,CS,True,usd,0001856365,BBG011VF9YT3,BBG011VF9ZN6,2025-10-05T06:05:16.272623031Z
FINX,Global X Funds Global X FinTech ETF,stocks,us,XNAS,ETF,True,usd,0001432353,BBG00DSB46W3,BBG00DSB46V4,2025-10-05T06:05:16.272623111Z
FIP,FTAI Infrastructure Inc. Common Stock,stocks,us,XNAS,CS,True,usd,0001899883,BBG0174VKJ51,BBG0174VKJB4,2025-10-05T06:05:16.272623191Z
FIRI,FIRE Funds Income Target ETF,stocks,us,ARCX,ETF,True,usd,0001387131,BBG01QRZH158,BBG01QRZH247,2025-10-05T06:05:16.272623282Z
FIRS,FIRE Funds Wealth Builder ETF,stocks,us,ARCX,ETF,True,usd,0001387131,BBG01QRZNVG3,BBG01QRZNWC5,2025-10-05T06:05:16.272623362Z
FIS,"Fidelity National Information Services, Inc.",stocks,us,XNYS,CS,True,usd,0001136893,BBG000BK2F42,BBG001S8SWQ0,2025-10-05T06:05:16.272623442Z
FISI,Financial Institutions Inc,stocks,us,XNAS,CS,True,usd,0000862831,BBG000BY1L13,BBG001SCY2P1,2025-10-05T06:05:16.272623763Z
FISK,"Empire State Realty OP, L.P. Series 250",stocks,us,ARCX,UNIT,True,usd,0001553079,BBG005CL7974,BBG005CL79Z3,2025-10-05T06:05:16.272623843Z
FISR,SPDR SSGA Fixed Income Sector Rotation ETF,stocks,us,ARCX,ETF,True,usd,0001516212,BBG00NS9WGV4,BBG00NS9WHL3,2025-10-05T06:05:16.272623993Z
FITB,Fifth Third Bancorp,stocks,us,XNAS,CS,True,usd,0000035527,BBG000BJL3N0,BBG001S5R6S2,2025-10-05T06:05:16.272624073Z
FITBI,Fifth Third Bancorp Depositary Shares,stocks,us,XNAS,ADRC,True,usd,0000035527,,,2025-10-05T06:05:16.272624153Z
FITBO,"Fifth Third Bancorp Depositary Shares each representing a 1/1000th ownership interest in a share of Non-Cumulative Perpetual Preferred Stock, Series K",stocks,us,XNAS,CS,True,usd,0000035527,,,2025-10-05T06:05:16.272624233Z
FITBP,"Fifth Third Bancorp Depositary Shares each representing 1/40th share of Fifth Third 6.00% Non-Cumulative Perpetual Class B Preferred Stock, Series A",stocks,us,XNAS,PFD,True,usd,0000035527,,,2025-10-05T06:05:16.272624414Z
FITE,SPDR S&P Kensho Future Security ETF,stocks,us,ARCX,ETF,True,usd,0001081019,BBG00JHP6203,BBG00JHP62Q5,2025-10-05T06:05:16.272624494Z
FIVA,Fidelity International Value Factor ETF,stocks,us,ARCX,ETF,True,usd,0000945908,BBG00JRRWL07,BBG00JRRWLQ9,2025-10-05T06:05:16.272624574Z
FIVE,"Five Below, Inc. Common Stock",stocks,us,XNAS,CS,True,usd,0001177609,BBG001636CR2,BBG001TCDMY9,2025-10-05T06:05:16.272624654Z
FIVN,"FIVE9, INC.",stocks,us,XNAS,CS,True,usd,0001288847,BBG001KHJM17,BBG001V0P7K7,2025-10-05T06:05:16.272624734Z
FIVY,YieldMax Dorsey Wright Hybrid 5 Income ETF,stocks,us,XNAS,ETF,True,usd,,BBG01R76RP30,BBG01R76RQ01,2025-10-05T06:05:16.272624815Z
FIW,First Trust Water ETF,stocks,us,ARCX,ETF,True,usd,,BBG000QJSZL8,BBG001SS8248,2025-10-05T06:05:16.272624895Z
FIX,"Comfort Systems USA, Inc.",stocks,us,XNYS,CS,True,usd,0001035983,BBG000BWN2Y9,BBG001SB1GG8,2025-10-05T06:05:16.272624975Z
FIXD,First Trust Exchange-Traded Fund VIII First Trust Smith Opportunistic Fixed Income ETF,stocks,us,XNAS,ETF,True,usd,0001667919,BBG00FZ4KFH5,BBG00FZ4KG74,2025-10-05T06:05:16.272625055Z
FIXP,FolioBeyond Enhanced Fixed Income Premium ETF,stocks,us,ARCX,ETF,True,usd,0001387131,BBG01RXV73W5,BBG01RXV7587,2025-10-05T06:05:16.272625135Z
FIXT,TCW Core Plus Bond ETF,stocks,us,XNYS,ETF,True,usd,,BBG01THY0YQ9,BBG01THY0ZM0,2025-10-05T06:05:16.272625346Z
FIZZ,National Beverage Corp.,stocks,us,XNAS,CS,True,usd,0000069891,BBG000BF8CB6,BBG001S5PM18,2025-10-05T06:05:16.272625426Z
FJAN,FT Vest U.S. Equity Buffer ETF - January,stocks,us,BATS,ETF,True,usd,0001667919,BBG00YXMPKQ0,BBG00YXMPLL3,2025-10-05T06:05:16.272625556Z
FJP,First Trust Japan AlphaDEX Fund,stocks,us,XNAS,ETF,True,usd,0001510337,BBG001MKPY33,BBG001V11WW3,2025-10-05T06:05:16.272625636Z
FJUL,FT Vest U.S. Equity Buffer ETF - July,stocks,us,BATS,ETF,True,usd,0001667919,BBG00VZR6JH7,BBG00VZR6K84,2025-10-05T06:05:16.272625716Z
FJUN,FT Vest U.S. Equity Buffer ETF - June,stocks,us,BATS,ETF,True,usd,0001667919,BBG00VC9S427,BBG00VC9S4V5,2025-10-05T06:05:16.272625806Z
FKU,First Trust United Kingdom AlphaDEX Fund,stocks,us,XNAS,ETF,True,usd,0001510337,BBG002N8TF98,BBG002N8TG14,2025-10-05T06:05:16.272625887Z
FKWL,Franklin Wireless Corp. Common Stock,stocks,us,XNAS,CS,True,usd,0000722572,BBG000FS15V4,BBG001SBVBM9,2025-10-05T06:05:16.272625967Z
FLAG,Global X S&P 500 U.S. Market Leaders Top 50 ETF,stocks,us,ARCX,ETF,True,usd,,BBG01THDN636,BBG01THDN6Z1,2025-10-05T06:05:16.272626057Z
FLAO,AllianzIM U.S. Equity 6 Month Floor5 Apr/Oct ETF,stocks,us,ARCX,ETS,True,usd,0001797318,BBG01M34BY74,BBG01M34BZB6,2025-10-05T06:05:16.272626137Z
FLAU,Franklin FTSE Australia ETF,stocks,us,ARCX,ETF,True,usd,0001655589,BBG00J3M8WZ9,BBG00J3M8XP8,2025-10-05T06:05:16.272626217Z
FLAX,Franklin FTSE Asia ex Japan ETF,stocks,us,ARCX,ETF,True,usd,0001655589,BBG00JYXTH81,BBG00JYXTHZ1,2025-10-05T06:05:16.272626297Z
FLBL,Franklin Senior Loan ETF,stocks,us,BATS,ETF,True,usd,0001655589,BBG00L2CKS28,BBG00L2CKST9,2025-10-05T06:05:16.272626378Z
FLBR,Franklin FTSE Brazil ETF,stocks,us,ARCX,ETF,True,usd,0001655589,BBG00J3M9VQ0,BBG00J3M9WL3,2025-10-05T06:05:16.272626458Z
FLC,Flaherty & Crumrine Total Return Fund Incorporated,stocks,us,XNYS,FUND,True,usd,0001245648,BBG000PN2918,BBG001SLJ198,2025-10-05T06:05:16.272626538Z
FLCA,Franklin FTSE Canada ETF,stocks,us,ARCX,ETF,True,usd,0001655589,BBG00J3N6M72,BBG00J3N6MY2,2025-10-05T06:05:16.272626618Z
FLCB,Franklin U.S. Core Bond ETF,stocks,us,ARCX,ETF,True,usd,0001655589,BBG00Q6LNHW1,BBG00Q6LNJQ4,2025-10-05T06:05:16.272626828Z
FLCC,Federated Hermes MDT Large Cap Core ETF,stocks,us,ARCX,ETF,True,usd,0001849998,BBG01NK927B6,BBG01NK92888,2025-10-05T06:05:16.272626909Z
FLCE,Frontier Asset U.S. Large Cap Equity ETF,stocks,us,ARCX,ETF,True,usd,,BBG01RB9SY84,BBG01RB9SZ72,2025-10-05T06:05:16.272627019Z
FLCG,Federated Hermes MDT Large Cap Growth ETF,stocks,us,ARCX,ETF,True,usd,0001849998,BBG01NKB1C49,BBG01NKB1D38,2025-10-05T06:05:16.272627099Z
FLCH,Franklin FTSE China ETF,stocks,us,ARCX,ETF,True,usd,0001655589,BBG00J3MD154,BBG00J3MD1W4,2025-10-05T06:05:16.272627179Z
FLCO,Franklin Investment Grade Corporate ETF,stocks,us,ARCX,ETF,True,usd,0001655589,BBG00DVZWNP6,BBG00DVZWNQ5,2025-10-05T06:05:16.272627259Z
FLCV,Federated Hermes MDT Large Cap Value ETF,stocks,us,ARCX,ETF,True,usd,0001849998,BBG01NK8CP18,BBG01NK8CPX3,2025-10-05T06:05:16.272627339Z
FLD,"Fold Holdings, Inc. Class A Common Stock",stocks,us,XNAS,CS,True,usd,0001889123,BBG0142PTRC8,BBG0142PTS63,2025-10-05T06:05:16.27262742Z
FLDB,Fidelity Low Duration Bond ETF,stocks,us,XNAS,ETF,True,usd,0001562565,BBG01LH0LYH7,BBG01LH0LZB0,2025-10-05T06:05:16.27262777Z
FLDDW,"Fold Holdings, Inc. Warrant",stocks,us,XNAS,WARRANT,True,usd,0001889123,BBG0154LPFW0,,2025-10-05T06:05:16.27262785Z
FLDR,Fidelity Low Duration Bond Factor ETF,stocks,us,BATS,ETF,True,usd,0001562565,BBG00L4J99Z0,BBG00L4J9BR4,2025-10-05T06:05:16.272627941Z
FLDZ,RiverNorth Patriot ETF,stocks,us,BATS,ETF,True,usd,0001776878,BBG01VJKDP41,BBG01VJKDQ76,2025-10-05T06:05:16.272628021Z
FLEE,Franklin FTSE Europe ETF,stocks,us,ARCX,ETF,True,usd,0001655589,BBG00J3PR1S7,BBG00J3PR2H7,2025-10-05T06:05:16.272628101Z
FLEU,Franklin FTSE Eurozone ETF,stocks,us,ARCX,ETF,True,usd,0001655589,BBG00J3PR6Q8,BBG00J3PR7F8,2025-10-05T06:05:16.272628181Z
FLEX,Flex Ltd. Ordinary Shares,stocks,us,XNAS,CS,True,usd,0000866374,,,2025-10-05T06:05:16.272628261Z
FLG,"Flagstar Financial, Inc.",stocks,us,XNYS,CS,True,usd,0000910073,BBG000BVXPZ8,BBG001SD32Z2,2025-10-05T06:05:16.272628341Z
FLGB,Franklin FTSE United Kingdom ETF,stocks,us,ARCX,ETF,True,usd,0001655589,BBG00J3PQYB4,BBG00J3PQZ12,2025-10-05T06:05:16.272628421Z
FLGC,Flora Growth Corp. Common Stock,stocks,us,XNAS,CS,True,usd,0001790169,BBG00Z85YJH5,BBG00Z85YKB8,2025-10-05T06:05:16.272628502Z
FLGR,Franklin FTSE Germany ETF,stocks,us,ARCX,ETF,True,usd,0001655589,BBG00J3MNNR1,BBG00J3MNPG8,2025-10-05T06:05:16.272628582Z
FLGT,"Fulgent Genetics, Inc. Common Stock",stocks,us,XNAS,CS,True,usd,0001674930,BBG00DR7LTG2,BBG00DW0QQM5,2025-10-05T06:05:16.272628662Z
FLGV,Franklin U.S. Treasury Bond ETF,stocks,us,ARCX,ETF,True,usd,0001655589,BBG00V7V3M12,BBG00V7V3MT2,2025-10-05T06:05:16.272628742Z
FLGpA,"Flagstar Financial, Inc. Depositary shares, each representing a 1/40th interest in a share of Fixed-to-Floating Rate Series A Noncumulative Perpetual Preferred Stock",stocks,us,XNYS,PFD,True,usd,0000910073,,,2025-10-05T06:05:16.272628832Z
FLGpU,"Flagstar Financial, Inc. Bifurcated Option Note Unit SecuritiES",stocks,us,XNYS,SP,True,usd,0000910073,,,2025-10-05T06:05:16.272628912Z
FLHY,Franklin High Yield Corporate ETF,stocks,us,BATS,ETF,True,usd,0001655589,BBG00L2CL634,BBG00L2CL6V3,2025-10-05T06:05:16.272628993Z
FLIA,Franklin International Aggregate Bond ETF,stocks,us,BATS,ETF,True,usd,0001655589,BBG00L2CLBL3,BBG00L2CLCB2,2025-10-05T06:05:16.272629073Z
FLIN,Franklin FTSE India ETF,stocks,us,ARCX,ETF,True,usd,0001655589,BBG00JYWBHT9,BBG00JYWBLK9,2025-10-05T06:05:16.272629153Z
FLJH,Franklin FTSE Japan Hedged ETF,stocks,us,ARCX,ETF,True,usd,0001655589,BBG00J3MMYR8,BBG00J3MMZG7,2025-10-05T06:05:16.272629233Z
FLJJ,AllianzIM U.S. Equity 6 Month Floor5 Jan/Jul ETF,stocks,us,ARCX,ETS,True,usd,0001797318,BBG01L88DQ13,BBG01L88DQW9,2025-10-05T06:05:16.272629313Z
FLJP,Franklin FTSE Japan ETF,stocks,us,ARCX,ETF,True,usd,0001655589,BBG00J3MDY16,BBG00J3MDYR8,2025-10-05T06:05:16.272629784Z
FLKR,Franklin FTSE South Korea ETF,stocks,us,ARCX,ETF,True,usd,0001655589,BBG00J3N5BB2,BBG00J3N5C11,2025-10-05T06:05:16.272629854Z
FLL,"Full House Resorts, Inc.",stocks,us,XNAS,CS,True,usd,0000891482,BBG000BHSGF7,BBG001S7D9G0,2025-10-05T06:05:16.272629944Z
FLLA,Franklin FTSE Latin America,stocks,us,ARCX,ETF,True,usd,0001655589,BBG00M6PPS91,BBG00M6PPT17,2025-10-05T06:05:16.272630014Z
FLMB,Franklin Municipal Green Bond ETF,stocks,us,ARCX,ETF,True,usd,0001655589,BBG00HLJ9XK3,BBG00HLJ9Y85,2025-10-05T06:05:16.27263842Z
FLMI,Franklin Dynamic Municipal Bond ETF,stocks,us,ARCX,ETF,True,usd,0001655589,BBG00HLJ4L24,BBG00HLJ4LS6,2025-10-05T06:05:16.272638521Z
FLMX,Franklin FTSE Mexico ETF,stocks,us,ARCX,ETF,True,usd,0001655589,BBG00J3MSMP0,BBG00J3MSND1,2025-10-05T06:05:16.272638611Z
FLN,First Trust Latin America AlphaDEX Fund,stocks,us,XNAS,ETF,True,usd,0001510337,BBG001MKNCN1,BBG001V11WB6,2025-10-05T06:05:16.272638691Z
FLNC,"Fluence Energy, Inc. Class A Common Stock",stocks,us,XNAS,CS,True,usd,0001868941,BBG012QSDSK6,BBG012QSDTD2,2025-10-05T06:05:16.272638771Z
FLNG,FLEX LNG Ltd. Ordinary Shares,stocks,us,XNYS,CS,True,usd,0001772253,,,2025-10-05T06:05:16.272638962Z
FLNT,"Fluent, Inc. Common Stock",stocks,us,XNAS,CS,True,usd,0001460329,BBG000TWSVB6,BBG001T0NKV1,2025-10-05T06:05:16.272639042Z
FLO,"Flowers Foods, Inc.",stocks,us,XNYS,CS,True,usd,0001128928,BBG000BB4D72,BBG001S5R7L7,2025-10-05T06:05:16.272639122Z
FLOC,Flowco Holdings Inc.,stocks,us,XNYS,CS,True,usd,0002035149,BBG01R6F2N88,BBG01R6F2P38,2025-10-05T06:05:16.272639242Z
FLOT,iShares Floating Rate Bond ETF,stocks,us,BATS,ETF,True,usd,0001100663,BBG001QWVB81,BBG001V1QYX1,2025-10-05T06:05:16.272639322Z
FLOW,Global X U.S. Cash Flow Kings 100 ETF,stocks,us,ARCX,ETF,True,usd,,BBG01H7RNK95,BBG01H7RNL57,2025-10-05T06:05:16.272639402Z
FLQL,Franklin U.S. Large Cap Multifactor Index ETF,stocks,us,BATS,ETF,True,usd,0001655589,BBG00GKQZDZ9,BBG00GKQZFP5,2025-10-05T06:05:16.272639483Z
FLQM,Franklin U.S. Mid Cap Multifactor Index ETF,stocks,us,BATS,ETF,True,usd,0001655589,BBG00GKQZHB6,BBG00GKQZJ13,2025-10-05T06:05:16.272639563Z
FLQS,Franklin U.S. Small Cap Multifactor Index ETF,stocks,us,BATS,ETF,True,usd,0001655589,BBG00GKQZLJ9,BBG00GKQZM70,2025-10-05T06:05:16.272639643Z
FLR,Fluor Corporation,stocks,us,XNYS,CS,True,usd,0001124198,BBG000BB1TH9,BBG001S5Q738,2025-10-05T06:05:16.272639723Z
FLRG,Fidelity U.S. Multifactor ETF,stocks,us,ARCX,ETF,True,usd,0000945908,BBG00XCCSCY3,BBG00XCCSDS8,2025-10-05T06:05:16.272639803Z
FLRN,SPDR Bloomberg Investment Grade Floating Rate ETF,stocks,us,ARCX,ETF,True,usd,0001064642,BBG0029J2H86,BBG0029J2J00,2025-10-05T06:05:16.272640004Z
FLRT,Pacer Aristotle Pacific Floating Rate High Income ETF,stocks,us,ARCX,ETF,True,usd,0001616668,BBG01357YF73,BBG01357YF82,2025-10-05T06:05:16.272640084Z
FLS,Flowserve Corporation,stocks,us,XNYS,CS,True,usd,0000030625,BBG000FFH4P5,BBG001SB3F87,2025-10-05T06:05:16.272640234Z
FLSA,Franklin FTSE Saudi Arabia ETF,stocks,us,ARCX,ETF,True,usd,0001655589,BBG00M6PPK25,BBG00M6PPKT6,2025-10-05T06:05:16.272640314Z
FLSP,Franklin Systematic Style Premia ETF,stocks,us,ARCX,ETF,True,usd,0001655589,BBG00R2LVKF6,BBG00R2LVL55,2025-10-05T06:05:16.272640394Z
FLSW,Franklin FTSE Switzerland ETF,stocks,us,ARCX,ETF,True,usd,0001655589,BBG00JYXTYC9,BBG00JYXTZ27,2025-10-05T06:05:16.272640474Z
FLTB,Fidelity Limited Term Bond ETF,stocks,us,ARCX,ETF,True,usd,0001562565,BBG0078XLZ84,BBG0078XLZ93,2025-10-05T06:05:16.272640555Z
FLTR,VanEck IG Floating Rate ETF,stocks,us,ARCX,ETF,True,usd,0001137360,BBG001NKQWL5,BBG001V14Q53,2025-10-05T06:05:16.272640635Z
FLTW,Franklin FTSE Taiwan ETF,stocks,us,ARCX,ETF,True,usd,0001655589,BBG00J3PQ956,BBG00J3PQ9W6,2025-10-05T06:05:16.272640715Z
FLUD,Franklin Ultra Short Bond ETF,stocks,us,ARCX,ETF,True,usd,0001655589,BBG00W28C0D1,BBG00W28C158,2025-10-05T06:05:16.272640795Z
FLUT,Flutter Entertainment plc,stocks,us,XNYS,CS,True,usd,0001635327,,,2025-10-05T06:05:16.272640875Z
FLUX,"Flux Power Holdings, Inc. Common Stock",stocks,us,XNAS,CS,True,usd,0001083743,BBG000CKGHF0,BBG001SF5MW4,2025-10-05T06:05:16.272640955Z
FLV,American Century Focused Large Cap Value ETF,stocks,us,ARCX,ETF,True,usd,0001710607,BBG00RJWH3L1,BBG00RJWH4B0,2025-10-05T06:05:16.272641035Z
FLWS,1-800-FLOWERS.COM Inc,stocks,us,XNAS,CS,True,usd,0001084869,BBG000BBR9P6,BBG001S60YV4,2025-10-05T06:05:16.272641116Z
FLX,BingEx Limited American Depositary Shares,stocks,us,XNAS,ADRC,True,usd,0001858724,BBG01PR6H0V7,BBG01PR6H1P2,2025-10-05T06:05:16.272641196Z
FLXN,Horizon Flexible Income ETF,stocks,us,BATS,ETF,True,usd,,BBG01VRMV9C5,BBG01VRMVBC0,2025-10-05T06:05:16.272641276Z
FLXR,TCW Flexible Income ETF,stocks,us,XNYS,ETF,True,usd,0001831313,BBG01NCF0GV1,BBG01NCF0HQ5,2025-10-05T06:05:16.272641396Z
FLXS,Flexsteel Industries,stocks,us,XNAS,CS,True,usd,0000037472,BBG000BJNBB3,BBG001S5R835,2025-10-05T06:05:16.272641476Z
FLY,Firefly Aerospace Inc. Common Stock,stocks,us,XNAS,CS,True,usd,0001860160,BBG00NGNL3X5,BBG00NGNL3Y4,2025-10-05T06:05:16.272641556Z
FLYD,MicroSectors Travel -3x Inverse Leveraged ETN,stocks,us,ARCX,ETN,True,usd,0000927971,BBG013KKRB29,BBG013KKRBY4,2025-10-05T06:05:16.272641637Z
FLYE,"Fly-E Group, Inc. Common Stock",stocks,us,XNAS,CS,True,usd,0001975940,BBG01LBH4R35,BBG01LBH4RY1,2025-10-05T06:05:16.272641717Z
FLYU,MicroSectors Travel 3x Leveraged ETN,stocks,us,ARCX,ETN,True,usd,0000927971,BBG013KKMM39,BBG013KKMN55,2025-10-05T06:05:16.272641797Z
FLYW,Flywire Corporation Voting Common Stock,stocks,us,XNAS,CS,True,usd,0001580560,BBG002030NC4,BBG002030ND3,2025-10-05T06:05:16.272641877Z
FLYX,"flyExclusive, Inc.",stocks,us,XASE,CS,True,usd,0001843973,BBG00ZXXLTZ8,BBG00ZXXLVV7,2025-10-05T06:05:16.272641957Z
FLYX.WS,"flyExclusive, Inc. Redeemable warrants, each whole warrant exercisable for one Class A common stock at an exercise price of $11.50 per share",stocks,us,XASE,WARRANT,True,usd,0001843973,BBG00ZXY2JV3,,2025-10-05T06:05:16.272642037Z
FMAG,Fidelity Magellan ETF,stocks,us,BATS,ETF,True,usd,0000945908,BBG00Z4JDQL1,BBG00Z4JDRF6,2025-10-05T06:05:16.272642118Z
FMAO,"Farmers & Merchants Bancorp, Inc.",stocks,us,XNAS,CS,True,usd,0000792966,BBG000BLPL88,BBG001S8HL40,2025-10-05T06:05:16.272642198Z
FMAR,FT Vest U.S. Equity Buffer ETF - March,stocks,us,BATS,ETF,True,usd,0001667919,BBG00ZR06728,BBG00ZR067X4,2025-10-05T06:05:16.272642278Z
FMAT,Fidelity MSCI Materials Index ETF,stocks,us,ARCX,ETF,True,usd,0000945908,BBG005FHWDH2,BBG005FHWDJ0,2025-10-05T06:05:16.272642358Z
FMAY,FT Vest U.S. Equity Buffer ETF - May,stocks,us,BATS,ETF,True,usd,0001667919,BBG00TSG25H8,BBG00TSG2686,2025-10-05T06:05:16.272642438Z
FMB,First Trust Managed Municipal ETF,stocks,us,XNAS,ETF,True,usd,,BBG006H1W517,BBG006H1W526,2025-10-05T06:05:16.272642518Z
FMBH,"First Mid Bancshares, Inc. Common Stock",stocks,us,XNAS,CS,True,usd,0000700565,BBG000BD8VT0,BBG001S704Q4,2025-10-05T06:05:16.272642598Z
FMC,FMC Corporation,stocks,us,XNYS,CS,True,usd,0000037785,BBG000BJP882,BBG001S5R880,2025-10-05T06:05:16.272642679Z
FMCE,FM Compounders Equity ETF,stocks,us,ARCX,ETF,True,usd,,BBG01QMWMTV4,BBG01QMWMVW8,2025-10-05T06:05:16.272642759Z
FMCX,FM Focus Equity ETF,stocks,us,ARCX,ETF,True,usd,0001733356,BBG016Y0X448,BBG016Y0X4Z4,2025-10-05T06:05:16.272642849Z
FMDE,Fidelity Enhanced Mid Cap ETF,stocks,us,ARCX,ETF,True,usd,0000945908,BBG01K785Q33,BBG01K785QY9,2025-10-05T06:05:16.272642929Z
FMED,Fidelity Disruptive Medicine ETF,stocks,us,XNAS,ETF,True,usd,0000945908,BBG01GXLXWJ3,BBG01GXLXXD7,2025-10-05T06:05:16.272643009Z
FMET,Fidelity Metaverse ETF,stocks,us,XNAS,ETF,True,usd,0000945908,BBG016VBYBR5,BBG016VBYCL9,2025-10-05T06:05:16.272643089Z
FMF,First Trust Managed Futures Strategy Fund,stocks,us,ARCX,ETF,True,usd,0001549548,BBG004XDZ7N7,BBG004XDZ7P5,2025-10-05T06:05:16.27264317Z
FMFC,Kandal M Venture Limited Class A Ordinary Shares,stocks,us,XNAS,CS,True,usd,0002024656,,,2025-10-05T06:05:16.27264347Z
FMHI,First Trust Municipal High Income ETF,stocks,us,XNAS,ETF,True,usd,0001424212,BBG00J3TCPQ4,BBG00J3TCQF4,2025-10-05T06:05:16.27264355Z
FMKT,The Free Markets ETF,stocks,us,ARCX,ETF,True,usd,0001387131,BBG01VFQP6V1,BBG01VFQP8L8,2025-10-05T06:05:16.27264365Z
FMN,Federated Hermes Premier Municipal Income Fund,stocks,us,XNYS,FUND,True,usd,0001199004,BBG000CTZS48,BBG001SFSHM1,2025-10-05T06:05:16.272643731Z
FMNB,Farmers National Banc Corp,stocks,us,XNAS,CS,True,usd,0000709337,BBG000D9HD17,BBG001S7S1W3,2025-10-05T06:05:16.272643811Z
FMNY,First Trust New York Municipal High Income ETF,stocks,us,ARCX,ETF,True,usd,0001424212,BBG010WQLK25,BBG010WQLL32,2025-10-05T06:05:16.272643911Z
FMQQ,FMQQ The Next Frontier Internet ETF,stocks,us,ARCX,ETF,True,usd,0001452937,BBG012G1S575,BBG012G1S646,2025-10-05T06:05:16.272643991Z
FMS,Fresenius Medical Care AG,stocks,us,XNYS,ADRC,True,usd,0001333141,BBG000HDMR99,BBG001S97ZY5,2025-10-05T06:05:16.272644071Z
FMST,Foremost Clean Energy Ltd. Common stock,stocks,us,XNAS,CS,True,usd,0001935418,BBG00FH39R93,BBG001ZVN969,2025-10-05T06:05:16.272644151Z
FMSTW,Foremost Clean Energy Ltd. Warrant,stocks,us,XNAS,WARRANT,True,usd,0001935418,BBG01J1G1X42,,2025-10-05T06:05:16.272644372Z
FMTM,MarketDesk Focused U.S. Momentum ETF,stocks,us,XNAS,ETF,True,usd,,BBG01SRPKC67,BBG01SRPKDV7,2025-10-05T06:05:16.272644452Z
FMUB,Fidelity Municipal Bond Opportunities ETF,stocks,us,XNAS,ETF,True,usd,0001562565,BBG01T8LLBJ2,BBG01T8LLD08,2025-10-05T06:05:16.272644552Z
FMUN,Fidelity Systematic Municipal Bond Index ETF,stocks,us,XNAS,ETF,True,usd,0001562565,BBG01T7KQSH5,BBG01T7KQTL8,2025-10-05T06:05:16.272644632Z
FMX,"FOMENTO ECONOMICO MEXICANO, S.A.B. DE C.V.",stocks,us,XNYS,ADRC,True,usd,0001061736,BBG000BD33X2,BBG001S5W9K8,2025-10-05T06:05:16.272644712Z
FMY,FIRST TRUST MORTGAGE INCOME FUND,stocks,us,XNYS,FUND,True,usd,0001319183,BBG000CLL1G6,BBG001SM1J50,2025-10-05T06:05:16.272644793Z
FN,Fabrinet,stocks,us,XNYS,CS,True,usd,0001408710,,,2025-10-05T06:05:16.272644883Z
FNB,F.N.B. Corp,stocks,us,XNYS,CS,True,usd,0000037808,BBG000BJ9B29,BBG001S5R1Q5,2025-10-05T06:05:16.272644963Z
FNCL,Fidelity MSCI Financials Index ETF,stocks,us,ARCX,ETF,True,usd,0000945908,BBG005FHWXV2,BBG005FHWXW1,2025-10-05T06:05:16.272645043Z
FND,"Floor & Decor Holdings, Inc.",stocks,us,XNYS,CS,True,usd,0001507079,BBG007GJ2F81,BBG007GJ2F90,2025-10-05T06:05:16.272645123Z
FNDA,Schwab Fundamental U.S. Small Company ETF,stocks,us,ARCX,ETF,True,usd,0001454889,BBG0051NXNP2,BBG0051NXNX3,2025-10-05T06:05:16.272645203Z
FNDB,Schwab Fundamental U.S. Broad Market ETF,stocks,us,ARCX,ETF,True,usd,0001454889,BBG0051GPYK7,BBG0051GPYJ9,2025-10-05T06:05:16.272645404Z
FNDC,Schwab Fundamental International Small Equity ETF,stocks,us,ARCX,ETF,True,usd,0001454889,BBG0051QD585,BBG0051QD594,2025-10-05T06:05:16.272645484Z
FNDE,Schwab Fundamental Emerging Markets Equity ETF,stocks,us,ARCX,ETF,True,usd,0001454889,BBG0051QPC78,BBG0051QPC87,2025-10-05T06:05:16.272645564Z
FNDF,Schwab Fundamental International Equity ETF,stocks,us,ARCX,ETF,True,usd,0001454889,BBG0051K49H0,BBG0051K49J8,2025-10-05T06:05:16.272645644Z
FNDX,Schwab Fundamental U.S. Large Company ETF,stocks,us,ARCX,ETF,True,usd,0001454889,BBG0051J0PH1,BBG0051J0PJ9,2025-10-05T06:05:16.272645724Z
FNF,"Fidelity National Financial, Inc.",stocks,us,XNYS,CS,True,usd,0001331875,BBG006N7S6K9,BBG006N7S6J1,2025-10-05T06:05:16.272645805Z
FNGD,"MicroSectors FANG+ Index -3X Inverse Leveraged ETNs due January 8, 2038",stocks,us,ARCX,ETN,True,usd,0000927971,BBG00JSLPJL9,BBG00JSLPK90,2025-10-05T06:05:16.272645885Z
FNGG,Direxion Daily NYSE FANG+ Bull 2X Shares,stocks,us,ARCX,ETF,True,usd,,BBG012NLKK50,BBG012NLKL12,2025-10-05T06:05:16.272645965Z
FNGO,"MicroSectors FANG+ Index 2X Leveraged ETNs due January 8, 2038",stocks,us,ARCX,ETN,True,usd,0000927971,BBG00LLY1GD4,BBG00LLY1H42,2025-10-05T06:05:16.272646045Z
FNGR,"FingerMotion, Inc. Common Stock",stocks,us,XNAS,CS,True,usd,0001602409,BBG006LF1D81,BBG006LF1D90,2025-10-05T06:05:16.272646135Z
FNGS,"MicroSectors FANG+ ETNs due January 8, 2038",stocks,us,ARCX,ETN,True,usd,0000927971,BBG00QTPSDZ8,BBG00QTPSFQ3,2025-10-05T06:05:16.272646215Z
FNGU,"MicroSectors FANG+ 3x Leveraged ETNs due February 17, 2045",stocks,us,ARCX,ETN,True,usd,0000927971,BBG01RXG0C73,BBG01RXG0D71,2025-10-05T06:05:16.272646296Z
FNK,First Trust Mid Cap Value AlphaDEX Fund,stocks,us,XNAS,ETF,True,usd,0001383496,BBG001MKMBK7,BBG001V11W53,2025-10-05T06:05:16.272646376Z
FNKO,"Funko, Inc. Class A Common Stock",stocks,us,XNAS,CS,True,usd,0001704711,BBG00HXSHDQ9,BBG00HXSHDR8,2025-10-05T06:05:16.272646476Z
FNLC,"First Bancorp, Inc. (ME)",stocks,us,XNAS,CS,True,usd,0000765207,BBG000KN6TT5,BBG001SD0659,2025-10-05T06:05:16.272646556Z
FNOV,FT Vest U.S. Equity Buffer ETF - November,stocks,us,BATS,ETF,True,usd,0001667919,BBG00QQFKFR5,BBG00QQFKGH4,2025-10-05T06:05:16.272646636Z
FNV,Franco-Nevada Corporation,stocks,us,XNYS,CS,True,usd,0001456346,BBG000RD3CL8,BBG001STGSR5,2025-10-05T06:05:16.272646716Z
FNWB,First Northwest Bancorp Common Stock,stocks,us,XNAS,CS,True,usd,0001556727,BBG0080Q5RR0,BBG0080Q5RS9,2025-10-05T06:05:16.272646796Z
FNWD,Finward Bancorp Common Stock,stocks,us,XNAS,CS,True,usd,0000919864,BBG000BRR418,BBG001S9SXD0,2025-10-05T06:05:16.272646877Z
FNX,First Trust Mid Cap Core AlphaDEX Fund,stocks,us,XNAS,ETF,True,usd,0001383496,BBG000R6F9Q2,BBG001ST6943,2025-10-05T06:05:16.272646957Z
FNY,First Trust Mid Cap Growth AlphaDEX Fund,stocks,us,XNAS,ETF,True,usd,0001383496,BBG001MKMK63,BBG001V11W62,2025-10-05T06:05:16.272647037Z
FOA,Finance of America Companies Inc.,stocks,us,XNYS,CS,True,usd,0001828937,BBG00ZVN6MB0,BBG00ZVN6MD8,2025-10-05T06:05:16.272647257Z
FOCT,FT Vest U.S. Equity Buffer ETF - October,stocks,us,BATS,ETF,True,usd,0001667919,BBG00XS5NB05,BBG00XS5NBW0,2025-10-05T06:05:16.272647327Z
FOF,Cohen & Steers Closed End Opportunity Fund,stocks,us,XNYS,FUND,True,usd,0001375340,BBG000D3NTK7,BBG001SMCWX8,2025-10-05T06:05:16.272647448Z
FOFO,"Hang Feng Technology Innovation Co., Ltd. Ordinary Shares",stocks,us,XNAS,CS,True,usd,0002060083,,,2025-10-05T06:05:16.272647528Z
FOLD,"Amicus Therapeutics, Inc",stocks,us,XNAS,CS,True,usd,0001178879,BBG000PLF6N0,BBG001SN96V9,2025-10-05T06:05:16.272647608Z
FONR,Fonar Corporation,stocks,us,XNAS,CS,True,usd,0000355019,BBG000BJQYS2,BBG001S5R9D2,2025-10-05T06:05:16.272647688Z
FOPC,Frontier Asset Opportunistic Credit ETF,stocks,us,ARCX,ETF,True,usd,,BBG01RBB1FF1,BBG01RBB1GZ7,2025-10-05T06:05:16.272647768Z
FOR,Forestar Group Inc.,stocks,us,XNYS,CS,True,usd,0001406587,BBG000BB1YV2,BBG001S5R9G9,2025-10-05T06:05:16.272647848Z
FORA,Forian Inc. Common Stock,stocks,us,XNAS,CS,True,usd,0001829280,BBG00Y9CR7V0,BBG00Y9CR7W9,2025-10-05T06:05:16.272647939Z
FORD,Forward Industries Inc-N Y,stocks,us,XNAS,CS,True,usd,0000038264,BBG000BJRHG1,BBG001S5R9H8,2025-10-05T06:05:16.272648019Z
FORH,Formidable ETF,stocks,us,ARCX,ETF,True,usd,,BBG010L8SW88,BBG010L8SX31,2025-10-05T06:05:16.272648099Z
FORL,Four Leaf Acquisition Corporation Class A Common Stock,stocks,us,XNAS,CS,True,usd,0001936255,BBG019M65CG2,BBG019M65D98,2025-10-05T06:05:16.272648179Z
FORLU,Four Leaf Acquisition Corporation Unit,stocks,us,XNAS,UNIT,True,usd,0001936255,BBG019M64WL3,BBG019M64XF8,2025-10-05T06:05:16.272648259Z
FORLW,Four Leaf Acquisition Corporation Warrants,stocks,us,XNAS,WARRANT,True,usd,0001936255,BBG01GM650Q1,,2025-10-05T06:05:16.272648329Z
FORM,FormFactor Inc.,stocks,us,XNAS,CS,True,usd,0001039399,BBG000D1Y3P1,BBG001SFT2R8,2025-10-05T06:05:16.27264842Z
FORR,Forrester Research Inc,stocks,us,XNAS,CS,True,usd,0001023313,BBG000HGNYG8,BBG001S98HN6,2025-10-05T06:05:16.27264849Z
FORTY,Formula Systems 1985 Ltd,stocks,us,XNAS,ADRC,True,usd,0001045986,BBG000JLM9R9,BBG001SBB376,2025-10-05T06:05:16.27264874Z
FOSL,"Fossil Group, Inc.",stocks,us,XNAS,CS,True,usd,0000883569,BBG000C37332,BBG001S6FP74,2025-10-05T06:05:16.27264882Z
FOSLL,"Fossil Group, Inc. 7% Senior Notes due 2026",stocks,us,XNAS,CS,True,usd,0000883569,,,2025-10-05T06:05:16.272648931Z
FOUR,"Shift4 Payments, Inc.",stocks,us,XNYS,CS,True,usd,0001794669,BBG00TX393L4,BBG00TX393M3,2025-10-05T06:05:16.272649011Z
FOURpA,"Shift4 Payments, Inc. 6.00% Series A Mandatory Convertible Preferred Stock",stocks,us,XNYS,SP,True,usd,0001794669,,,2025-10-05T06:05:16.272649091Z
FOWF,Pacer Solactive Whitney Future of Warfare ETF,stocks,us,BATS,ETF,True,usd,0001616668,BBG01R9KTVL2,BBG01R9KTWL0,2025-10-05T06:05:16.272649171Z
FOX,Fox Corporation Class B Common Stock,stocks,us,XNAS,CS,True,usd,0001754301,BBG00JHNKJY8,BBG00JHNKKR3,2025-10-05T06:05:16.272649251Z
FOXA,Fox Corporation Class A Common Stock,stocks,us,XNAS,CS,True,usd,0001754301,BBG00JHNJW99,BBG00JHNJX06,2025-10-05T06:05:16.272649331Z
FOXF,Fox Factory Holding Corp. Common Stock,stocks,us,XNAS,CS,True,usd,0001424929,BBG004T7VS53,BBG004T7VS71,2025-10-05T06:05:16.272649411Z
FOXX,Foxx Development Holdings Inc. Common Stock,stocks,us,XNAS,CS,True,usd,0002013807,BBG01Q1W39Q8,BBG01Q1W39T5,2025-10-05T06:05:16.272649492Z
FOXXW,Foxx Development Holdings Inc. Warrant expiring 9/26/2029,stocks,us,XNAS,WARRANT,True,usd,0002013807,BBG01Q1X3B09,,2025-10-05T06:05:16.272649572Z
FOXY,Simplify Currency Strategy ETF,stocks,us,ARCX,ETF,True,usd,0001810747,BBG01S1BBVJ0,BBG01S1BBWD4,2025-10-05T06:05:16.272649652Z
FPA,First Trust Asia Pacific ex-Japan AlphaDEX Fund,stocks,us,XNAS,ETF,True,usd,0001364608,BBG001MKQLD9,BBG001V11YZ6,2025-10-05T06:05:16.272649732Z
FPAG,FPA Global Equity ETF,stocks,us,BATS,ETF,True,usd,,BBG01MNCH8M8,BBG01MNCH9Z2,2025-10-05T06:05:16.272649822Z
FPAS,FPA Short Duration Government ETF,stocks,us,BATS,ETF,True,usd,,BBG01QLGVD09,BBG01QLGVDZ1,2025-10-05T06:05:16.272649892Z
FPAY,"FlexShopper, Inc. Common Stock",stocks,us,XNAS,CS,True,usd,0001397047,BBG000TX5LD9,BBG001T0PFR5,2025-10-05T06:05:16.272649973Z
FPE,First Trust Preferred Securities and Income ETF,stocks,us,ARCX,ETF,True,usd,,BBG0043NRZ00,BBG0043NRZR1,2025-10-05T06:05:16.272650053Z
FPEI,First Trust Institutional Preferred Securities and Income ETF,stocks,us,ARCX,ETF,True,usd,0001424212,BBG00HJHQ0B3,BBG00HJHQ112,2025-10-05T06:05:16.272650133Z
FPF,FIRST TRUST INTERMEDIATE DURATION PREFERRED & INCOME FUND,stocks,us,XNYS,FUND,True,usd,0001567569,BBG0043KQ5K1,BBG0043KQ5L0,2025-10-05T06:05:16.272650213Z
FPFD,Fidelity Preferred Securities & Income ETF,stocks,us,BATS,ETF,True,usd,0000945908,BBG011FJX092,BBG011FJX154,2025-10-05T06:05:16.272650293Z
FPH,"Five Point Holdings, LLC Class A Common Shares",stocks,us,XNYS,CS,True,usd,0001574197,BBG00BK2WQF9,BBG00BK2WQG8,2025-10-05T06:05:16.272650373Z
FPI,Farmland Partners Inc.,stocks,us,XNYS,CS,True,usd,0001591670,BBG005TNS0Q7,BBG005TNS0R6,2025-10-05T06:05:16.272650453Z
FPRO,Fidelity Real Estate Investment ETF,stocks,us,BATS,ETF,True,usd,0000945908,BBG00Z4JG0Y1,BBG00Z4JG1V2,2025-10-05T06:05:16.272650544Z
FPWR,First Trust EIP Power Solutions ETF,stocks,us,ARCX,ETF,True,usd,0001517936,BBG00PZ234D5,BBG00PZ23542,2025-10-05T06:05:16.272650624Z
FPX,First Trust US Equity Opportunities ETF,stocks,us,ARCX,ETF,True,usd,,BBG000BCSCP6,BBG001S7FCJ8,2025-10-05T06:05:16.272650704Z
FPXE,First Trust IPOX Europe Equity Opportunities ETF,stocks,us,XNAS,ETF,True,usd,0001125816,BBG00M55XYJ3,BBG00M55XZ82,2025-10-05T06:05:16.272650784Z
FPXI,First Trust Exchange-Traded Fund II First Trust International Equity Opportunities ETF,stocks,us,XNAS,ETF,True,usd,0001125816,BBG007DJGS54,BBG007DJGS45,2025-10-05T06:05:16.272651215Z
FQAL,Fidelity Quality Factor ETF,stocks,us,ARCX,ETF,True,usd,0000945908,BBG00DRGLM68,BBG00DRGLM86,2025-10-05T06:05:16.272651295Z
FR,"First Industrial Realty Trust, Inc.",stocks,us,XNYS,CS,True,usd,0000921825,BBG000CKGDS5,BBG001S81Z00,2025-10-05T06:05:16.272651375Z
FRA,"Blackrock Floating Rate Income Strategies Fund, Inc.",stocks,us,XNYS,FUND,True,usd,0001259708,BBG000BR8JF1,BBG001SBM043,2025-10-05T06:05:16.272651455Z
FRAF,Franklin Financial Services Corporation Common Stock,stocks,us,XNAS,CS,True,usd,0000723646,BBG000BS5205,BBG001S6Z4V2,2025-10-05T06:05:16.272651536Z
FRBA,First Bank,stocks,us,XNAS,CS,True,usd,,BBG000Q92C66,BBG001SRY1B5,2025-10-05T06:05:16.272651616Z
FRD,Friedman Industries Inc. Common Stock,stocks,us,XNAS,CS,True,usd,0000039092,BBG000BJTD50,BBG001S5RBJ1,2025-10-05T06:05:16.272651716Z
FRDD,Direxion Daily F Bear 1X ETF,stocks,us,XNAS,ETF,True,usd,,BBG01VNVG0J8,BBG01VNVG1F0,2025-10-05T06:05:16.272651806Z
FRDM,Freedom 100 Emerging Markets ETF,stocks,us,BATS,ETF,True,usd,,BBG00P7KKM01,BBG00P7KKMR2,2025-10-05T06:05:16.272651886Z
FRDU,Direxion Daily F Bull 2X ETF,stocks,us,XNAS,ETF,True,usd,,BBG01VNTS9P4,BBG01VNTSBL3,2025-10-05T06:05:16.272651966Z
FREL,Fidelity MSCI Real Estate Index ETF,stocks,us,ARCX,ETF,True,usd,0000945908,BBG008229880,BBG008229899,2025-10-05T06:05:16.272652046Z
FRGE,"Forge Global Holdings, Inc.",stocks,us,XNYS,CS,True,usd,0001827821,BBG00YDFZ7Q5,BBG00YGCJL77,2025-10-05T06:05:16.272652127Z
FRGT,"Freight Technologies, Inc. Ordinary Shares",stocks,us,XNAS,CS,True,usd,0001687542,,,2025-10-05T06:05:16.272652217Z
FRHC,Freedom Holding Corp.,stocks,us,XNAS,CS,True,usd,0000924805,BBG000N625H8,BBG001SGRW38,2025-10-05T06:05:16.272652297Z
FRI,First Trust S&P REIT Index Fund,stocks,us,ARCX,ETF,True,usd,0001329377,BBG000R6DCB3,BBG001ST68Z1,2025-10-05T06:05:16.272652377Z
FRIZ,Franklin Dividend Growth ETF,stocks,us,ARCX,ETF,True,usd,0001655589,BBG01WL1C3C9,BBG01WL1C4B8,2025-10-05T06:05:16.272652457Z
FRME,First Merchants Corp,stocks,us,XNAS,CS,True,usd,0000712534,BBG000BBSJ28,BBG001S5NNS9,2025-10-05T06:05:16.272652537Z
FRMEP,First Merchants Corporation Depository Shares,stocks,us,XNAS,CS,True,usd,0000712534,,,2025-10-05T06:05:16.272652628Z
FRMI,Fermi Inc. Common Stock,stocks,us,XNAS,CS,True,usd,0002071778,BBG01X4QY3R1,BBG01X4QY4Q0,2025-10-05T06:05:16.272652708Z
FRNW,Fidelity Clean Energy ETF,stocks,us,BATS,ETF,True,usd,0000945908,BBG012V1ZBK2,BBG012V1ZCF6,2025-10-05T06:05:16.272652778Z
FRO,Frontline Plc,stocks,us,XNYS,CS,True,usd,0000913290,,,2025-10-05T06:05:16.272653119Z
FROG,JFrog Ltd. Ordinary Shares,stocks,us,XNAS,CS,True,usd,0001800667,,,2025-10-05T06:05:16.272653209Z
FRPH,"FRP Holdings, Inc.",stocks,us,XNAS,CS,True,usd,0000844059,BBG000HCVWW4,BBG001SD43R8,2025-10-05T06:05:16.272653289Z
FRPT,"Freshpet, Inc.",stocks,us,XNAS,CS,True,usd,0001611647,BBG001D0HB36,BBG001V04FM0,2025-10-05T06:05:16.272653369Z
FRSH,Freshworks Inc. Class A Common Stock,stocks,us,XNAS,CS,True,usd,0001544522,BBG0029KYGL5,BBG0029KYGM4,2025-10-05T06:05:16.272653449Z
FRST,Primis Financial Corp. Common Stock,stocks,us,XNAS,CS,True,usd,0001325670,BBG000JQ42W7,BBG001SPKP12,2025-10-05T06:05:16.272653529Z
FRSX,Foresight Autonomous Holdings Ltd. American Depositary Shares,stocks,us,XNAS,ADRC,True,usd,0001691221,BBG00GXL7WB1,BBG00GXL7X10,2025-10-05T06:05:16.272653609Z
FRT,Federal Realty Investment Trust,stocks,us,XNYS,CS,True,usd,0000034903,BBG000BJVN28,BBG001S5RC36,2025-10-05T06:05:16.27265369Z
FRTY,Alger Mid Cap 40 ETF,stocks,us,ARCX,ETF,True,usd,0001807486,BBG00ZDR60C8,BBG00ZDR6163,2025-10-05T06:05:16.2726538Z
FRTpC,"Federal Realty Investment Trust Depositary Shares, each representing a 1/1000th interest in a 5.000 percent Series C Cumulative Redeemable Preferred Share",stocks,us,XNYS,PFD,True,usd,0000034903,,,2025-10-05T06:05:16.27265388Z
FSBC,Five Star Bancorp Common Stock,stocks,us,XNAS,CS,True,usd,0001275168,BBG000QJZ0P3,BBG001SN0V52,2025-10-05T06:05:16.27265396Z
FSBD,Fidelity Sustainable Core Plus Bond ETF,stocks,us,ARCX,ETF,True,usd,0001562565,BBG016R1PY01,BBG016R1PYV7,2025-10-05T06:05:16.27265405Z
FSBW,"FS Bancorp, Inc. Common Stock",stocks,us,XNAS,CS,True,usd,0001530249,BBG002Q8NXP4,BBG002Q8NYF3,2025-10-05T06:05:16.27265412Z
FSCC,Federated Hermes MDT Small Cap Core ETF,stocks,us,ARCX,ETF,True,usd,0001849998,BBG01NKB2ZD7,BBG01NKB3098,2025-10-05T06:05:16.272654211Z
FSCO,FS Credit Opportunities Corp.,stocks,us,XNYS,CS,True,usd,0001568194,BBG01BG24766,BBG01BG24837,2025-10-05T06:05:16.272654291Z
FSCS,First Trust Exchange-Traded Fund VI First Trust SMID Capital Strength ETF,stocks,us,XNAS,ETF,True,usd,0001552740,BBG00GY1J0T2,BBG00GY1J1J1,2025-10-05T06:05:16.272654381Z
FSEA,"First Seacoast Bancorp, Inc. Common Stock",stocks,us,XNAS,CS,True,usd,0001943802,BBG01CGKW1N7,BBG01CGKW1P5,2025-10-05T06:05:16.272654461Z
FSEC,Fidelity Investment Grade Securitized ETF,stocks,us,ARCX,ETF,True,usd,0001562565,BBG00ZGX5319,BBG00ZGX53W5,2025-10-05T06:05:16.272654541Z
FSEP,FT Vest U.S. Equity Buffer ETF - September,stocks,us,BATS,ETF,True,usd,0001667919,BBG00X9DXYV4,BBG00X9DXZP8,2025-10-05T06:05:16.272654752Z
FSFG,"First Savings Financial Group, Inc",stocks,us,XNAS,CS,True,usd,0001435508,BBG000FPK736,BBG001T2N9G9,2025-10-05T06:05:16.272654832Z
FSGS,First Trust Exchange-Traded Fund VI First Trust SMID Growth Strength ETF,stocks,us,XNAS,ETF,True,usd,0001552740,BBG00GY1J1V7,BBG00GY1J2K7,2025-10-05T06:05:16.272654942Z
FSHP,Flag Ship Acquisition Corp. Ordinary Shares,stocks,us,XNAS,CS,True,usd,0001850059,,,2025-10-05T06:05:16.272655022Z
FSHPR,Flag Ship Acquisition Corp. Right,stocks,us,XNAS,RIGHT,True,usd,0001850059,,,2025-10-05T06:05:16.272655112Z
FSHPU,Flag Ship Acquisition Corp. Unit,stocks,us,XNAS,UNIT,True,usd,0001850059,,,2025-10-05T06:05:16.272655192Z
FSI,"Flexible Solutions International, Inc.",stocks,us,XASE,CS,True,usd,0001069394,BBG000CSJWC0,BBG001SFHJL0,2025-10-05T06:05:16.272655273Z
FSIG,First Trust Limited Duration Investment Grade Corporate ETF,stocks,us,ARCX,ETF,True,usd,0001517936,BBG013JYKTP4,BBG013JYKVJ6,2025-10-05T06:05:16.272655353Z
FSK,FS KKR Capital Corp. Common Stock,stocks,us,XNYS,CS,True,usd,0001422183,BBG001YCZP63,BBG001YCZQ07,2025-10-05T06:05:16.272655443Z
FSLD,Fidelity Sustainable Low Duration Bond ETF,stocks,us,ARCX,ETF,True,usd,0001562565,BBG016R1Q6L8,BBG016R1Q7F3,2025-10-05T06:05:16.272655523Z
FSLR,"First Solar, Inc.",stocks,us,XNAS,CS,True,usd,0001274494,BBG000BFL116,BBG001S991Z7,2025-10-05T06:05:16.272655603Z
FSLY,"Fastly, Inc.",stocks,us,XNYS,CS,True,usd,0001517413,BBG004NLQHL0,BBG004NLQHM9,2025-10-05T06:05:16.272655683Z
FSM,Fortuna Mining Corp.,stocks,us,XNYS,CS,True,usd,0001341335,BBG000LDZ482,BBG001S982M0,2025-10-05T06:05:16.272655764Z
FSMB,First Trust Short Duration Managed Municipal ETF,stocks,us,ARCX,ETF,True,usd,0001424212,BBG00MFP1BT2,BBG00MFP1CK9,2025-10-05T06:05:16.272655844Z
FSMD,Fidelity Small-Mid Multifactor ETF,stocks,us,ARCX,ETF,True,usd,0000945908,BBG00NFRNBR4,BBG00NFRNCH3,2025-10-05T06:05:16.272655924Z
FSP,Franklin Street Properties Corp,stocks,us,XASE,CS,True,usd,0001031316,BBG000DRFJF1,BBG001SK1MS2,2025-10-05T06:05:16.272656004Z
FSS,Federal Signal Corp.,stocks,us,XNYS,CS,True,usd,0000277509,BBG000BJXWX2,BBG001S5RD98,2025-10-05T06:05:16.272656094Z
FSST,Fidelity Sustainable U.S. Equity ETF,stocks,us,ARCX,ETF,True,usd,0000945908,BBG011FRKF77,BBG011FRKG20,2025-10-05T06:05:16.272656174Z
FSTA,Fidelity MSCI Consumer Staples Index ETF,stocks,us,ARCX,ETF,True,usd,0000945908,BBG005FHW231,BBG005FHW240,2025-10-05T06:05:16.272656255Z
FSTR,Foster (Lb) Co,stocks,us,XNAS,CS,True,usd,0000352825,BBG000D5LK23,BBG001S7HS29,2025-10-05T06:05:16.272656335Z
FSUN,FirstSun Capital Bancorp Common Stock,stocks,us,XNAS,CS,True,usd,0001709442,BBG000QJGX36,BBG001SMZWH1,2025-10-05T06:05:16.272656415Z
FSV,FirstService Corporation Common Shares,stocks,us,XNAS,CS,True,usd,0001637810,BBG0093MWSL8,BBG0093LLBP5,2025-10-05T06:05:16.272656495Z
FSYD,Fidelity Sustainable High Yield ETF,stocks,us,ARCX,ETF,True,usd,0000945908,BBG015C9HVZ9,BBG015C9HWX9,2025-10-05T06:05:16.272656575Z
FSZ,First Trust Switzerland AlphaDEX Fund,stocks,us,XNAS,ETF,True,usd,0001510337,BBG002N8WLL7,BBG002N8WMD4,2025-10-05T06:05:16.272656655Z
FT,Franklin Universal Trust Shares of Beneficial Interest,stocks,us,XNYS,FUND,True,usd,0000833040,BBG000BJY819,BBG001S5RDD3,2025-10-05T06:05:16.272656735Z
FTA,First Trust Large Cap Value AlphaDEX Fund (based on the Defined Large Cap Value Index--symbol DEFILVOI),stocks,us,XNAS,ETF,True,usd,0001383496,BBG000R6DRG5,BBG001ST6916,2025-10-05T06:05:16.272656816Z
FTAG,First Trust Exchange-Traded Fund II First Trust Indxx Global Agriculture ETF,stocks,us,XNAS,ETF,True,usd,0001125816,BBG000QH5HZ2,BBG001T71BT3,2025-10-05T06:05:16.272656906Z
FTAI,FTAI Aviation Ltd. Common Stock,stocks,us,XNAS,CS,True,usd,0001590364,,,2025-10-05T06:05:16.272656986Z
FTAIM,FTAI Aviation Ltd. 9.500% Fixed-Rate Reset Series D Cumulative Perpetual Redeemable Preferred Shares,stocks,us,XNAS,PFD,True,usd,0001590364,,,2025-10-05T06:05:16.272657066Z
FTAIN,FTAI Aviation Ltd. 8.25% Fixed - Rate Reset Series C Cumulative Perpetual Redeemable Preferred Shares,stocks,us,XNAS,PFD,True,usd,0001590364,,,2025-10-05T06:05:16.272657146Z
FTBD,Fidelity Tactical Bond ETF,stocks,us,ARCX,ETF,True,usd,0001562565,BBG01CHYWN94,BBG01CHYWP53,2025-10-05T06:05:16.272657226Z
FTBI,First Trust Balanced Income ETF,stocks,us,ARCX,ETF,True,usd,0001552740,BBG01T3ZKJ82,BBG01T3ZKK34,2025-10-05T06:05:16.272657307Z
FTC,First Trust Large Cap Growth AlphaDEX Fund (based on the Defined Large Cap Growth Index--symbol DEFILGOI),stocks,us,XNAS,ETF,True,usd,0001383496,BBG000R6FR55,BBG001ST6961,2025-10-05T06:05:16.272657537Z
FTCB,First Trust Core Investment Grade ETF,stocks,us,ARCX,ETF,True,usd,0001517936,BBG01K0TZ9L9,BBG01K0TZBY0,2025-10-05T06:05:16.272657617Z
FTCE,First Trust New Constructs Core Earnings Leaders ETF,stocks,us,ARCX,ETF,True,usd,0001552740,BBG01NXZJT46,BBG01NXZJTZ2,2025-10-05T06:05:16.272657787Z
FTCI,"FTC Solar, Inc. Common Stock",stocks,us,XNAS,CS,True,usd,0001828161,BBG00ZV1WWB7,BBG00ZV1WX52,2025-10-05T06:05:16.272657858Z
FTCS,First Trust Capital Strength ETF,stocks,us,XNAS,ETF,True,usd,0001329377,BBG000LGL532,BBG001SQ1882,2025-10-05T06:05:16.272657948Z
FTDR,"Frontdoor, Inc. Common Stock",stocks,us,XNAS,CS,True,usd,0001727263,BBG00H9MNDZ2,BBG00H9MNF05,2025-10-05T06:05:16.272658028Z
FTDS,First Trust Dividend Strength ETF,stocks,us,XNAS,ETF,True,usd,0001329377,BBG000QF7JK6,BBG001SS3KF1,2025-10-05T06:05:16.272658108Z
FTEC,Fidelity MSCI Information Technology Index ETF,stocks,us,ARCX,ETF,True,usd,0000945908,BBG005FHWBM0,BBG005FHWBL1,2025-10-05T06:05:16.272658188Z
FTEK,"Fuel Tech, Inc.",stocks,us,XNAS,CS,True,usd,0000846913,BBG000BNG8X5,BBG001S7LZW5,2025-10-05T06:05:16.272658268Z
FTEL,Fitell Corporation Class A Ordinary Shares,stocks,us,XNAS,CS,True,usd,0001928581,,,2025-10-05T06:05:16.272658349Z
FTF,Franklin Limited Duration Income Trust Common Shrs. of Beneficial Interest,stocks,us,XASE,FUND,True,usd,0001233087,BBG000PX1YG6,BBG001SLW549,2025-10-05T06:05:16.272658429Z
FTFT,Future FinTech Group Inc.,stocks,us,XNAS,CS,True,usd,0001066923,BBG000F57BQ1,BBG001SKV6G7,2025-10-05T06:05:16.272658509Z
FTGC,First Trust Global Tactical Commodity Strategy Fund,stocks,us,XNAS,ETF,True,usd,0001561785,BBG005GHHC53,BBG005GHHC44,2025-10-05T06:05:16.272658599Z
FTGS,First Trust Growth Strength ETF,stocks,us,XNAS,ETF,True,usd,0001329377,BBG01B34NNS6,BBG01B34NPM7,2025-10-05T06:05:16.272658679Z
FTHF,First Trust Emerging Markets Human Flourishing ETF,stocks,us,ARCX,ETF,True,usd,0001125816,BBG01JY9QT35,BBG01JY9QTZ0,2025-10-05T06:05:16.272658759Z
FTHI,First Trust Exchange-Traded Fund VI First Trust BuyWrite Income ETF,stocks,us,XNAS,ETF,True,usd,0001552740,BBG005SW6SR0,BBG005SW6SS9,2025-10-05T06:05:16.272658839Z
FTHM,Fathom Holdings Inc. Common Stock,stocks,us,XNAS,CS,True,usd,0001753162,BBG00RFFH1L6,BBG00RFFH2B5,2025-10-05T06:05:16.2726592Z
FTHY,First Trust High Yield Opportunities 2027 Term Fund,stocks,us,XNYS,FUND,True,usd,0001810523,BBG00TJJ12W3,BBG00TJJ13N1,2025-10-05T06:05:16.27265928Z
FTI,TechnipFMC plc Ordinary Share,stocks,us,XNYS,CS,True,usd,0001681459,,,2025-10-05T06:05:16.27265939Z
FTIF,First Trust Bloomberg Inflation Sensitive Equity ETF,stocks,us,ARCX,ETF,True,usd,0001329377,BBG01FT7QKP8,BBG01FT7QLJ3,2025-10-05T06:05:16.272659471Z
FTK,"Flotek Industries, Inc.",stocks,us,XNYS,CS,True,usd,0000928054,BBG000C3TFS4,BBG001S5YVK7,2025-10-05T06:05:16.272659551Z
FTKI,First Trust Small Cap BuyWrite Income ETF,stocks,us,ARCX,ETF,True,usd,0001552740,BBG01SCK12Q5,BBG01SCK13N6,2025-10-05T06:05:16.272659711Z
FTLF,"FitLife Brands, Inc. Common Stock",stocks,us,XNAS,CS,True,usd,0001374328,BBG000QQFN33,BBG001SSGJC3,2025-10-05T06:05:16.272659791Z
FTLS,First Trust Long/Short Equity ETF,stocks,us,ARCX,ETF,True,usd,0001424212,BBG00735B1S4,BBG00735B1V0,2025-10-05T06:05:16.272659871Z
FTNT,"Fortinet, Inc.",stocks,us,XNAS,CS,True,usd,0001262039,BBG000BCMBG4,BBG001S77BL6,2025-10-05T06:05:16.272659952Z
FTQI,First Trust Exchange-Traded Fund VI First Trust Hedged BuyWrite Income ETF,stocks,us,XNAS,ETF,True,usd,0001552740,BBG005SW6VS2,BBG005SW6VT1,2025-10-05T06:05:16.272660032Z
FTRB,Federated Hermes Total Return Bond ETF,stocks,us,ARCX,ETF,True,usd,0001849998,BBG01JS5G3W6,BBG01JS5G4Q1,2025-10-05T06:05:16.272660112Z
FTRE,Fortrea Holdings Inc. Common Stock,stocks,us,XNAS,CS,True,usd,0001965040,BBG01GZF9VY6,BBG01GZF9W47,2025-10-05T06:05:16.272660192Z
FTRI,First Trust Exchange-Traded Fund II First Trust Indxx Global Natural Resources Income ETF,stocks,us,XNAS,ETF,True,usd,0001125816,BBG000QH5WL4,BBG001T71BV0,2025-10-05T06:05:16.272660282Z
FTRK,FAST TRACK GROUP Ordinary shares,stocks,us,XNAS,CS,True,usd,0002027262,,,2025-10-05T06:05:16.272660362Z
FTS,Fortis Inc. Common Shares,stocks,us,XNYS,CS,True,usd,0001666175,BBG000K9SSS5,BBG001S5YVM5,2025-10-05T06:05:16.272660443Z
FTSD,Franklin Short Duration U.S. Government ETF,stocks,us,ARCX,ETF,True,usd,0001551895,BBG005JV97M0,BBG005JV97N9,2025-10-05T06:05:16.272660523Z
FTSL,First Trust Senior Loan Fund ETF,stocks,us,XNAS,ETF,True,usd,0001517936,BBG004HQLWL8,BBG004HQLXB7,2025-10-05T06:05:16.272660863Z
FTSM,First Trust Enhanced Short Maturity ETF,stocks,us,XNAS,ETF,True,usd,0001517936,BBG006XT8622,BBG006XT8631,2025-10-05T06:05:16.272660943Z
FTV,Fortive Corporation,stocks,us,XNYS,CS,True,usd,0001659166,BBG00BLVZ228,BBG00BLVZ237,2025-10-05T06:05:16.272661064Z
FTWO,Strive Natural Resources and Security ETF,stocks,us,XNYS,ETF,True,usd,,BBG01J3S1322,BBG01J3S13X8,2025-10-05T06:05:16.272661154Z
FTXG,First Trust Nasdaq Food & Beverage ETF,stocks,us,XNAS,ETF,True,usd,0001552740,BBG00DVWC7R8,BBG00DVWC7S7,2025-10-05T06:05:16.272661234Z
FTXH,First Trust Nasdaq Pharmaceuticals ETF,stocks,us,XNAS,ETF,True,usd,0001552740,BBG00DVWC8X9,BBG00DVWC8Y8,2025-10-05T06:05:16.272661314Z
FTXL,First Trust Nasdaq Semiconductor ETF,stocks,us,XNAS,ETF,True,usd,0001552740,BBG00DVWCNW7,BBG00DVWCNX6,2025-10-05T06:05:16.272661404Z
FTXN,First Trust Nasdaq Oil & Gas ETF,stocks,us,XNAS,ETF,True,usd,0001552740,BBG00DVWCBN3,BBG00DVWCBP1,2025-10-05T06:05:16.272661484Z
FTXO,First Trust Nasdaq Bank ETF,stocks,us,XNAS,ETF,True,usd,0001552740,BBG00DVWCDB2,BBG00DVWCDC1,2025-10-05T06:05:16.272661565Z
FTXR,First Trust Nasdaq Transportation ETF,stocks,us,XNAS,ETF,True,usd,0001552740,BBG00DVWCFR0,BBG00DVWCGN2,2025-10-05T06:05:16.272661645Z
FUBO,fuboTV Inc.,stocks,us,XNYS,CS,True,usd,0001484769,BBG002CV4Q74,BBG002CV4QZ3,2025-10-05T06:05:16.272661725Z
FUFU,BitFuFu Inc. Class A Ordinary Shares,stocks,us,XNAS,CS,True,usd,0001921158,,,2025-10-05T06:05:16.272661815Z
FUFUW,BitFuFu Inc. Warrant,stocks,us,XNAS,WARRANT,True,usd,0001921158,,,2025-10-05T06:05:16.272661895Z
FUL,H.B. Fuller Company,stocks,us,XNYS,CS,True,usd,0000039368,BBG000BJZ7V7,BBG001S5RDZ9,2025-10-05T06:05:16.272661975Z
FULC,"Fulcrum Therapeutics, Inc. Common Stock",stocks,us,XNAS,CS,True,usd,0001680581,BBG00DDY1RK9,BBG00DDY1RM7,2025-10-05T06:05:16.272662056Z
FULT,Fulton Financial Corp,stocks,us,XNAS,CS,True,usd,0000700564,BBG000BJZM26,BBG001S5RF02,2025-10-05T06:05:16.272662136Z
FULTP,"Fulton Financial Corporation Depositary Shares, Each Representing a 1/40th Interest in a Share of Fixed Rate Non-Cumulative Perpetual Preferred Stock, Series A",stocks,us,XNAS,CS,True,usd,0000700564,,,2025-10-05T06:05:16.272662366Z
FUMB,First Trust Ultra Short Duration Municipal ETF,stocks,us,ARCX,ETF,True,usd,,BBG00MFP1HR1,BBG00MFP1JH8,2025-10-05T06:05:16.272662446Z
FUN,Six Flags Entertainment Corporation,stocks,us,XNYS,CS,True,usd,0001999001,BBG01K8GRMX6,BBG01K8GRMY5,2025-10-05T06:05:16.272662547Z
FUNC,First United Corp,stocks,us,XNAS,CS,True,usd,0000763907,BBG000CWBQC2,BBG001S73MD5,2025-10-05T06:05:16.272662637Z
FUND,"Sprott Focus Trust, Inc.",stocks,us,XNAS,CS,True,usd,0000825202,BBG000BC0CY6,BBG001S5RF39,2025-10-05T06:05:16.272662717Z
FUNL,CornerCap Fundametrics Large-Cap ETF,stocks,us,BATS,ETF,True,usd,,BBG00WRCW0G0,BBG00WRCW178,2025-10-05T06:05:16.272662797Z
FURY,Fury Gold Mines Limited,stocks,us,XASE,CS,True,usd,0001514597,BBG001KNTGG0,BBG001T0FD46,2025-10-05T06:05:16.272662877Z
FUSB,"First US Bancshares, Inc. Common Stock",stocks,us,XNAS,CS,True,usd,0000717806,BBG000BDB1Y6,BBG001S5X3K0,2025-10-05T06:05:16.272662957Z
FUSI,American Century Multisector Floating Income ETF,stocks,us,ARCX,ETF,True,usd,0001710607,BBG01FPDSX06,BBG01FPDSY13,2025-10-05T06:05:16.272663037Z
FUTU,Futu Holdings Limited American Depositary Shares,stocks,us,XNAS,ADRC,True,usd,0001754581,BBG00MYXW4R8,BBG00MYXW5H6,2025-10-05T06:05:16.272663118Z
FUTY,Fidelity MSCI Utilities Index ETF,stocks,us,ARCX,ETF,True,usd,0000945908,BBG005FHVX98,BBG005FHVXB5,2025-10-05T06:05:16.272663198Z
FV,First Trust Dorsey Wright Focus 5 ETF,stocks,us,XNAS,ETF,True,usd,0001552740,BBG005YW3DP1,BBG005YW3DQ0,2025-10-05T06:05:16.272663278Z
FVAL,Fidelity Value Factor ETF,stocks,us,ARCX,ETF,True,usd,0000945908,BBG00DRGLK44,BBG00DRGLK53,2025-10-05T06:05:16.272663358Z
FVC,First Trust Dorsey Wright Dynamic Focus 5 ETF,stocks,us,XNAS,ETF,True,usd,0001552740,BBG00CDYRGJ9,BBG00CDYRGK7,2025-10-05T06:05:16.272663438Z
FVCB,"FVCBankcorp, Inc. Common Stock",stocks,us,XNAS,CS,True,usd,0001675644,BBG000DS5RF2,BBG001T1Y6C9,2025-10-05T06:05:16.272663518Z
FVD,First Trust Value Line Dividend Fund,stocks,us,ARCX,ETF,True,usd,,BBG000PX7V21,BBG001SLWD88,2025-10-05T06:05:16.272663599Z
FVN,Future Vision II Acquisition Corporation Ordinary shares,stocks,us,XNAS,CS,True,usd,0002010653,,,2025-10-05T06:05:16.272663679Z
FVNNR,Future Vision II Acquisition Corporation Right,stocks,us,XNAS,RIGHT,True,usd,0002010653,,,2025-10-05T06:05:16.272663759Z
FVNNU,Future Vision II Acquisition Corporation Units,stocks,us,XNAS,UNIT,True,usd,0002010653,,,2025-10-05T06:05:16.272663849Z
FVR,"FrontView REIT, Inc.",stocks,us,XNYS,CS,True,usd,0001988494,BBG01PNY4CV8,BBG01PNY4CW7,2025-10-05T06:05:16.272663929Z
FVRR,Fiverr International Ltd.,stocks,us,XNYS,CS,True,usd,0001762301,,,2025-10-05T06:05:16.272664009Z
FWD,AB Disruptors ETF,stocks,us,ARCX,ETF,True,usd,,BBG01FSRVW00,BBG01FSRVWX4,2025-10-05T06:05:16.272664089Z
FWONA,Liberty Media Corporation Series A Liberty Formula One Common Stock,stocks,us,XNAS,CS,True,usd,0000869614,BBG01HLMB809,BBG01HLMB8V5,2025-10-05T06:05:16.27266417Z
FWONK,Liberty Media Corporation Series C Liberty Formula One Common Stock,stocks,us,XNAS,CS,True,usd,0001560385,BBG01HLMBCG3,BBG01HLMBDC5,2025-10-05T06:05:16.27266425Z
FWRD,Forward Air Corp,stocks,us,XNAS,CS,True,usd,0000912728,BBG000BRCHB4,BBG001SC0FW1,2025-10-05T06:05:16.27266433Z
FWRG,"First Watch Restaurant Group, Inc. Common Stock",stocks,us,XNAS,CS,True,usd,0001789940,BBG012F6M0G2,BBG012F6M198,2025-10-05T06:05:16.27266441Z
FXA,Invesco CurrencyShares Australian Dollar Trust,stocks,us,ARCX,ETV,True,usd,0001353614,BBG000PPZ178,BBG001SR8G49,2025-10-05T06:05:16.2726645Z
FXB,Invesco CurrencyShares British Pound Sterling Trust,stocks,us,ARCX,ETV,True,usd,0001353611,BBG000PPYQB9,BBG001SR8G30,2025-10-05T06:05:16.27266458Z
FXC,Invesco CurrencyShares Canadian Dollar Trust,stocks,us,ARCX,ETV,True,usd,0001353612,BBG000PPYCX6,BBG001SR8G21,2025-10-05T06:05:16.272664661Z
FXD,First Trust Consumer Discretionary AlphaDEX Fund,stocks,us,ARCX,ETF,True,usd,0001383496,BBG000BC4416,BBG001S6SDY7,2025-10-05T06:05:16.272664741Z
FXE,Invesco CurrencyShares Euro Currency Trust,stocks,us,ARCX,ETV,True,usd,0001328598,BBG000HDFTG5,BBG001SP5TS2,2025-10-05T06:05:16.272664821Z
FXED,Sound Enhanced Fixed Income ETF,stocks,us,XNYS,ETF,True,usd,0001387131,BBG00YQ1FJK4,BBG00YQ1FKF7,2025-10-05T06:05:16.272664891Z
FXF,Invesco CurrencyShares Swiss Franc Trust,stocks,us,ARCX,ETV,True,usd,0001353615,BBG000PPY0V4,BBG001SR8G12,2025-10-05T06:05:16.272665091Z
FXG,First Trust Consumer Staples AlphaDEX Fund,stocks,us,ARCX,ETF,True,usd,0001383496,BBG000R6G1G9,BBG001ST6970,2025-10-05T06:05:16.272665272Z
FXH,First Trust Health Care AlphaDEX Fund,stocks,us,ARCX,ETF,True,usd,0001383496,BBG000R6BWD9,BBG001ST68R0,2025-10-05T06:05:16.272665352Z
FXI,iShares China Large-Cap ETF,stocks,us,ARCX,ETF,True,usd,0001100663,BBG000Q8RVM1,BBG001SMDNB1,2025-10-05T06:05:16.272665432Z
FXL,First Trust Technology AlphaDEX Fund,stocks,us,ARCX,ETF,True,usd,0001383496,BBG000R6BJ93,BBG001ST68Q1,2025-10-05T06:05:16.272665522Z
FXN,First Trust Energy AlphaDEX Fund,stocks,us,ARCX,ETF,True,usd,0001383496,BBG000R6GG30,BBG001ST6998,2025-10-05T06:05:16.272665602Z
FXNC,FIRST NATL CORP STRASBURG VA,stocks,us,XNAS,CS,True,usd,0000719402,BBG000GMKH30,BBG001S8X9X7,2025-10-05T06:05:16.272665682Z
FXO,First Trust Financials AlphaDEX Fund,stocks,us,ARCX,ETF,True,usd,0001383496,BBG000R6CDJ4,BBG001ST68V5,2025-10-05T06:05:16.272665763Z
FXP,ProShares UltraShort FTSE China 50 of ProShares Trust,stocks,us,ARCX,ETF,True,usd,0001174610,BBG000TS57Y8,BBG001T0GK67,2025-10-05T06:05:16.272665843Z
FXR,First Trust Industrials/Producer Durables AlphaDEX Fund,stocks,us,ARCX,ETF,True,usd,0001383496,BBG000BCZ751,BBG001S7RKF1,2025-10-05T06:05:16.272665923Z
FXU,First Trust Utilities AlphaDEX Fund,stocks,us,ARCX,ETF,True,usd,0001383496,BBG000R6B8K4,BBG001ST68P2,2025-10-05T06:05:16.272666013Z
FXY,Invesco CurrencyShares Japanese Yen Trust,stocks,us,ARCX,ETV,True,usd,0001353613,BBG000D25FL8,BBG001SMC6F5,2025-10-05T06:05:16.272666093Z
FXZ,First Trust Materials AlphaDEX Fund,stocks,us,ARCX,ETF,True,usd,0001383496,BBG000R6B0D9,BBG001ST68N4,2025-10-05T06:05:16.272666173Z
FYBR,"Frontier Communications Parent, Inc. Common Stock",stocks,us,XNAS,CS,True,usd,0000020520,BBG010MVVVW7,BBG010MVVVX6,2025-10-05T06:05:16.272666324Z
FYC,First Trust Small Cap Growth AlphaDEX Fund,stocks,us,XNAS,ETF,True,usd,0001383496,BBG001MKQHF6,BBG001V11YV0,2025-10-05T06:05:16.272666404Z
FYEE,Fidelity Yield Enhanced Equity ETF,stocks,us,BATS,ETF,True,usd,0001898391,BBG01M5L0YZ5,BBG01M5L0ZZ2,2025-10-05T06:05:16.272666484Z
FYLD,Cambria Foreign Shareholder Yield ETF,stocks,us,BATS,ETF,True,usd,0001529390,BBG005NDJ0T2,BBG005NDJ0V9,2025-10-05T06:05:16.272666825Z
FYT,First Trust Small Cap Value AlphaDEX Fund,stocks,us,XNAS,ETF,True,usd,0001383496,BBG001MKMN21,BBG001V11W71,2025-10-05T06:05:16.272666905Z
FYX,First Trust Small Cap Core AlphaDEX Fund,stocks,us,XNAS,ETF,True,usd,0001383496,BBG000R6CSK9,BBG001ST68W4,2025-10-05T06:05:16.272666985Z
FpB,"Ford Motor Company 6.20% Notes due June 1, 2059",stocks,us,XNYS,SP,True,usd,0000037996,,,2025-10-05T06:05:16.272667075Z
FpC,"Ford Motor Company 6.000% Notes due December 1, 2059",stocks,us,XNYS,SP,True,usd,0000037996,,,2025-10-05T06:05:16.272667145Z
FpD,"Ford Motor Company 6.500% Notes due August 15, 2062",stocks,us,XNYS,SP,True,usd,0000037996,,,2025-10-05T06:05:16.272667225Z
G,GENPACT LIMITED,stocks,us,XNYS,CS,True,usd,0001398659,,,2025-10-05T06:05:16.272667316Z
GAA,Cambria Global Asset Allocation ETF,stocks,us,BATS,ETF,True,usd,0001529390,BBG007PTNDR0,BBG007PTNDS9,2025-10-05T06:05:16.272667396Z
GAB,The Gabelli Equity Trust Inc.,stocks,us,XNYS,FUND,True,usd,0000794685,BBG000BK1WL7,BBG001S5RFR3,2025-10-05T06:05:16.272667476Z
GABC,"German American Bancorp, Inc.",stocks,us,XNAS,CS,True,usd,0000714395,BBG000BH7CW0,BBG001S7BHR2,2025-10-05T06:05:16.272667556Z
GABF,Gabelli Financial Services Opportunities ETF,stocks,us,ARCX,ETF,True,usd,,BBG017B6PBW0,BBG017B6PCS3,2025-10-05T06:05:16.272667636Z
GABpG,The Gabelli Equity Trust Inc. Series G Cumulative Preferred,stocks,us,XNYS,PFD,True,usd,0000794685,,,2025-10-05T06:05:16.272667716Z
GABpH,THE GABELLI EQUITY TRUST INC. 5.00% Series H Cumulative Preferred Stock,stocks,us,XNYS,PFD,True,usd,0000794685,,,2025-10-05T06:05:16.272667797Z
GABpK,The Gabelli Equity Trust Inc. 5.00% Series K Cumulative Preferred Stock,stocks,us,XNYS,PFD,True,usd,0000794685,,,2025-10-05T06:05:16.272667877Z
GAEM,Simplify Gamma Emerging Market Bond ETF,stocks,us,ARCX,ETF,True,usd,0001810747,BBG01P50L254,BBG01P50L334,2025-10-05T06:05:16.272667957Z
GAIA,"Gaia, Inc. Class A Common Stock",stocks,us,XNAS,CS,True,usd,0001089872,BBG000C00PJ9,BBG001SD1YR3,2025-10-05T06:05:16.272668037Z
GAIN,Gladstone Investment Corporation,stocks,us,XNAS,CS,True,usd,0001321741,BBG000C32KN7,BBG001SL3TS3,2025-10-05T06:05:16.272668137Z
GAINI,Gladstone Investment Corporation 7.875% Notes due 2030,stocks,us,XNAS,CS,True,usd,0001321741,,,2025-10-05T06:05:16.272668227Z
GAINL,Gladstone Investment Corporation 8.00% Notes due 2028,stocks,us,XNAS,CS,True,usd,0001321741,,,2025-10-05T06:05:16.272668308Z
GAINN,Gladstone Investment Corporation 5.00% Notes Due 2026,stocks,us,XNAS,CS,True,usd,0001321741,,,2025-10-05T06:05:16.272668388Z
GAINZ,Gladstone Investment Corporation 4.875% Notes due 2028,stocks,us,XNAS,CS,True,usd,0001321741,,,2025-10-05T06:05:16.272668468Z
GAL,SPDR SSgA Global Allocation ETF of SSgA Active Trust,stocks,us,ARCX,ETF,True,usd,0001516212,BBG002XY8BW6,BBG002XY8CM5,2025-10-05T06:05:16.272668548Z
GALT,Galectin Therapeutics Inc.,stocks,us,XNAS,CS,True,usd,0001133416,BBG000BK6FP5,BBG001S9NYW2,2025-10-05T06:05:16.272668859Z
GAM,"General American Investors Company, Inc.",stocks,us,XNYS,FUND,True,usd,0000040417,BBG000BK3384,BBG001S5RG46,2025-10-05T06:05:16.272668939Z
GAMB,Gambling.com Group Limited Ordinary Shares,stocks,us,XNAS,CS,True,usd,0001839799,,,2025-10-05T06:05:16.272669019Z
GAME,"GameSquare Holdings, Inc. Common Stock",stocks,us,XNAS,CS,True,usd,0001714562,BBG00JCW80F9,BBG0027YC1F1,2025-10-05T06:05:16.272669129Z
GAMR,Amplify Video Game Leaders ETF,stocks,us,ARCX,ETF,True,usd,0001633061,BBG01L6XQJL0,BBG01L6XQKH2,2025-10-05T06:05:16.272669209Z
GAMpB,"General American Investors Company, Inc  5.95% Cumul Pfd Stock, Ser B",stocks,us,XNYS,PFD,True,usd,0000040417,,,2025-10-05T06:05:16.272669289Z
GANX,"Gain Therapeutics, Inc. Common Stock",stocks,us,XNAS,CS,True,usd,0001819411,BBG00W7D7CJ9,BBG00W7D7CK7,2025-10-05T06:05:16.27266937Z
GAP,"The Gap, Inc.",stocks,us,XNYS,CS,True,usd,0000039911,BBG000BKLH74,BBG001S5RNN0,2025-10-05T06:05:16.27266945Z
GAPR,FT Vest U.S. Equity Moderate Buffer ETF - April,stocks,us,BATS,ETF,True,usd,0001667919,BBG01GCNPSZ2,BBG01GCNPTX2,2025-10-05T06:05:16.27266953Z
GARP,iShares MSCI USA Quality GARP ETF,stocks,us,BATS,ETF,True,usd,0001100663,BBG00RD2C4W4,BBG00RD2C5M2,2025-10-05T06:05:16.27266961Z
GASS,"StealthGas, Inc.",stocks,us,XNAS,CS,True,usd,0001328919,,,2025-10-05T06:05:16.272669991Z
GAST,Gabelli Automation ETF,stocks,us,ARCX,ETF,True,usd,,BBG014CWGP94,BBG014CWGQD7,2025-10-05T06:05:16.272670071Z
GATX,GATX Corporation,stocks,us,XNYS,CS,True,usd,0000040211,BBG000BKGXQ4,BBG001S5RM34,2025-10-05T06:05:16.272670191Z
GAU,Galiano Gold Inc.,stocks,us,XASE,CS,True,usd,0001377757,BBG000R11130,BBG001SF5M09,2025-10-05T06:05:16.272670271Z
GAUG,FT Vest U.S. Equity Moderate Buffer ETF - August,stocks,us,BATS,ETF,True,usd,0001667919,BBG01HVCBH64,BBG01HVCBJ33,2025-10-05T06:05:16.272670351Z
GAUZ,Gauzy Ltd. Ordinary Shares,stocks,us,XNAS,CS,True,usd,0001781446,,,2025-10-05T06:05:16.272670442Z
GBAB,Guggenheim Taxable Municipal Bond & Investment Grade Debt Trust,stocks,us,XNYS,FUND,True,usd,0001495825,BBG00184VXQ5,BBG001SLD9D2,2025-10-05T06:05:16.272670522Z
GBCI,Glacier Bancorp Inc,stocks,us,XNYS,CS,True,usd,0000868671,BBG000C3KB84,BBG001S6HGM5,2025-10-05T06:05:16.272670602Z
GBDC,"Golub Capital BDC, Inc.",stocks,us,XNAS,CS,True,usd,0001476765,BBG000PXNF64,BBG001T63BY7,2025-10-05T06:05:16.272670682Z
GBF,iShares Government/Credit Bond ETF,stocks,us,ARCX,ETF,True,usd,0001006249,BBG000RG3K60,BBG001SSD894,2025-10-05T06:05:16.272670762Z
GBFH,GBank Financial Holdings Inc. Common Stock,stocks,us,XNAS,CS,True,usd,0001791145,BBG00YPTSLB5,BBG00YPTSLC4,2025-10-05T06:05:16.272670852Z
GBIL,Goldman Sachs Access Treasury 0-1 Year ETF,stocks,us,ARCX,ETF,True,usd,0001479026,BBG00DRGSD07,BBG00DRGSD25,2025-10-05T06:05:16.272670933Z
GBIO,Generation Bio Co. Common Stock,stocks,us,XNAS,CS,True,usd,0001733294,BBG00K698K88,BBG00K698K97,2025-10-05T06:05:16.272671013Z
GBLD,Invesco MSCI Green Building ETF,stocks,us,ARCX,ETF,True,usd,0000914208,BBG00ZWVRRN4,BBG00ZWVRSJ7,2025-10-05T06:05:16.272671093Z
GBLI,"Global Indemnity Group, LLC",stocks,us,XNYS,CS,True,usd,0001494904,BBG004M233H4,BBG004M233J2,2025-10-05T06:05:16.272671173Z
GBND,Goldman Sachs Core Bond ETF,stocks,us,ARCX,ETF,True,usd,,BBG01VNVBX83,BBG01VNVBY54,2025-10-05T06:05:16.272671253Z
GBR,New Concept Energy Inc,stocks,us,XASE,CS,True,usd,0000105744,BBG000BHD834,BBG001S7C016,2025-10-05T06:05:16.272671454Z
GBTC,Grayscale Bitcoin Trust ETF,stocks,us,ARCX,ETV,True,usd,0001588489,BBG008748J88,BBG008748J97,2025-10-05T06:05:16.272671534Z
GBTG,"Global Business Travel Group, Inc.",stocks,us,XNYS,CS,True,usd,0001820872,BBG00Y52B8J5,BBG00Y52B9C0,2025-10-05T06:05:16.272671654Z
GBUG,Sprott Active Gold & Silver Miners ETF,stocks,us,XNAS,ETF,True,usd,0000312070,BBG01SBBXL98,BBG01SBBXM96,2025-10-05T06:05:16.272671734Z
GBX,"The Greenbrier Companies, Inc.",stocks,us,XNYS,CS,True,usd,0000923120,BBG000CF5097,BBG001S80QK9,2025-10-05T06:05:16.272671814Z
GBXA,Goldman Sachs U.S. Large Cap Buffer 1 ETF,stocks,us,BATS,ETF,True,usd,,BBG01RK15SC4,BBG01RK15TB3,2025-10-05T06:05:16.272671894Z
GBXB,Goldman Sachs U.S. Large Cap Buffer 2 ETF,stocks,us,BATS,ETF,True,usd,,BBG01RYYLCM3,BBG01RYYLF82,2025-10-05T06:05:16.272671975Z
GBXC,Goldman Sachs U.S. Large Cap Buffer 3 ETF,stocks,us,BATS,ETF,True,usd,,BBG01RYYPN72,BBG01RYYPPB2,2025-10-05T06:05:16.272672055Z
GCAD,Gabelli Commercial Aerospace and Defense ETF,stocks,us,ARCX,ETF,True,usd,,BBG01C6YQRY6,BBG01C6YQSS1,2025-10-05T06:05:16.272672135Z
GCAL,Goldman Sachs Dynamic California Municipal Income ETF,stocks,us,ARCX,ETF,True,usd,,BBG01NYFN6N3,BBG01NYFN813,2025-10-05T06:05:16.272672215Z
GCBC,Greene County Bancorp Inc,stocks,us,XNAS,CS,True,usd,0001070524,BBG000BQRVY4,BBG001S9KJZ5,2025-10-05T06:05:16.272672295Z
GCC,WisdomTree Enhanced Commodity Strategy Fund,stocks,us,ARCX,ETF,True,usd,0001379606,BBG00YM346L3,BBG00YM346S6,2025-10-05T06:05:16.272672375Z
GCI,"Gannett Co., Inc.",stocks,us,XNYS,CS,True,usd,0001579684,BBG005C9FQQ3,BBG005C9FQR2,2025-10-05T06:05:16.272672465Z
GCL,GCL Global Holdings Ltd Ordinary Shares,stocks,us,XNAS,CS,True,usd,0002002045,,,2025-10-05T06:05:16.272672546Z
GCLWW,GCL Global Holdings Ltd Warrants,stocks,us,XNAS,WARRANT,True,usd,0002002045,,,2025-10-05T06:05:16.272672626Z
GCMG,GCM Grosvenor Inc. Class A Common Stock,stocks,us,XNAS,CS,True,usd,0001819796,BBG00Y73FFL8,BBG00Y73FGG2,2025-10-05T06:05:16.272672706Z
GCMGW,GCM Grosvenor Inc. Warrant,stocks,us,XNAS,WARRANT,True,usd,0001819796,BBG00Y73HL15,,2025-10-05T06:05:16.272672926Z
GCO,Genesco Inc.,stocks,us,XNYS,CS,True,usd,0000018498,BBG000BK5S78,BBG001S5RHF2,2025-10-05T06:05:16.272673006Z
GCOR,Goldman Sachs Access U.S. Aggregate Bond ETF,stocks,us,ARCX,ETF,True,usd,,BBG00VY1BDQ2,BBG00VY1BFH7,2025-10-05T06:05:16.272673127Z
GCOW,Pacer Global Cash Cows Dividend ETF,stocks,us,BATS,ETF,True,usd,0001616668,BBG00BLVPPX4,BBG00BLVPPY3,2025-10-05T06:05:16.272673207Z
GCT,GigaCloud Technology Inc Class A Ordinary Shares,stocks,us,XNAS,CS,True,usd,0001857816,,,2025-10-05T06:05:16.272673287Z
GCTK,"GlucoTrack, Inc. Common Stock",stocks,us,XNAS,CS,True,usd,0001506983,BBG0025SKQ53,BBG0025SKQ62,2025-10-05T06:05:16.272673367Z
GCTS,"GCT Semiconductor Holding, Inc.",stocks,us,XNYS,CS,True,usd,0001851961,BBG00ZVLG9K2,BBG00ZVLGBF3,2025-10-05T06:05:16.272673447Z
GCTS.WS,"GCT Semiconductor Holding, Inc. Warrants, each whole warrant exercisable for one share of Common Stock at an exercise price of $11.50",stocks,us,XNYS,WARRANT,True,usd,0001851961,BBG00ZVLNZB6,,2025-10-05T06:05:16.272673527Z
GCV,"The Gabelli Convertible and Income Securities Fund, Inc.",stocks,us,XNYS,FUND,True,usd,0000845611,BBG000F32012,BBG001S8GK34,2025-10-05T06:05:16.272673618Z
GD,General Dynamics Corporation,stocks,us,XNYS,CS,True,usd,0000040533,BBG000BK67C7,BBG001S5RHP1,2025-10-05T06:05:16.272673698Z
GDC,GD Culture Group Limited Common Stock,stocks,us,XNAS,CS,True,usd,0001641398,BBG009ZH04H7,BBG009ZH0566,2025-10-05T06:05:16.272673778Z
GDDY,GoDaddy Inc,stocks,us,XNYS,CS,True,usd,0001609711,BBG006MDLY05,BBG006MDLXZ9,2025-10-05T06:05:16.272673868Z
GDE,WisdomTree Efficient Gold Plus Equity Strategy Fund,stocks,us,BATS,ETF,True,usd,,BBG0160F4S41,BBG0160F4T03,2025-10-05T06:05:16.272673948Z
GDEC,FT Vest U.S. Equity Moderate Buffer ETF - December,stocks,us,BATS,ETF,True,usd,0001667919,BBG01KK41083,BBG01KK41136,2025-10-05T06:05:16.272674028Z
GDEN,"Golden Entertainment, Inc. Common Stock",stocks,us,XNAS,CS,True,usd,0001071255,BBG000BCV1L0,BBG001S69CW2,2025-10-05T06:05:16.272674139Z
GDEV,GDEV Inc. Ordinary Shares,stocks,us,XNAS,CS,True,usd,0001848739,,,2025-10-05T06:05:16.272674219Z
GDEVW,GDEV Inc. Warrant,stocks,us,XNAS,WARRANT,True,usd,0001848739,,,2025-10-05T06:05:16.272674299Z
GDFN,Tema International Defense Innovation ETF,stocks,us,XNAS,ETF,True,usd,0002056807,BBG01X2NF8S9,BBG01X2NFBV8,2025-10-05T06:05:16.272674389Z
GDHG,Golden Heaven Group Holdings Ltd. Class A Ordinary Shares,stocks,us,XNAS,CS,True,usd,0001928340,,,2025-10-05T06:05:16.272674469Z
GDIV,Harbor Dividend Growth Leaders ETF,stocks,us,XNYS,ETF,True,usd,0001860434,BBG017NHSKL2,BBG017NHSLG6,2025-10-05T06:05:16.272674549Z
GDL,The GDL Fund,stocks,us,XNYS,FUND,True,usd,0001378701,BBG000LKPFC7,BBG001SQ2JP8,2025-10-05T06:05:16.27267463Z
GDLC,Grayscale CoinDesk Crypto 5 ETF,stocks,us,ARCX,ETV,True,usd,0001729997,,,2025-10-05T06:05:16.27267471Z
GDMA,Gadsden Dynamic Multi-Asset ETF,stocks,us,BATS,ETF,True,usd,0000810972,BBG00MFC7N82,BBG00MFC7P05,2025-10-05T06:05:16.27267479Z
GDMN,WisdomTree Efficient Gold Plus Gold Miners Strategy Fund,stocks,us,BATS,ETF,True,usd,,BBG013ZGZJ35,BBG013ZGZJY1,2025-10-05T06:05:16.27267487Z
GDO,Western Asset Global Corporate Opportunity Fund Inc.,stocks,us,XNYS,FUND,True,usd,0001472341,BBG000PR5X59,BBG001T5WMW5,2025-10-05T06:05:16.27267497Z
GDOC,Goldman Sachs Future Health Care Equity ETF,stocks,us,ARCX,ETF,True,usd,,BBG013F8XHW9,BBG013F8XJY3,2025-10-05T06:05:16.27267505Z
GDOT,Green Dot Corporation,stocks,us,XNYS,CS,True,usd,0001386278,BBG000QDJT53,BBG001T6W7V7,2025-10-05T06:05:16.272675131Z
GDRX,"GoodRx Holdings, Inc. Class A Common Stock",stocks,us,XNAS,CS,True,usd,0001809519,BBG00X0VP8D9,BBG00X0VP956,2025-10-05T06:05:16.272675211Z
GDS,GDS Holdings Limited ADS,stocks,us,XNAS,ADRC,True,usd,0001526125,BBG00DYK7TL5,BBG00DYK7TM4,2025-10-05T06:05:16.272675301Z
GDTC,CytoMed Therapeutics Limited Ordinary Shares,stocks,us,XNAS,CS,True,usd,0001873093,,,2025-10-05T06:05:16.272675381Z
GDV,The Gabelli Dividend & Income Trust,stocks,us,XNYS,FUND,True,usd,0001260729,BBG000C08PV7,BBG001SDC273,2025-10-05T06:05:16.272675461Z
GDVpH,The Gabelli Dividend & Income Trust 5.375% Series H Cumulative Preferred Shares,stocks,us,XNYS,PFD,True,usd,0001260729,,,2025-10-05T06:05:16.272675541Z
GDVpK,The Gabelli Dividend & Income Trust 4.250% Series K Cumulative Preferred Shares,stocks,us,XNYS,PFD,True,usd,0001260729,,,2025-10-05T06:05:16.272675872Z
GDX,VanEck Gold Miners ETF,stocks,us,ARCX,ETF,True,usd,0001137360,BBG000PLNQN7,BBG001SR42Z0,2025-10-05T06:05:16.272676052Z
GDXD,MicroSectors Gold Miners -3x Inverse Leveraged ETN,stocks,us,ARCX,ETN,True,usd,0000927971,BBG00Y61VHF8,BBG00Y61VJB8,2025-10-05T06:05:16.272676142Z
GDXJ,VanEck Junior Gold Miners ETF,stocks,us,ARCX,ETF,True,usd,0001137360,BBG000PTYMS2,BBG001T60G06,2025-10-05T06:05:16.272676583Z
GDXU,MicroSectors Gold Miners 3x Leveraged ETN,stocks,us,ARCX,ETN,True,usd,0000927971,BBG00Y61T9T4,BBG00Y61TBN5,2025-10-05T06:05:16.272676663Z
GDXY,YieldMax Gold Miners Option Income Strategy ETF,stocks,us,ARCX,ETS,True,usd,,BBG01MW7BX77,BBG01MW7BY20,2025-10-05T06:05:16.272676744Z
GDYN,"Grid Dynamics Holdings, Inc. Class A Common Stock",stocks,us,XNAS,CS,True,usd,0001743725,BBG00MDLZN92,BBG00MDLZP15,2025-10-05T06:05:16.272676824Z
GE,GE Aerospace,stocks,us,XNYS,CS,True,usd,0000040545,BBG000BK6MB5,BBG001S5PVD5,2025-10-05T06:05:16.272676914Z
GECC,Great Elm Capital. Corp. Common Stock,stocks,us,XNAS,CS,True,usd,0001675033,BBG00D6RSP54,BBG00D6RSP63,2025-10-05T06:05:16.272677104Z
GECCG,Great Elm Capital Corp. 7.75% Notes Due 2030,stocks,us,XNAS,CS,True,usd,0001675033,,,2025-10-05T06:05:16.272677285Z
GECCH,Great Elm Capital Corp. 8.125% Notes Due 2029,stocks,us,XNAS,CS,True,usd,0001675033,,,2025-10-05T06:05:16.272677365Z
GECCI,Great Elm Capital Corp. 8.50% NOTES DUE 2029,stocks,us,XNAS,CS,True,usd,0001675033,,,2025-10-05T06:05:16.272677465Z
GECCO,Great Elm Capital Corp. 5.875% Notes due 2026,stocks,us,XNAS,CS,True,usd,0001675033,,,2025-10-05T06:05:16.272677545Z
GEF,"Greif, Inc.",stocks,us,XNYS,CS,True,usd,0000043920,BBG000BLFNC0,BBG001S8S678,2025-10-05T06:05:16.272677625Z
GEF.B,"Greif, Inc. Class B",stocks,us,XNYS,CS,True,usd,0000043920,BBG000BLG477,BBG001S8S687,2025-10-05T06:05:16.272677705Z
GEG,"Great Elm Group, Inc. Common Stock",stocks,us,XNAS,CS,True,usd,0001831096,BBG00YPT1P43,BBG00YPT1Q14,2025-10-05T06:05:16.272677786Z
GEGGL,"Great Elm Group, Inc. 7.25% Notes due 2027",stocks,us,XNAS,CS,True,usd,0001831096,,,2025-10-05T06:05:16.272677986Z
GEHC,GE HealthCare Technologies Inc. Common Stock,stocks,us,XNAS,CS,True,usd,0001932393,BBG01BFR8YV1,BBG01BFR8YW0,2025-10-05T06:05:16.272678066Z
GEL,"Genesis Energy, L.P.",stocks,us,XNYS,CS,True,usd,0001022321,BBG000BM3HK5,BBG001S9CQC3,2025-10-05T06:05:16.272678267Z
GELS,Gelteq Limited Ordinary Shares,stocks,us,XNAS,CS,True,usd,0001920092,,,2025-10-05T06:05:16.272678347Z
GEM,Goldman Sachs ActiveBeta Emerging Markets Equity ETF,stocks,us,ARCX,ETF,True,usd,0001479026,BBG00B3QTT18,BBG00B3QTT09,2025-10-05T06:05:16.272678427Z
GEMD,Goldman Sachs Access Emerging Markets USD Bond ETF,stocks,us,BATS,ETF,True,usd,0001479026,BBG015C8CPP0,BBG015C8CQV1,2025-10-05T06:05:16.272678517Z
GEME,Pacific North of South EM Equity Active ETF,stocks,us,XNAS,ETF,True,usd,0001711291,BBG01RMP1YS3,BBG01RMP1ZN5,2025-10-05T06:05:16.272678597Z
GEMI,"Gemini Space Station, Inc. Class A Common Stock",stocks,us,XNAS,CS,True,usd,0002055592,BBG01VZB6S81,BBG01VZB6SD5,2025-10-05T06:05:16.272678677Z
GEN,Gen Digital Inc. Common Stock,stocks,us,XNAS,CS,True,usd,0000849399,BBG000BH2JM1,BBG001S5QG38,2025-10-05T06:05:16.272678777Z
GENC,"Gencor Industries, Inc.",stocks,us,XASE,CS,True,usd,0000064472,BBG000HQTN56,BBG001SBCW71,2025-10-05T06:05:16.272678848Z
GEND,Genter Capital Dividend Income ETF,stocks,us,ARCX,ETF,True,usd,0001484018,BBG01RH9P8X0,BBG01RH9P9R5,2025-10-05T06:05:16.272678928Z
GENI,Genius Sports Limited,stocks,us,XNYS,CS,True,usd,0001834489,,,2025-10-05T06:05:16.272679018Z
GENK,"GEN Restaurant Group, Inc. Class A Common Stock",stocks,us,XNAS,CS,True,usd,0001891856,BBG01GV46GD4,BBG01GV46H97,2025-10-05T06:05:16.272679098Z
GENM,Genter Capital Municipal Quality Intermediate ETF,stocks,us,ARCX,ETF,True,usd,0001484018,BBG01MYB0PY5,BBG01MYB0QT9,2025-10-05T06:05:16.272679178Z
GENT,Genter Capital Taxable Quality Intermediate ETF,stocks,us,ARCX,ETF,True,usd,0001484018,BBG01MYB6261,BBG01MYB6314,2025-10-05T06:05:16.272679258Z
GENVR,Gen Digital Inc. Contingent Value Rights,stocks,us,XNAS,RIGHT,True,usd,0000849399,BBG01R72Q4C7,BBG01R72Q570,2025-10-05T06:05:16.272679339Z
GENW,Genter Capital International Dividend ETF,stocks,us,ARCX,ETF,True,usd,0001484018,BBG01RH8DZ47,BBG01RH8F024,2025-10-05T06:05:16.272679419Z
GEO,"The GEO Group, Inc.",stocks,us,XNYS,CS,True,usd,0000923796,BBG000GC0TZ3,BBG001S6VYZ6,2025-10-05T06:05:16.272679499Z
GEOA,WisdomTree GeoAlpha Opportunities Fund,stocks,us,ARCX,ETF,True,usd,,BBG01VXTM3F3,BBG01VXTM4B5,2025-10-05T06:05:16.272679579Z
GEOS,Geospace Technologies Corporation Common Stock,stocks,us,XNAS,CS,True,usd,0001001115,BBG000FK4SZ4,BBG001S8L318,2025-10-05T06:05:16.272679659Z
GERN,Geron Corp,stocks,us,XNAS,CS,True,usd,0000886744,BBG000GX1891,BBG001S6TSX4,2025-10-05T06:05:16.272679749Z
GES,"Guess, Inc.",stocks,us,XNYS,CS,True,usd,0000912463,BBG000BC26P7,BBG001S5RJR5,2025-10-05T06:05:16.272679829Z
GETY,"Getty Images Holdings, Inc.",stocks,us,XNYS,CS,True,usd,0001898496,BBG017RQJJG7,BBG017RQJJH6,2025-10-05T06:05:16.27267991Z
GEV,GE Vernova Inc.,stocks,us,XNYS,CS,True,usd,0001996810,BBG013G17W31,BBG013G17W77,2025-10-05T06:05:16.27267999Z
GEVO,"Gevo, Inc.",stocks,us,XNAS,CS,True,usd,0001392380,BBG000P7S7L7,BBG001T5KFK6,2025-10-05T06:05:16.27268007Z
GEVX,Tradr 2X Long GEV Daily ETF,stocks,us,BATS,ETF,True,usd,,BBG01VWP07J3,BBG01VWP08D7,2025-10-05T06:05:16.27268015Z
GEW,Cambria Global EW ETF,stocks,us,XNAS,ETF,True,usd,,BBG01XFHLGW8,BBG01XFHLK22,2025-10-05T06:05:16.27268023Z
GF,NEW GERMANY FUND Inc,stocks,us,XNYS,FUND,True,usd,0000858706,BBG000C3C5F8,BBG001S6GLF3,2025-10-05T06:05:16.27268032Z
GFAI,"Guardforce AI Co., Limited Ordinary Shares",stocks,us,XNAS,CS,True,usd,0001804469,,,2025-10-05T06:05:16.272680391Z
GFAIW,"Guardforce AI Co., Limited Warrant",stocks,us,XNAS,WARRANT,True,usd,0001804469,,,2025-10-05T06:05:16.272680561Z
GFEB,FT Vest U.S. Equity Moderate Buffer ETF - February,stocks,us,BATS,ETF,True,usd,0001667919,BBG01FCRRRQ5,BBG01FCRRYM4,2025-10-05T06:05:16.272680641Z
GFF,Griffon Corp,stocks,us,XNYS,CS,True,usd,0000050725,BBG000D7FT63,BBG001S7M3Z2,2025-10-05T06:05:16.272680721Z
GFGF,Guru Favorite Stocks ETF,stocks,us,XNAS,ETF,True,usd,,BBG013Y35HL2,BBG013Y35JF5,2025-10-05T06:05:16.272680922Z
GFI,Gold Fields Ltd ADR,stocks,us,XNYS,ADRC,True,usd,0001172724,BBG000KHT4K7,BBG001S93ZM2,2025-10-05T06:05:16.272681002Z
GFL,GFL Environmental Inc. Subordinate Voting Shares,stocks,us,XNYS,CS,True,usd,0001780232,BBG00PQS00S3,BBG003FD9W80,2025-10-05T06:05:16.272681122Z
GFLW,VictoryShares Free Cash Flow Growth ETF,stocks,us,XNAS,ETF,True,usd,,BBG01QNW6482,BBG01QNW6552,2025-10-05T06:05:16.272681202Z
GFR,Greenfire Resources Ltd.,stocks,us,XNYS,CS,True,usd,0001966287,BBG01HRTJS51,BBG01HRTJS60,2025-10-05T06:05:16.272681282Z
GFS,GlobalFoundries Inc. Ordinary Shares,stocks,us,XNAS,CS,True,usd,0001709048,,,2025-10-05T06:05:16.272681362Z
GGAL,Grupo Financiero Galicia SA,stocks,us,XNAS,ADRC,True,usd,0001114700,BBG000F646H3,BBG001SKXC54,2025-10-05T06:05:16.272681443Z
GGB,Gerdau S.A.,stocks,us,XNYS,ADRC,True,usd,0001073404,BBG000K91FQ4,BBG001SCL1T3,2025-10-05T06:05:16.272681533Z
GGG,Graco Inc,stocks,us,XNYS,CS,True,usd,0000042888,BBG000BK9W84,BBG001S5RK56,2025-10-05T06:05:16.272681613Z
GGLL,Direxion Shares ETF Trust Direxion Daily GOOGL Bull 2X Shares,stocks,us,XNAS,ETF,True,usd,,BBG019HFT425,BBG019HFT4X1,2025-10-05T06:05:16.272681693Z
GGLS,Direxion Daily GOOGL Bear 1X Shares,stocks,us,XNAS,ETF,True,usd,,BBG019HFVSR2,BBG019HFVTM5,2025-10-05T06:05:16.272681783Z
GGM,GGM Macro Alignment ETF,stocks,us,ARCX,ETF,True,usd,0001551949,BBG01JFKB9Z6,BBG01JFKBBW4,2025-10-05T06:05:16.272681853Z
GGME,Invesco Next Gen Media and Gaming ETF,stocks,us,ARCX,ETF,True,usd,0001547580,BBG000DVHRQ0,BBG001SN6GN9,2025-10-05T06:05:16.272681944Z
GGN,"GAMCO Global Gold, Natural Resources & Income Trust",stocks,us,XASE,FUND,True,usd,0001313510,BBG000DF0XV4,BBG001SMK666,2025-10-05T06:05:16.272682024Z
GGNpB,GAMCO Global Gold Natural Resources & Income Trust 5.00% Series B,stocks,us,XASE,PFD,True,usd,0001313510,,,2025-10-05T06:05:16.272682104Z
GGOV,iShares Global Government Bond USD Hedged Active ETF,stocks,us,ARCX,ETF,True,usd,0001804196,BBG01VRR2M19,BBG01VRR2NR9,2025-10-05T06:05:16.272682184Z
GGR,Gogoro Inc. Ordinary Shares,stocks,us,XNAS,CS,True,usd,0001886190,,,2025-10-05T06:05:16.272682374Z
GGROW,Gogoro Inc. Warrant,stocks,us,XNAS,WARRANT,True,usd,0001886190,,,2025-10-05T06:05:16.272682454Z
GGRW,Gabelli Growth Innovators ETF,stocks,us,ARCX,ETF,True,usd,0001886190,BBG00Z8M8R70,BBG00Z8M8S23,2025-10-05T06:05:16.272682565Z
GGT,THE GABELLI MULTIMEDIA TRUST INC.,stocks,us,XNYS,FUND,True,usd,0000921671,BBG000BZNBL6,BBG001S7K7J3,2025-10-05T06:05:16.272682645Z
GGTpE,The Gabelli Multimedia Trust Inc. 5.125 Percent Series E Cumulative Preferred Stock,stocks,us,XNYS,PFD,True,usd,0000921671,,,2025-10-05T06:05:16.272682725Z
GGTpG,The Gabelli Multimedia Trust Inc. 5.125% Series G Cumulative Preferred Shares,stocks,us,XNYS,PFD,True,usd,0000921671,,,2025-10-05T06:05:16.272682805Z
GGUS,Goldman Sachs MarketBeta Russell 1000 Growth Equity ETF,stocks,us,ARCX,ETF,True,usd,,BBG01KBSDNS5,BBG01KBSDPM6,2025-10-05T06:05:16.272682885Z
GGZ,The Gabelli Global Small and Mid Cap Value Trust,stocks,us,XNYS,FUND,True,usd,0001585855,BBG00562K7K7,BBG00562K7L6,2025-10-05T06:05:16.272682965Z
GH,"Guardant Health, Inc. Common Stock",stocks,us,XNAS,CS,True,usd,0001576280,BBG006D97VY9,BBG006D97VZ8,2025-10-05T06:05:16.272683046Z
GHC,GRAHAM HOLDINGS COMPANY,stocks,us,XNYS,CS,True,usd,0000104889,BBG000C3FGH9,BBG001S6H317,2025-10-05T06:05:16.272683126Z
GHG,"GreenTree Hospitality Group Ltd. American depositary shares, each representing one Class A ordinary share",stocks,us,XNYS,ADRC,True,usd,0001724755,BBG00K6DWML3,BBG00K6DWN95,2025-10-05T06:05:16.272683206Z
GHI,Greystone Housing Impact Investors LP Beneficial Unit Certificates representing assignments of limited partnership interests,stocks,us,XNYS,UNIT,True,usd,0001059142,BBG000BB5783,BBG001S5NXK5,2025-10-05T06:05:16.272683286Z
GHLD,Guild Holdings Company,stocks,us,XNYS,CS,True,usd,0001821160,BBG00XR2PWB3,BBG00XR2PX58,2025-10-05T06:05:16.272683366Z
GHM,Graham Corporation,stocks,us,XNYS,CS,True,usd,0000716314,BBG000BKB811,BBG001S5RK92,2025-10-05T06:05:16.272683446Z
GHMS,Goose Hollow Multi-Strategy Income ETF,stocks,us,BATS,ETF,True,usd,,BBG01K4TX0J9,BBG01K4TX1C4,2025-10-05T06:05:16.272683527Z
GHRS,GH Research PLC Ordinary Shares,stocks,us,XNAS,CS,True,usd,0001855129,,,2025-10-05T06:05:16.272683607Z
GHTA,Goose Hollow Tactical Allocation ETF,stocks,us,BATS,ETF,True,usd,,BBG013KJZLD9,BBG013KJZM74,2025-10-05T06:05:16.272683687Z
GHY,"PGIM Global High Yield Fund, Inc.",stocks,us,XNYS,FUND,True,usd,0001554697,BBG0037TDXT4,BBG0037TDYM9,2025-10-05T06:05:16.272683767Z
GHYB,Goldman Sachs Access High Yield Corporate Bond ETF,stocks,us,ARCX,ETF,True,usd,0001479026,BBG00H5VPMW7,BBG00H5VPNM6,2025-10-05T06:05:16.272683847Z
GHYG,iShares US & Intl High Yield Corp Bond ETF,stocks,us,BATS,ETF,True,usd,0001100663,BBG002VL4J62,BBG002VL4JY1,2025-10-05T06:05:16.272683927Z
GIAX,Nicholas Global Equity and Income ETF,stocks,us,ARCX,ETF,True,usd,0001924868,BBG01P0XR910,BBG01P0XR9Z3,2025-10-05T06:05:16.272684007Z
GIB,CGI Inc.,stocks,us,XNYS,CS,True,usd,0001061574,BBG000FWZL89,BBG001S5YY67,2025-10-05T06:05:16.272684088Z
GIBO,GIBO Holdings Limited Class A Ordinary Shares,stocks,us,XNAS,CS,True,usd,0002034520,,,2025-10-05T06:05:16.272684168Z
GIBOW,GIBO Holdings Limited Warrants,stocks,us,XNAS,WARRANT,True,usd,0002034520,,,2025-10-05T06:05:16.272684248Z
GIC,Global Industrial Company,stocks,us,XNYS,CS,True,usd,0000945114,BBG000KFPB56,BBG001S9NZ95,2025-10-05T06:05:16.272684328Z
GIFI,Gulf Island Fabrication Inc,stocks,us,XNAS,CS,True,usd,0001031623,BBG000BQ36B0,BBG001S9N3N0,2025-10-05T06:05:16.272684408Z
GIFT,"Giftify, Inc. Common Stock",stocks,us,XNAS,CS,True,usd,0001760233,BBG000K9G9Z2,BBG001SCLMK6,2025-10-05T06:05:16.272684498Z
GIG,GigCapital7 Corp. Class A Ordinary Share,stocks,us,XNAS,CS,True,usd,0002023730,,,2025-10-05T06:05:16.272684579Z
GIGB,Goldman Sachs Access Investment Grade Corporate Bond ETF,stocks,us,ARCX,ETF,True,usd,0001479026,BBG00GW2L1R9,BBG00GW2L2G9,2025-10-05T06:05:16.272684659Z
GIGGU,GigCapital7 Corp. Unit,stocks,us,XNAS,UNIT,True,usd,0002023730,,,2025-10-05T06:05:16.272684739Z
GIGGW,GigCapital7 Corp. Warrant,stocks,us,XNAS,WARRANT,True,usd,0002023730,,,2025-10-05T06:05:16.272684819Z
GIGL,Goldman Sachs Corporate Bond ETF,stocks,us,ARCX,ETF,True,usd,,BBG01VNW4V74,BBG01VNW4W45,2025-10-05T06:05:16.272684899Z
GIGM,GigaMedia Ltd,stocks,us,XNAS,CS,True,usd,0001105101,,,2025-10-05T06:05:16.272684979Z
GII,SPDR S&P Global Infrastructure ETF,stocks,us,ARCX,ETF,True,usd,0001168164,BBG000Q8TM21,BBG001SRXRM7,2025-10-05T06:05:16.272685059Z
GIII,G-Iii Apparel Group Ltd,stocks,us,XNAS,CS,True,usd,0000821002,BBG000C2YZ60,BBG001S6F0Z8,2025-10-05T06:05:16.27268514Z
GIL,Gildan Activewear Inc.,stocks,us,XNYS,CS,True,usd,0001061894,BBG000BH2CW5,BBG001S7JJL6,2025-10-05T06:05:16.27268522Z
GILD,Gilead Sciences Inc,stocks,us,XNAS,CS,True,usd,0000882095,BBG000CKGBP2,BBG001S6Y1X7,2025-10-05T06:05:16.2726853Z
GILT,Gilat Satellite Networks Ltd,stocks,us,XNAS,CS,True,usd,0000897322,,,2025-10-05T06:05:16.27268538Z
GIND,Goldman Sachs India Equity ETF,stocks,us,XNAS,ETF,True,usd,,BBG01T4S5YK7,BBG01T4S5ZF0,2025-10-05T06:05:16.27268546Z
GINN,Goldman Sachs Innovate Equity ETF,stocks,us,ARCX,ETF,True,usd,,BBG00Y3MQ4C3,BBG00Y3MQ567,2025-10-05T06:05:16.27268554Z
GINX,SGI Enhanced Global Income ETF,stocks,us,XNAS,ETF,True,usd,,BBG01LR65CZ9,BBG01LR65DT4,2025-10-05T06:05:16.272685621Z
GIPR,Generation Income Properties Inc. Common Stock,stocks,us,XNAS,CS,True,usd,0001651721,BBG00N761S87,BBG00N761T03,2025-10-05T06:05:16.272685701Z
GIPRW,Generation Income Properties Inc Warrant,stocks,us,XNAS,WARRANT,True,usd,0001651721,BBG012J9BBV3,,2025-10-05T06:05:16.272685781Z
GIS,"General Mills, Inc.",stocks,us,XNYS,CS,True,usd,0000040704,BBG000BKCFC2,BBG001S5RKR2,2025-10-05T06:05:16.272685871Z
GITS,"Global Interactive Technologies, Inc. Common Stock",stocks,us,XNAS,CS,True,usd,0001911545,BBG01DD3HH21,BBG01DD3HHZ5,2025-10-05T06:05:16.272685951Z
GJAN,FT Vest U.S. Equity Moderate Buffer ETF - January,stocks,us,BATS,ETF,True,usd,0001667919,BBG01C9WWHX3,BBG01C9WWJR6,2025-10-05T06:05:16.272686031Z
GJH,"Synthetic Fixed-Income Sec STRATS 2004-06, 6.375% US Cellular Corp.",stocks,us,XNYS,SP,True,usd,0001286405,,,2025-10-05T06:05:16.272686111Z
GJO,"Synthetic Fixed-Income Securities, Inc. 4.65% Floating Rate STRATS Certificates, Series 2005-4",stocks,us,XNYS,SP,True,usd,0001340909,,,2025-10-05T06:05:16.272686192Z
GJP,Synthetic Fixed Income Securities on the behalf of STRATS for Dominion Resources  Series 2005-6,stocks,us,XNYS,SP,True,usd,0001343491,,,2025-10-05T06:05:16.272686372Z
GJR,"Synthetic Fixed Income Securities, Inc. Floating Rate Structured Repackaged Asset-Backed Trust Securities (STRATS)",stocks,us,XNYS,SP,True,usd,0001353226,,,2025-10-05T06:05:16.272686452Z
GJS,Synthetic Fixed-Income Securities STRATS 2006-2 Goldman Sachs Group,stocks,us,XNYS,SP,True,usd,0001356284,,,2025-10-05T06:05:16.272686532Z
GJT,Synthetic Fixed-Income Securities STRATS 2006-3 AllState Corporation,stocks,us,XNYS,SP,True,usd,0001357660,,,2025-10-05T06:05:16.272686612Z
GJUL,FT Vest U.S. Equity Moderate Buffer ETF - July,stocks,us,BATS,ETF,True,usd,0001667919,BBG01HCDPTM4,BBG01HCDPVH5,2025-10-05T06:05:16.272686693Z
GJUN,FT Vest U.S. Equity Moderate Buffer ETF - June,stocks,us,BATS,ETF,True,usd,0001667919,BBG01H04M551,BBG01H04M604,2025-10-05T06:05:16.272686773Z
GK,AdvisorShares Gerber Kawasaki ETF,stocks,us,ARCX,ETF,True,usd,0001408970,BBG011N51YH5,BBG011N51ZB8,2025-10-05T06:05:16.272686933Z
GKAT,Scharf Global Opportunity ETF,stocks,us,XNAS,ETF,True,usd,0001027596,BBG01WWB4XY4,BBG01WWB4ZD2,2025-10-05T06:05:16.272687013Z
GKOS,Glaukos Corporation,stocks,us,XNYS,CS,True,usd,0001192448,BBG000WG2LQ1,BBG001T91NX8,2025-10-05T06:05:16.272687093Z
GL,Globe Life Inc.,stocks,us,XNYS,CS,True,usd,0000320335,BBG000BVD6X4,BBG001S5WRX4,2025-10-05T06:05:16.272687173Z
GLAD,Gladstone Capital Corp,stocks,us,XNAS,CS,True,usd,0001143513,BBG000DJYTQ4,BBG001SJH738,2025-10-05T06:05:16.272687254Z
GLADZ,Gladstone Capital Corporation 7.75% Notes due 2028,stocks,us,XNAS,CS,True,usd,0001143513,,,2025-10-05T06:05:16.272687334Z
GLBE,Global-E Online Ltd. Ordinary Shares,stocks,us,XNAS,CS,True,usd,0001835963,,,2025-10-05T06:05:16.272687424Z
GLBL,Pacer MSCI World Industry Advantage ETF,stocks,us,BATS,ETF,True,usd,0001616668,BBG01PR7Y9J1,BBG01PR7YC95,2025-10-05T06:05:16.272687504Z
GLBS,Globus Maritime Limited,stocks,us,XNAS,CS,True,usd,0001499780,,,2025-10-05T06:05:16.272687584Z
GLBZ,Glen Burnie Bancorp,stocks,us,XNAS,CS,True,usd,0000890066,BBG000BVJNG0,BBG001S9YKF9,2025-10-05T06:05:16.272687664Z
GLCR,GlacierShares Nasdaq Iceland ETF,stocks,us,XNAS,ETF,True,usd,,BBG01SXJZ251,BBG01SXJZ386,2025-10-05T06:05:16.272687745Z
GLD,"SPDR Gold Trust, SPDR Gold Shares",stocks,us,ARCX,ETV,True,usd,0001222333,BBG000CRF6Q8,BBG001SCPX28,2025-10-05T06:05:16.272687825Z
GLDD,Great Lakes Dredge & Dock Corporation,stocks,us,XNAS,CS,True,usd,0001372020,BBG000QT43H8,BBG001SNNJN4,2025-10-05T06:05:16.272687905Z
GLDG,GoldMining Inc.,stocks,us,XASE,CS,True,usd,0001538847,BBG001V9NSN1,BBG001V0D2W8,2025-10-05T06:05:16.272687985Z
GLDI,"UBS AG ETRACS Gold Shares Covered Call ETNs due February 2, 2033",stocks,us,XNAS,ETF,True,usd,0001053092,BBG0042N2MQ9,BBG0042N2NG8,2025-10-05T06:05:16.272688065Z
GLDM,SPDR Gold MiniShares,stocks,us,ARCX,ETV,True,usd,0001618181,BBG00L8YYP89,BBG00L8YYQ05,2025-10-05T06:05:16.272688145Z
GLDY,Defiance Gold Enhanced Options Income ETF,stocks,us,XNAS,ETF,True,usd,0001924868,BBG01SWJGH78,BBG01SWJGJ56,2025-10-05T06:05:16.272688225Z
GLE,Global Engine Group Holding Limited Class A Ordinary Shares,stocks,us,XNAS,CS,True,usd,0001908705,,,2025-10-05T06:05:16.272688326Z
GLGG,Leverage Shares 2X Long GLXY Daily ETF,stocks,us,XNAS,ETF,True,usd,,BBG01WRV9V02,BBG01WRV9W00,2025-10-05T06:05:16.272688406Z
GLIBA,"GCI Liberty, Inc. Series A GCI Group Common Stock",stocks,us,XNAS,CS,True,usd,0000808461,BBG00L2SFJT0,BBG00L2SFJV7,2025-10-05T06:05:16.272688486Z
GLIBK,"GCI Liberty, Inc. Series C GCI Group Common Stock",stocks,us,XNAS,CS,True,usd,0000808461,BBG01VV3SMG3,BBG01VV3SMJ0,2025-10-05T06:05:16.272688576Z
GLIN,VanEck India Growth Leaders ETF,stocks,us,ARCX,ETF,True,usd,0001137360,BBG0014XRYF0,BBG001TBCL10,2025-10-05T06:05:16.272688656Z
GLL,ProShares UltraShort Gold,stocks,us,ARCX,ETV,True,usd,0001415311,BBG000FYF5B8,BBG001S7Y619,2025-10-05T06:05:16.272688736Z
GLMD,Galmed Pharmaceuticals Ltd.,stocks,us,XNAS,CS,True,usd,0001595353,,,2025-10-05T06:05:16.272688817Z
GLNG,Golar LNG Ltd,stocks,us,XNAS,CS,True,usd,0001207179,,,2025-10-05T06:05:16.272688897Z
GLO,Clough Global Opportunities Fund,stocks,us,XASE,FUND,True,usd,0001350869,BBG000R0JS07,BBG001SPR742,2025-10-05T06:05:16.272688977Z
GLOB,GLOBANT S.A.,stocks,us,XNYS,CS,True,usd,0001557860,,,2025-10-05T06:05:16.272689177Z
GLOF,iShares Global Equity Factor ETF,stocks,us,ARCX,ETF,True,usd,0001100663,BBG008LNZHV8,BBG008LNZHW7,2025-10-05T06:05:16.272689257Z
GLOPpA,GasLog Partners LP 8.625% Series A Cumulative Redeemable Perpetual Fixed to Floating Rate Preference Units,stocks,us,XNYS,PFD,True,usd,0001598655,,,2025-10-05T06:05:16.272689358Z
GLOPpB,GasLog Partners LP 8.200% Series B Cumulative Redeemable Perpetual Fixed to Floating Rate Preference Units,stocks,us,XNYS,PFD,True,usd,0001598655,,,2025-10-05T06:05:16.272689438Z
GLOPpC,GasLog Partners LP 8.500% Series C Cumulative Redeemable Perpetual Fixed to Floating Rate Preference Units,stocks,us,XNYS,PFD,True,usd,0001598655,,,2025-10-05T06:05:16.272689518Z
GLOV,Goldman Sachs ActiveBeta World Low Vol Plus Equity ETF,stocks,us,BATS,ETF,True,usd,,BBG0155MNDF3,BBG0155MNF86,2025-10-05T06:05:16.272689598Z
GLOW,VictoryShares WestEnd Global Equity ETF,stocks,us,XNAS,ETF,True,usd,,BBG01MYBJYN8,BBG01MYBJZL7,2025-10-05T06:05:16.272689678Z
GLP,Global Partners LP,stocks,us,XNYS,CS,True,usd,0001323468,BBG000GJQQ22,BBG001SH3WJ5,2025-10-05T06:05:16.272689758Z
GLPG,Galapagos NV,stocks,us,XNAS,ADRC,True,usd,0001421876,BBG000BJQY75,BBG001SC2MJ9,2025-10-05T06:05:16.272689879Z
GLPI,"Gaming and Leisure Properties, Inc.",stocks,us,XNAS,CS,True,usd,0001575965,BBG003MSMCS6,BBG003MSMCT5,2025-10-05T06:05:16.272689959Z
GLPpB,Global Partners LP 9.50% Series B Fixed Rate Cumulative Redeemable Perpetual Preferred Units representing limited partner interests,stocks,us,XNYS,PFD,True,usd,0001323468,,,2025-10-05T06:05:16.272690279Z
GLQ,Clough Global Equity Fund,stocks,us,XASE,FUND,True,usd,0001316463,BBG000DKG495,BBG001SMM7Q0,2025-10-05T06:05:16.27269036Z
GLRE,"Greenlight Captial RE, LTD. Class A",stocks,us,XNAS,CS,True,usd,0001385613,,,2025-10-05T06:05:16.27269044Z
GLRY,Inspire Momentum ETF,stocks,us,ARCX,ETF,True,usd,0001733356,BBG00YG2Z2P3,BBG00YG2Z3J8,2025-10-05T06:05:16.27269052Z
GLSI,"Greenwich LifeSciences, Inc.",stocks,us,XNAS,CS,True,usd,0001799788,BBG00V6PT8C7,BBG00V6PT8D6,2025-10-05T06:05:16.27269061Z
GLTO,"Galecto, Inc. Common Stock",stocks,us,XNAS,CS,True,usd,0001800315,BBG00XMLGWC5,BBG00XMLGWD4,2025-10-05T06:05:16.27269069Z
GLTR,abrdn Physical Precious Metals Basket Shares ETF,stocks,us,ARCX,ETV,True,usd,0001483386,BBG0017X6PR6,BBG001T79CF8,2025-10-05T06:05:16.272691041Z
GLU,The Gabelli Utility & Income Trust,stocks,us,XASE,FUND,True,usd,0001282957,BBG000BNPDJ0,BBG001SB03J5,2025-10-05T06:05:16.272691121Z
GLUE,"Monte Rosa Therapeutics, Inc. Common Stock",stocks,us,XNAS,CS,True,usd,0001826457,BBG00X2VGZQ3,BBG00X2VGZR2,2025-10-05T06:05:16.272691251Z
GLUpA,The Gabelli Global Utility & Income Trust Series A,stocks,us,XASE,PFD,True,usd,0001282957,,,2025-10-05T06:05:16.272691331Z
GLUpB,The Gabelli Global Utility & Income Trust Series B Cumulative Puttable and Callable Preferred Shares,stocks,us,XASE,PFD,True,usd,0001282957,,,2025-10-05T06:05:16.272691412Z
GLV,Clough Global Dividend and Income Fund,stocks,us,XASE,FUND,True,usd,0001288795,BBG000Q2JP55,BBG001SM3DP9,2025-10-05T06:05:16.272691492Z
GLW,Corning Incorporated,stocks,us,XNYS,CS,True,usd,0000024741,BBG000BKFZM4,BBG001S5RLH1,2025-10-05T06:05:16.272691572Z
GLXG,Galaxy Payroll Group Limited Class A Ordinary Shares,stocks,us,XNAS,CS,True,usd,0001905920,,,2025-10-05T06:05:16.272691652Z
GLXU,T-REX 2X Long GLXY Daily Target ETF,stocks,us,BATS,ETF,True,usd,,BBG01WJ08WQ0,BBG01WJ08XM2,2025-10-05T06:05:16.272691732Z
GLXY,Galaxy Digital Inc. Class A Common Stock,stocks,us,XNAS,CS,True,usd,0001859392,BBG0120SWLS0,BBG0120SWLT9,2025-10-05T06:05:16.272691812Z
GLpD,Globe Life Inc. 4.25% Junior Subordinated Debentures due 2061,stocks,us,XNYS,SP,True,usd,0000320335,,,2025-10-05T06:05:16.272691892Z
GM,General Motors Company,stocks,us,XNYS,CS,True,usd,0001467858,BBG000NDYB67,BBG001SM1DK6,2025-10-05T06:05:16.272692003Z
GMAB,Genmab A/S ADS,stocks,us,XNAS,ADRC,True,usd,0001434265,BBG004MPKM64,BBG004MPKMY3,2025-10-05T06:05:16.272692083Z
GMAR,FT Vest U.S. Equity Moderate Buffer ETF - March,stocks,us,BATS,ETF,True,usd,0001667919,BBG01FTSQN49,BBG01FTSQPD4,2025-10-05T06:05:16.272692163Z
GMAY,FT Vest U.S. Equity Moderate Buffer ETF - May,stocks,us,BATS,ETF,True,usd,0001667919,BBG01GN8WSR4,BBG01GN8WTL8,2025-10-05T06:05:16.272692243Z
GME,GameStop Corp. Class A,stocks,us,XNYS,CS,True,usd,0001326380,BBG000BB5BF6,BBG001S5RLR0,2025-10-05T06:05:16.272692323Z
GMED,GLOBUS MEDICAL INC,stocks,us,XNYS,CS,True,usd,0001237831,BBG002V87SD0,BBG002V87T57,2025-10-05T06:05:16.272692684Z
GMET,VanEck Green Metals ETF,stocks,us,ARCX,ETF,True,usd,,BBG013DQG7Q9,BBG013DQG8K3,2025-10-05T06:05:16.272692764Z
GMEU,T-REX 2X Long GME Daily Target ETF,stocks,us,BATS,ETF,True,usd,,BBG01T9XXYX6,BBG01T9XXZX3,2025-10-05T06:05:16.272692884Z
GMEY,YieldMax GME Option Income Strategy ETF,stocks,us,ARCX,ETS,True,usd,,BBG01X4RPXP5,BBG01X4RPZ52,2025-10-05T06:05:16.272692965Z
GMF,SPDR S&P Emerging Asia Pacific ETF,stocks,us,ARCX,ETF,True,usd,0001168164,BBG000Q8QY82,BBG001SRXRB9,2025-10-05T06:05:16.272693045Z
GMGI,"Golden Matrix Group, Inc. Common Stock",stocks,us,XNAS,CS,True,usd,0001437925,BBG000L2PL07,BBG001T45XK7,2025-10-05T06:05:16.272693135Z
GMHS,Gamehaus Holdings Inc. Class A Ordinary Shares,stocks,us,XNAS,CS,True,usd,0002000530,,,2025-10-05T06:05:16.272693215Z
GMM,Global Mofy AI Limited Class A Ordinary Shares,stocks,us,XNAS,CS,True,usd,0001913749,,,2025-10-05T06:05:16.272693295Z
GMMA,GammaRoad Market Navigation ETF,stocks,us,ARCX,ETF,True,usd,0001722388,BBG01PR7DFN5,BBG01PR7DGH0,2025-10-05T06:05:16.272693365Z
GMMF,iShares Government Money Market ETF,stocks,us,ARCX,ETF,True,usd,0001761055,BBG01S4PJJ69,BBG01S4PJK75,2025-10-05T06:05:16.272693445Z
GMNY,Goldman Sachs Dynamic New York Municipal Income ETF,stocks,us,ARCX,ETF,True,usd,,BBG01NYFMT09,BBG01NYFMTX3,2025-10-05T06:05:16.272693526Z
GMOI,GMO International Value ETF,stocks,us,ARCX,ETF,True,usd,,BBG01QHMR264,BBG01QHMR335,2025-10-05T06:05:16.272693606Z
GMOM,Cambria Global Momentum ETF,stocks,us,BATS,ETF,True,usd,0001529390,BBG007G3TP03,BBG007G3TP12,2025-10-05T06:05:16.272693696Z
GMOV,GMO US Value ETF,stocks,us,ARCX,ETF,True,usd,,BBG01QHMRTS1,BBG01QHMRVQ8,2025-10-05T06:05:16.272693816Z
GMRE,Global Medical REIT Inc.,stocks,us,XNYS,CS,True,usd,0001533615,BBG0027F2B89,BBG0027F2C05,2025-10-05T06:05:16.272693896Z
GMREpA,Global Medical REIT Inc. Series A Cumulative Redeemable Preferred Stock,stocks,us,XNYS,PFD,True,usd,0001533615,,,2025-10-05T06:05:16.272693976Z
GMUB,Goldman Sachs Municipal Income ETF,stocks,us,ARCX,ETF,True,usd,,BBG01NYG3FB6,BBG01NYG3G97,2025-10-05T06:05:16.272694067Z
GMUN,Goldman Sachs Access Municipal Bond ETF,stocks,us,ARCX,ETF,True,usd,,BBG01FRNXVM6,BBG01FRNXWL5,2025-10-05T06:05:16.272694147Z
GNE,GENIE ENERGY LTD,stocks,us,XNYS,CS,True,usd,0001528356,BBG0021PGB60,BBG0021PGB79,2025-10-05T06:05:16.272694227Z
GNFT,GENFIT S.A. American Depositary Shares,stocks,us,XNAS,ADRC,True,usd,0001757064,BBG00NLFGCR9,BBG00NLFGDH8,2025-10-05T06:05:16.272694297Z
GNK,GENCO SHIPPING & TRADING LTD,stocks,us,XNYS,CS,True,usd,0001326200,,,2025-10-05T06:05:16.272694387Z
GNL,"Global Net Lease, Inc.",stocks,us,XNYS,CS,True,usd,0001526113,BBG004HXD0G8,BBG004HXD0H7,2025-10-05T06:05:16.272694467Z
GNLN,"Greenlane Holdings, Inc. Class A Common Stock",stocks,us,XNAS,CS,True,usd,0001743745,BBG00N2TN5L3,BBG00N2TN5N1,2025-10-05T06:05:16.272694548Z
GNLX,Genelux Corporation Common Stock,stocks,us,XNAS,CS,True,usd,0001231457,BBG0044BNBX6,BBG0044BNBY5,2025-10-05T06:05:16.272694628Z
GNLpA,"Global Net Lease, Inc. 7.25% Series A Cumulative Redeemable Preferred Stock, $0.01 par value per share",stocks,us,XNYS,PFD,True,usd,0001526113,,,2025-10-05T06:05:16.272694708Z
GNLpB,"Global Net Lease, Inc. 6.875% Series B Cumulative Redeemable Perpetual Preferred Stock",stocks,us,XNYS,PFD,True,usd,0001526113,,,2025-10-05T06:05:16.272694788Z
GNLpD,"Global Net Lease, Inc. 7.50% Series D Cumulative Redeemable Perpetual Preferred Stock",stocks,us,XNYS,PFD,True,usd,0001526113,,,2025-10-05T06:05:16.272694868Z
GNLpE,"Global Net Lease, Inc. 7.375% Series E Cumulative Redeemable Perpetual Preferred Stock",stocks,us,XNYS,PFD,True,usd,0001526113,,,2025-10-05T06:05:16.272694948Z
GNMA,iShares GNMA Bond ETF,stocks,us,XNAS,ETF,True,usd,0001006249,BBG002N8KLH5,BBG002N8KM74,2025-10-05T06:05:16.272695299Z
GNOM,Global X Genomics & Biotechnology ETF,stocks,us,XNAS,ETF,True,usd,0001432353,BBG00NTYZ9R6,BBG00NTYZBH2,2025-10-05T06:05:16.272695389Z
GNOV,FT Vest U.S. Equity Moderate Buffer ETF - November,stocks,us,BATS,ETF,True,usd,0001667919,BBG01K55JJ96,BBG01K55JKF6,2025-10-05T06:05:16.272695499Z
GNPX,"Genprex, Inc. Common Stock",stocks,us,XNAS,CS,True,usd,0001595248,BBG00F7T0157,BBG00F7T0166,2025-10-05T06:05:16.27269558Z
GNR,SPDR S&P Global Natural Resources ETF,stocks,us,ARCX,ETF,True,usd,0001168164,BBG0015XSHT0,BBG001TC9HP5,2025-10-05T06:05:16.27269566Z
GNRC,GENERAC HOLDINGS INC,stocks,us,XNYS,CS,True,usd,0001474735,BBG000PQ4W72,BBG001T5VGH6,2025-10-05T06:05:16.27269574Z
GNS,Genius Group Limited,stocks,us,XASE,CS,True,usd,0001847806,,,2025-10-05T06:05:16.27269582Z
GNSS,Genasys Inc. Common Stock,stocks,us,XNAS,CS,True,usd,0000924383,BBG000CV6M39,BBG001S72TP8,2025-10-05T06:05:16.2726959Z
GNT,"GAMCO Natural Resources, Gold & Income Trust",stocks,us,XNYS,FUND,True,usd,0001438893,BBG001F6W8Q6,BBG001SQ5389,2025-10-05T06:05:16.272696131Z
GNTA,Genenta Science S.p.A. American Depositary Shares,stocks,us,XNAS,ADRC,True,usd,0001838716,BBG013GNLJL6,BBG013GNLKF0,2025-10-05T06:05:16.272696211Z
GNTX,Gentex Corp,stocks,us,XNAS,CS,True,usd,0000355811,BBG000BKJ092,BBG001S5RMR8,2025-10-05T06:05:16.272696321Z
GNTpA,"GAMCO Natural Resources, Gold & Income Trust 5.2 Percent Series A Cumulative Preferred Shares (Liquidation Preference $25.00 per share)",stocks,us,XNYS,PFD,True,usd,0001438893,,,2025-10-05T06:05:16.272696401Z
GNW,"Genworth Financial, Inc.",stocks,us,XNYS,CS,True,usd,0001276520,BBG000J5Q6L2,BBG001SJ0DH8,2025-10-05T06:05:16.272696481Z
GO,Grocery Outlet Holding Corp. Common Stock,stocks,us,XNAS,CS,True,usd,0001771515,BBG00P4R3079,BBG00P4R30Z8,2025-10-05T06:05:16.272696561Z
GOAU,US Global GO Gold and Precious Metal Miners ETF,stocks,us,ARCX,ETF,True,usd,0001540305,BBG00H1KV4J3,BBG00H1KV573,2025-10-05T06:05:16.272696652Z
GOCO,"GoHealth, Inc. Class A Common Stock",stocks,us,XNAS,CS,True,usd,0001808220,BBG00VM24BS3,BBG00VM24CK9,2025-10-05T06:05:16.272696732Z
GOCT,FT Vest U.S. Equity Moderate Buffer ETF - October,stocks,us,BATS,ETF,True,usd,0001667919,BBG01JPPSDN0,BBG01JPPSFH2,2025-10-05T06:05:16.272696812Z
GOEX,Global X Gold Explorers ETF (NEW),stocks,us,ARCX,ETF,True,usd,0001432353,BBG0018HBWX2,BBG001TF8DG8,2025-10-05T06:05:16.272696892Z
GOF,Guggenheim Strategic Opportunities Fund,stocks,us,XNYS,FUND,True,usd,0001380936,BBG000RL6XG7,BBG001STTSL7,2025-10-05T06:05:16.272696972Z
GOGO,Gogo Inc.,stocks,us,XNAS,CS,True,usd,0001537054,BBG002CN8XN5,BBG002CN8YD4,2025-10-05T06:05:16.272697052Z
GOLF,Acushnet Holdings Corp.,stocks,us,XNYS,CS,True,usd,0001672013,BBG00D5L3SS4,BBG00D5L3ST3,2025-10-05T06:05:16.272697132Z
GOLY,Strategy Shares Gold Enhanced Yield ETF,stocks,us,BATS,ETF,True,usd,,BBG011387RN3,BBG011387SH8,2025-10-05T06:05:16.272697213Z
GOOD,Gladstone Commercial Corporation - REIT,stocks,us,XNAS,CS,True,usd,0001234006,BBG000M2NYQ2,BBG001SK8138,2025-10-05T06:05:16.272697313Z
GOODN,Gladstone Commercial Corporation 6.625% Series E Cumulative Redeemable Preferred Stock,stocks,us,XNAS,PFD,True,usd,0001234006,,,2025-10-05T06:05:16.272697393Z
GOODO,"Gladstone Commercial Corporation 6.00% Series G Cumulative Redeemable Preferred Stock, par value $0.001 per share",stocks,us,XNAS,PFD,True,usd,0001234006,,,2025-10-05T06:05:16.272697593Z
GOOG,Alphabet Inc. Class C Capital Stock,stocks,us,XNAS,CS,True,usd,0001652044,BBG009S3NB30,BBG009S3NB21,2025-10-05T06:05:16.272697674Z
GOOGL,Alphabet Inc. Class A Common Stock,stocks,us,XNAS,CS,True,usd,0001652044,BBG009S39JX6,BBG009S39JY5,2025-10-05T06:05:16.272698104Z
GOOP,Kurv Yield Premium Strategy Google (GOOGL) ETF,stocks,us,BATS,ETF,True,usd,0001848758,BBG01QY0HCZ0,BBG01QY0HDW1,2025-10-05T06:05:16.272698174Z
GOOS,Canada Goose Holdings Inc.,stocks,us,XNYS,CS,True,usd,0001690511,BBG00G41B914,BBG00G2HL1Z0,2025-10-05T06:05:16.272698255Z
GOOW,Roundhill GOOGL WeeklyPay ETF,stocks,us,BATS,ETF,True,usd,,BBG01W6VP4L4,BBG01W6VP5H6,2025-10-05T06:05:16.272698335Z
GOOX,T-Rex 2X Long Alphabet Daily Target ETF,stocks,us,BATS,ETF,True,usd,,BBG01KYKF9W1,BBG01KYKFBR2,2025-10-05T06:05:16.272698425Z
GOOY,YieldMax GOOGL Option Income Strategy ETF,stocks,us,ARCX,ETS,True,usd,,BBG01HP10WH2,BBG01HP10XF2,2025-10-05T06:05:16.272698505Z
GOP,Unusual Whales Subversive Republican Trading ETF,stocks,us,BATS,ETF,True,usd,0001387131,BBG01C3R3V89,BBG01C3R3W32,2025-10-05T06:05:16.272698585Z
GORO,Gold Resource Corporation,stocks,us,XASE,CS,True,usd,0001160791,BBG000J0LC17,BBG001SPBXV2,2025-10-05T06:05:16.272698665Z
GORV,"Lazydays Holdings, Inc. Common Stock",stocks,us,XNAS,CS,True,usd,0001721741,BBG00JNJQZN0,BBG00JNJR0C8,2025-10-05T06:05:16.272698746Z
GOSS,"Gossamer Bio, Inc. Common Stock",stocks,us,XNAS,CS,True,usd,0001728117,BBG00MVWLLM2,BBG00MVWLMC1,2025-10-05T06:05:16.272698826Z
GOTU,"Gaotu Techedu Inc. American Depositary Shares, three of which representing two Class A Ordinary Shares",stocks,us,XNYS,ADRC,True,usd,0001768259,BBG00P3BYJY0,BBG00P3BYJZ9,2025-10-05T06:05:16.272698906Z
GOVI,Invesco Exchange-Traded Fund Trust II Invesco Equal Weight 0-30 Year Treasury ETF,stocks,us,XNAS,ETF,True,usd,0001378872,BBG000THZPS6,BBG001T06L93,2025-10-05T06:05:16.272698976Z
GOVT,iShares U.S. Treasury Bond ETF,stocks,us,BATS,ETF,True,usd,0001100663,BBG002NCKNY3,BBG002NCKPP8,2025-10-05T06:05:16.272699066Z
GOVX,"GeoVax Labs, Inc. New",stocks,us,XNAS,CS,True,usd,0000832489,BBG000BGGJD8,BBG001S6ZC26,2025-10-05T06:05:16.272699136Z
GOVZ,iShares 25+ Year Treasury STRIPS Bond ETF,stocks,us,BATS,ETF,True,usd,0001100663,BBG00X9DSGM9,BBG00X9DSHG4,2025-10-05T06:05:16.272699347Z
GP,GreenPower Motor Company Inc. Common Shares,stocks,us,XNAS,CS,True,usd,0001584547,BBG008366HR2,BBG001TC2Y20,2025-10-05T06:05:16.272699427Z
GPAT,GP-Act III Acquisition Corp. Class A Ordinary Share,stocks,us,XNAS,CS,True,usd,0001834526,,,2025-10-05T06:05:16.272699517Z
GPATU,GP-Act III Acquisition Corp. Units,stocks,us,XNAS,UNIT,True,usd,0001834526,,,2025-10-05T06:05:16.272699597Z
GPATW,GP-Act III Acquisition Corp. Warrants,stocks,us,XNAS,WARRANT,True,usd,0001834526,,,2025-10-05T06:05:16.272699677Z
GPC,Genuine Parts Company,stocks,us,XNYS,CS,True,usd,0000040987,BBG000BKL348,BBG001S5RNH7,2025-10-05T06:05:16.272699757Z
GPCR,Structure Therapeutics Inc. American Depositary Shares,stocks,us,XNAS,ADRC,True,usd,0001888886,BBG01CBVHLW1,BBG01CBVHMQ6,2025-10-05T06:05:16.272699848Z
GPI,"Group 1 Automotive, Inc.",stocks,us,XNYS,CS,True,usd,0001031203,BBG000BB88K4,BBG001S5RNK3,2025-10-05T06:05:16.272699928Z
GPIQ,Goldman Sachs ETF Trust Goldman Sachs Nasdaq-100 Premium Income ETF,stocks,us,XNAS,ETF,True,usd,,BBG01JRTZQ08,BBG01JRTZQX2,2025-10-05T06:05:16.272700168Z
GPIX,Goldman Sachs ETF Trust Goldman Sachs S&P 500 Premium Income ETF,stocks,us,XNAS,ETF,True,usd,,BBG01JRK0B44,BBG01JRK0C06,2025-10-05T06:05:16.272700248Z
GPJA,"Georgia Power Company Series 2017A 5.00 Percent Junior Subordinated Notes due October 1, 2077",stocks,us,XNYS,SP,True,usd,0000041091,,,2025-10-05T06:05:16.272700329Z
GPK,Graphic Packaging Holding Company,stocks,us,XNYS,CS,True,usd,0001408075,BBG000GQ7K93,BBG001S90195,2025-10-05T06:05:16.272700419Z
GPMT,Granite Point Mortgage Trust Inc. Common Stock,stocks,us,XNYS,CS,True,usd,0001703644,BBG00GSR1BG1,BBG00GSR1C51,2025-10-05T06:05:16.272700499Z
GPMTpA,Granite Point Mortgage Trust Inc. 7.00% Series A Fixed-to-Floating Rate Cumulative Redeemable Preferred Stock,stocks,us,XNYS,PFD,True,usd,0001703644,,,2025-10-05T06:05:16.272700579Z
GPN,"Global Payments, Inc.",stocks,us,XNYS,CS,True,usd,0001123360,BBG000CX0P89,BBG001SGS2Z8,2025-10-05T06:05:16.272700659Z
GPOR,Gulfport Energy Corporation,stocks,us,XNYS,CS,True,usd,0000874499,BBG0112Z86C1,BBG0112Z8766,2025-10-05T06:05:16.272700749Z
GPRE,"Green Plains, Inc.",stocks,us,XNAS,CS,True,usd,0001309402,BBG000KYNTQ5,BBG001SPVM17,2025-10-05T06:05:16.27270083Z
GPRF,Goldman Sachs Access U.S. Preferred Stock and Hybrid Securities ETF,stocks,us,XNAS,ETF,True,usd,,BBG01P0XLFR4,BBG01P0XLH54,2025-10-05T06:05:16.27270091Z
GPRK,GEOPARK LIMITED,stocks,us,XNYS,CS,True,usd,0001464591,,,2025-10-05T06:05:16.272701Z
GPRO,"GoPro, Inc.",stocks,us,XNAS,CS,True,usd,0001500435,BBG001LWHLJ8,BBG001V0YJ76,2025-10-05T06:05:16.27270108Z
GPT,EA Series Trust Intelligent Alpha Atlas ETF,stocks,us,XNAS,ETF,True,usd,,BBG01PT2XZD9,BBG01PT2Y081,2025-10-05T06:05:16.27270116Z
GPTY,YieldMax AI & Tech Portfolio Option Income ETF,stocks,us,ARCX,ETF,True,usd,,BBG01RRMQR30,BBG01RRMQSX5,2025-10-05T06:05:16.27270123Z
GPUS,"Hyperscale Data, Inc.",stocks,us,XASE,CS,True,usd,0000896493,BBG00JMZD4P6,BBG00JMZD5D6,2025-10-05T06:05:16.27270133Z
GPUSpD,"Hyperscale Data, Inc. 13.00% Series D Cumulative Redeemable Perpetual Preferred Stock",stocks,us,XASE,PFD,True,usd,0000896493,,,2025-10-05T06:05:16.272701401Z
GPZ,VanEck Alternative Asset Manager ETF,stocks,us,ARCX,ETF,True,usd,0001137360,BBG01V8DV9N4,BBG01V8DVBK2,2025-10-05T06:05:16.272701481Z
GQGU,GQG US Equity ETF,stocks,us,ARCX,ETF,True,usd,0001593547,BBG01VR32VD9,BBG01VR32WB9,2025-10-05T06:05:16.272701571Z
GQI,Natixis Gateway Quality Income ETF,stocks,us,ARCX,ETF,True,usd,,BBG01KD6JCG2,BBG01KD6JD98,2025-10-05T06:05:16.272701651Z
GQQQ,Astoria US Quality Growth Kings ETF,stocks,us,XNAS,ETF,True,usd,,BBG01PXLYCX0,BBG01PXLYDS4,2025-10-05T06:05:16.272701731Z
GQRE,FlexShares Global Quality Real Estate Index Fund,stocks,us,ARCX,ETF,True,usd,0001491978,BBG005JYLGR5,BBG005JYLGS4,2025-10-05T06:05:16.272701811Z
GRAB,Grab Holdings Limited Class A Ordinary Shares,stocks,us,XNAS,CS,True,usd,0001855612,,,2025-10-05T06:05:16.272701892Z
GRABW,Grab Holdings Limited Warrant,stocks,us,XNAS,WARRANT,True,usd,0001855612,,,2025-10-05T06:05:16.272701972Z
GRAF,Graf Global Corp.,stocks,us,XASE,CS,True,usd,0001897463,,,2025-10-05T06:05:16.272702052Z
GRAF.U,"Graf Global Corp. Units, each consisting of one Class A ordinary share and one-half of one redeemable warrant",stocks,us,XASE,UNIT,True,usd,0001897463,,,2025-10-05T06:05:16.272702272Z
GRAF.WS,"Graf Global Corp. Warrants, each whole warrant exercisable for one Class A ordinary share at an exercise price of $11.50 per share",stocks,us,XASE,WARRANT,True,usd,0001897463,,,2025-10-05T06:05:16.272702352Z
GRAL,"GRAIL, Inc. Common Stock",stocks,us,XNAS,CS,True,usd,0001699031,BBG01N6CGW43,BBG01N6CGX05,2025-10-05T06:05:16.272702493Z
GRAN,Grande Group Limited Class A Ordinary Shares,stocks,us,XNAS,CS,True,usd,0002027722,,,2025-10-05T06:05:16.272702573Z
GRBK,"Green Brick Partners, Inc",stocks,us,XNYS,CS,True,usd,0001373670,BBG000QGYG84,BBG001SS5LM9,2025-10-05T06:05:16.272702663Z
GRBKpA,"Green Brick Partners, Inc. Depositary Shares (each representing a 1/1000th fractional interest in a share of 5.75% Series A Cumulative Perpetual Preferred Stock)",stocks,us,XNYS,PFD,True,usd,0001373670,,,2025-10-05T06:05:16.272702733Z
GRC,The Gorman-Rupp Company Common Shares,stocks,us,XNYS,CS,True,usd,0000042682,BBG000BKN0V2,BBG001S5RP00,2025-10-05T06:05:16.272702853Z
GRCE,"Grace Therapeutics, Inc. Common Stock",stocks,us,XNAS,CS,True,usd,0001444192,BBG001NMDXS6,BBG001SFYCM5,2025-10-05T06:05:16.272702924Z
GRDN,"Guardian Pharmacy Services, Inc.",stocks,us,XNYS,CS,True,usd,0001802255,BBG01JM69P40,BBG01JM69PZ6,2025-10-05T06:05:16.272703014Z
GREE,Greenidge Generation Holdings Inc. Class A Common,stocks,us,XNAS,CS,True,usd,0001844971,BBG00ZR8BTP2,BBG00ZR8BTQ1,2025-10-05T06:05:16.272703084Z
GREEL,Greenidge Generation Holdings Inc. 8.50% Senior Notes due 2026,stocks,us,XNAS,CS,True,usd,0001844971,,,2025-10-05T06:05:16.272703174Z
GREK,Global X MSCI Greece ETF,stocks,us,ARCX,ETF,True,usd,0001432353,BBG0029YL8G3,BBG0029YL962,2025-10-05T06:05:16.272703254Z
GRF,"Eagle Capital Growth Fund, Inc.",stocks,us,XASE,FUND,True,usd,0000850027,BBG000PNSM57,BBG001S87RC9,2025-10-05T06:05:16.272703334Z
GRFS,"Grifois, S.A.",stocks,us,XNAS,ADRC,True,usd,0001438569,BBG001QMCKF6,BBG001V1HXJ9,2025-10-05T06:05:16.272703424Z
GRI,"GRI Bio, Inc. Common Stock",stocks,us,XNAS,CS,True,usd,0001824293,BBG00XZQMLV6,BBG00XZQMLW5,2025-10-05T06:05:16.272703505Z
GRID,First Trust NASDAQ Clean Edge Smart Grid Infrastructure Index Fund,stocks,us,XNAS,ETF,True,usd,,BBG000PW59Q8,BBG001T61KB4,2025-10-05T06:05:16.272703585Z
GRIN,VictoryShares International Free Cash Flow Growth ETF,stocks,us,XNAS,ETF,True,usd,0001725293,BBG01VGC1D33,BBG01VGC1F10,2025-10-05T06:05:16.272703785Z
GRMN,Garmin Ltd,stocks,us,XNYS,CS,True,usd,0001121788,,,2025-10-05T06:05:16.272703865Z
GRN,iPath Series B Carbon Exchange-Traded Notes,stocks,us,ARCX,ETN,True,usd,0000312070,BBG00Q6YJRB9,BBG00Q6YJS90,2025-10-05T06:05:16.272703996Z
GRNB,VanEck Green Bond ETF,stocks,us,ARCX,ETF,True,usd,0001137360,BBG00G4XX3M0,BBG00G4XX4B0,2025-10-05T06:05:16.272704076Z
GRND,Grindr Inc.,stocks,us,XNYS,CS,True,usd,0001820144,BBG00YV3H700,BBG00YV3H7V6,2025-10-05T06:05:16.272704166Z
GRNQ,Greenpro Capital Corp. Common Stock,stocks,us,XNAS,CS,True,usd,0001597846,BBG005XVGLQ1,BBG005XVGLP2,2025-10-05T06:05:16.272704246Z
GRNT,"Granite Ridge Resources, Inc.",stocks,us,XNYS,CS,True,usd,0001928446,BBG017RM8TN8,BBG017RM8TP6,2025-10-05T06:05:16.272704326Z
GRNY,FundStrat Granny Shots US Large Cap ETF,stocks,us,ARCX,ETF,True,usd,0001387131,BBG01QNBFXK0,BBG01QNBFYF4,2025-10-05T06:05:16.272704406Z
GRO,Brazil Potash Corp.,stocks,us,XASE,CS,True,usd,0001472326,BBG0036HHP69,BBG0036HHP78,2025-10-05T06:05:16.272704487Z
GROV,"Grove Collaborative Holdings, Inc.",stocks,us,XNYS,CS,True,usd,0001841761,BBG010S20KT7,BBG010S20LN1,2025-10-05T06:05:16.272704567Z
GROW,US Global Investors Inc,stocks,us,XNAS,CS,True,usd,0000754811,BBG000BBVVP2,BBG001S5QZ09,2025-10-05T06:05:16.272704647Z
GROY,Gold Royalty Corp.,stocks,us,XASE,CS,True,usd,0001834026,BBG00ZGH4798,BBG00ZGH4841,2025-10-05T06:05:16.272704727Z
GROY.WS,"Gold Royalty Corp. Warrants, each exercisable for one common share at an exercise price of $2.25 per share",stocks,us,XASE,WARRANT,True,usd,0001834026,BBG01N9VQPB4,,2025-10-05T06:05:16.272704807Z
GROZ,Zacks Focus Growth ETF,stocks,us,BATS,ETF,True,usd,,BBG01R0W9749,BBG01R0W9856,2025-10-05T06:05:16.272704887Z
GRP.U,Granite Real Estate Investment Trust,stocks,us,XNYS,UNIT,True,usd,0001564538,BBG01Q41G4N3,BBG01Q41FZ73,2025-10-05T06:05:16.272704967Z
GRPM,Invesco S&P MidCap 400 GARP ETF,stocks,us,ARCX,ETF,True,usd,0001547580,BBG00KJR2C24,BBG00KJR2CS6,2025-10-05T06:05:16.272705048Z
GRPN,"Groupon, Inc.Common Stock",stocks,us,XNAS,CS,True,usd,0001490281,BBG000QRKJ70,BBG001T8J560,2025-10-05T06:05:16.272705248Z
GRPZ,Invesco S&P SmallCap 600 GARP ETF,stocks,us,ARCX,ETF,True,usd,0000914208,BBG01M46V533,BBG01M46V5Y9,2025-10-05T06:05:16.272705328Z
GRRR,Gorilla Technology Group Inc. Ordinary shares,stocks,us,XNAS,CS,True,usd,0001903145,,,2025-10-05T06:05:16.272705438Z
GRRRW,Gorilla Technology Group Inc. Warrant,stocks,us,XNAS,WARRANT,True,usd,0001903145,,,2025-10-05T06:05:16.272705518Z
GRVY,"GRAVITY Co., Ltd.",stocks,us,XNAS,ADRC,True,usd,0001313310,BBG000QSHJR0,BBG001SMMCW2,2025-10-05T06:05:16.272705929Z
GRW,TCW ETF Trust TCW Durable Growth ETF,stocks,us,XNAS,ETF,True,usd,0001831313,BBG01MQQS3S7,BBG01MQQS4P8,2025-10-05T06:05:16.272705999Z
GRWG,GROW GENERATION CORP,stocks,us,XNAS,CS,True,usd,0001604868,BBG00DBKBYB5,BBG00DBKBYC4,2025-10-05T06:05:16.27270609Z
GRX,The Gabelli Healthcare & Wellness Trust,stocks,us,XNYS,FUND,True,usd,0001391437,BBG000LX8DD2,BBG001SQ5J84,2025-10-05T06:05:16.27270617Z
GS,Goldman Sachs Group Inc.,stocks,us,XNYS,CS,True,usd,0000886982,BBG000C6CFJ5,BBG001SC07Z6,2025-10-05T06:05:16.27270625Z
GSAT,"Globalstar, Inc. Common Stock",stocks,us,XNAS,CS,True,usd,0001366868,BBG000K008L5,BBG001SPN4X1,2025-10-05T06:05:16.27270634Z
GSBC,Great Southern Bancorp Inc,stocks,us,XNAS,CS,True,usd,0000854560,BBG000C2W2R2,BBG001S6DWN3,2025-10-05T06:05:16.27270641Z
GSBD,"Goldman Sachs BDC, Inc.",stocks,us,XNYS,CS,True,usd,0001572694,BBG004DDDKH1,BBG004DDDL70,2025-10-05T06:05:16.27270649Z
GSC,Goldman Sachs Small Cap Equity ETF,stocks,us,ARCX,ETF,True,usd,,BBG01JM5NHN3,BBG01JM5NJH6,2025-10-05T06:05:16.27270657Z
GSEE,Goldman Sachs MarketBeta Emerging Markets Equity ETF,stocks,us,BATS,ETF,True,usd,0001479026,BBG00TSY78N1,BBG00TSY79F8,2025-10-05T06:05:16.272706651Z
GSEP,FT Vest U.S. Equity Moderate Buffer ETF - September,stocks,us,BATS,ETF,True,usd,0001667919,BBG01J7V6YY3,BBG01J7V7094,2025-10-05T06:05:16.272706731Z
GSEU,Goldman Sachs ActiveBeta Europe Equity ETF,stocks,us,ARCX,ETF,True,usd,0001479026,BBG00CCP5JZ9,BBG00CCP5K04,2025-10-05T06:05:16.272706811Z
GSEW,Goldman Sachs Equal Weight U.S. Large Cap Equity ETF,stocks,us,BATS,ETF,True,usd,0001479026,BBG00H2DR4T2,BBG00H2DR5N5,2025-10-05T06:05:16.272706891Z
GSG,iShares S&P  GSCI Commodity-Indexed Trust,stocks,us,ARCX,ETV,True,usd,0001332174,BBG000PVYFK0,BBG001SMLZ34,2025-10-05T06:05:16.272706981Z
GSHD,"Goosehead Insurance, Inc. Class A Common Stock",stocks,us,XNAS,CS,True,usd,0001726978,BBG00KHHBMC5,BBG00KHHBMD4,2025-10-05T06:05:16.272707061Z
GSHR,Gesher Acquisition Corp. II Class A Ordinary Shares,stocks,us,XNAS,CS,True,usd,0002044635,,,2025-10-05T06:05:16.272707142Z
GSHRU,Gesher Acquisition Corp. II Units,stocks,us,XNAS,UNIT,True,usd,0002044635,,,2025-10-05T06:05:16.272707222Z
GSHRW,Gesher Acquisition Corp. II Warrants,stocks,us,XNAS,WARRANT,True,usd,0002044635,,,2025-10-05T06:05:16.272707302Z
GSIB,Themes Global Systemically Important Banks ETF,stocks,us,XNAS,ETF,True,usd,0001976322,BBG01KMFNXD4,BBG01KMFNY79,2025-10-05T06:05:16.272707382Z
GSID,Goldman Sachs MarketBeta International Equity ETF,stocks,us,BATS,ETF,True,usd,0001479026,BBG00TSY6WW9,BBG00TSY6XN7,2025-10-05T06:05:16.272707472Z
GSIE,Goldman Sachs ActiveBeta International Equity ETF,stocks,us,ARCX,ETF,True,usd,0001479026,BBG00BDMWQD5,BBG00BDMWQF3,2025-10-05T06:05:16.272707883Z
GSIG,Goldman Sachs Access Investment Grade Corporate 1-5 Year Bond ETF,stocks,us,ARCX,ETF,True,usd,,BBG00VY18832,BBG00VY188X9,2025-10-05T06:05:16.272707973Z
GSIT,GSI Technology,stocks,us,XNAS,CS,True,usd,0001126741,BBG000D0BQK2,BBG001SFY3K7,2025-10-05T06:05:16.272708053Z
GSIW,Garden Stage Limited Ordinary Shares,stocks,us,XNAS,CS,True,usd,0001954269,,,2025-10-05T06:05:16.272708154Z
GSJY,Goldman Sachs ActiveBeta Japan Equity ETF,stocks,us,ARCX,ETF,True,usd,0001479026,BBG00CCP69T7,BBG00CCP69V4,2025-10-05T06:05:16.272708244Z
GSK,GSK plc American Depositary Shares (Each representing two Ordinary Shares),stocks,us,XNYS,ADRC,True,usd,0001131399,BBG000BLB481,BBG001SD6SM6,2025-10-05T06:05:16.272708314Z
GSKH,GSK plc ADRhedged,stocks,us,ARCX,ETS,True,usd,,BBG01RJX6WH1,BBG01RJX6XB5,2025-10-05T06:05:16.272708404Z
GSL,"Global Ship Lease, Inc.",stocks,us,XNYS,CS,True,usd,0001430725,,,2025-10-05T06:05:16.272708474Z
GSLC,Goldman Sachs ActiveBeta U.S. Large Cap Equity ETF,stocks,us,ARCX,ETF,True,usd,0001479026,BBG00B0SKXX2,BBG00B0SKXY1,2025-10-05T06:05:16.272708695Z
GSLpB,"GLOBAL SHIP LEASE, INC. 8.75%  SER B",stocks,us,XNYS,PFD,True,usd,0001430725,,,2025-10-05T06:05:16.272708785Z
GSM,Ferroglobe PLC Ordinary Shares,stocks,us,XNAS,CS,True,usd,0001639877,,,2025-10-05T06:05:16.272708895Z
GSPY,Gotham Enhanced 500 ETF,stocks,us,ARCX,ETF,True,usd,0001387131,BBG00YPGN186,BBG00YPGN239,2025-10-05T06:05:16.272708975Z
GSRFU,GSR IV Acquisition Corp. Units,stocks,us,XNAS,UNIT,True,usd,0002072404,,,2025-10-05T06:05:16.272709055Z
GSRT,GSR III Acquisition Corp. Ordinary Shares,stocks,us,XNAS,CS,True,usd,0002029023,,,2025-10-05T06:05:16.272709135Z
GSRTR,GSR III Acquisition Corp. Right,stocks,us,XNAS,RIGHT,True,usd,0002029023,,,2025-10-05T06:05:16.272709216Z
GSRTU,GSR III Acquisition Corp. Unit,stocks,us,XNAS,UNIT,True,usd,0002029023,,,2025-10-05T06:05:16.272709296Z
GSSC,GS ActiveBeta U.S. Small Cap Equity ETF,stocks,us,ARCX,ETF,True,usd,0001479026,BBG00H1SDPV5,BBG00H1SDQL4,2025-10-05T06:05:16.272709376Z
GSST,Goldman Sachs Ultra Short Bond ETF,stocks,us,BATS,ETF,True,usd,0001479026,BBG00NW3TG64,BBG00NW3TGY3,2025-10-05T06:05:16.272709456Z
GSUN,Golden Sun Health Technology Group Limited Class A Ordinary Shares,stocks,us,XNAS,CS,True,usd,0001826376,,,2025-10-05T06:05:16.272709556Z
GSUS,Goldman Sachs MarketBeta U.S. Equity ETF,stocks,us,BATS,ETF,True,usd,0001479026,BBG00TSXPD43,BBG00TSXPF39,2025-10-05T06:05:16.272709626Z
GSX,Tradr 2X Long GS Daily ETF,stocks,us,BATS,ETF,True,usd,,BBG01X7TJRZ7,BBG01X7TJSW8,2025-10-05T06:05:16.272709706Z
GSY,Invesco Ultra Short Duration ETF,stocks,us,ARCX,ETF,True,usd,0001418144,BBG00KJR1SL9,BBG00KJR1T91,2025-10-05T06:05:16.272709787Z
GSpA,"Goldman Sachs Group, Inc. (The) Depositary shares",stocks,us,XNYS,PFD,True,usd,0000886982,,,2025-10-05T06:05:16.272709867Z
GSpC,"Goldman Sachs Group Dep. Shares (1/1000 Int. of Floating Rate Non-Cum. Prfrd. Stk., Ser. C)",stocks,us,XNYS,PFD,True,usd,0000886982,,,2025-10-05T06:05:16.272709947Z
GSpD,"Goldman Sachs Group, Inc. (Each representing 1/1000th Interest in a Share of Floating Rate Non-cumulative Preferred Stock Series D, $1.01 par value",stocks,us,XNYS,PFD,True,usd,0000886982,,,2025-10-05T06:05:16.272710037Z
GT,Goodyear Tire & Rubber,stocks,us,XNAS,CS,True,usd,0000042582,BBG000BKNX95,BBG001S5RQ62,2025-10-05T06:05:16.272710117Z
GTBP,GT Biopharma Inc. Common Stock,stocks,us,XNAS,CS,True,usd,0000109657,BBG000DHJ738,BBG001S80Y31,2025-10-05T06:05:16.272710197Z
GTE,Gran Tierra Energy Inc.,stocks,us,XASE,CS,True,usd,0001273441,BBG000C2M300,BBG001S5RKW6,2025-10-05T06:05:16.272710278Z
GTEC,Greenland Technologies Holding Corporation Ordinary Shares,stocks,us,XNAS,CS,True,usd,0001735041,,,2025-10-05T06:05:16.272710388Z
GTEK,Goldman Sachs Future Tech Leaders Equity ETF,stocks,us,ARCX,ETF,True,usd,,BBG011KMX455,BBG011KMX507,2025-10-05T06:05:16.272710468Z
GTEN,"Gores Holdings X, Inc. Class A ordinary shares",stocks,us,XNAS,CS,True,usd,0001986817,,,2025-10-05T06:05:16.272710568Z
GTENU,"Gores Holdings X, Inc. Units",stocks,us,XNAS,UNIT,True,usd,0001986817,,,2025-10-05T06:05:16.272710648Z
GTENW,"Gores Holdings X, Inc. Warrants",stocks,us,XNAS,WARRANT,True,usd,0001986817,,,2025-10-05T06:05:16.272710728Z
GTERA,Globa Terra Acquisition Corporation Class A Ordinary Shares,stocks,us,XNAS,CS,True,usd,0002043766,,,2025-10-05T06:05:16.272710819Z
GTERR,Globa Terra Acquisition Corporation Rights,stocks,us,XNAS,RIGHT,True,usd,0002043766,,,2025-10-05T06:05:16.272710899Z
GTERU,Globa Terra Acquisition Corporation Units,stocks,us,XNAS,UNIT,True,usd,0002043766,,,2025-10-05T06:05:16.272710979Z
GTERW,Globa Terra Acquisition Corporation Warrants,stocks,us,XNAS,WARRANT,True,usd,0002043766,,,2025-10-05T06:05:16.272711069Z
GTES,Gates Industrial Corporation plc,stocks,us,XNYS,CS,True,usd,0001718512,,,2025-10-05T06:05:16.272711149Z
GTI,Graphjet Technology Class A Ordinary Shares,stocks,us,XNAS,CS,True,usd,0001879373,,,2025-10-05T06:05:16.272711229Z
GTIM,Good Times Restaurants Inc.,stocks,us,XNAS,CS,True,usd,0000825324,BBG000BTGT02,BBG001S5W9W5,2025-10-05T06:05:16.27271131Z
GTIP,Goldman Sachs Access Inflation Protected USD Bond ETF,stocks,us,BATS,ETF,True,usd,0001479026,BBG00M56BT79,BBG00M56BTZ8,2025-10-05T06:05:16.27271139Z
GTLB,GitLab Inc. Class A Common Stock,stocks,us,XNAS,CS,True,usd,0001653482,BBG00DHTYPH8,BBG00DHTYPJ6,2025-10-05T06:05:16.27271149Z
GTLS,"Chart Industries, Inc.",stocks,us,XNYS,CS,True,usd,0000892553,BBG000P1K2X6,BBG001SQV7W4,2025-10-05T06:05:16.27271157Z
GTLSpB,"Chart Industries, Inc. Depositary Shares, each Representing a 1/20th Interest in a Share of 6.75% Series B Mandatory Convertible Preferred Stock",stocks,us,XNYS,SP,True,usd,0000892553,,,2025-10-05T06:05:16.27271165Z
GTM,ZoomInfo Technologies Inc Common Stock,stocks,us,XNAS,CS,True,usd,0001794515,BBG00S1HJ3M8,BBG00S1HJ4F4,2025-10-05T06:05:16.27271173Z
GTN,"Gray Media, Inc.",stocks,us,XNYS,CS,True,usd,0000043196,BBG000DSQLQ0,BBG001S8SQK9,2025-10-05T06:05:16.27271181Z
GTN.A,"Gray Media, Inc. Class A",stocks,us,XNYS,CS,True,usd,0000043196,BBG000DPPF44,BBG001S8JZX5,2025-10-05T06:05:16.272711901Z
GTO,Invesco Total Return Bond ETF,stocks,us,ARCX,ETF,True,usd,0001418144,BBG00KJR1HV2,BBG00KJR1JM8,2025-10-05T06:05:16.272711981Z
GTOC,Invesco Core Fixed Income ETF,stocks,us,BATS,ETF,True,usd,,BBG01W4BX2V4,BBG01W4BX431,2025-10-05T06:05:16.272712061Z
GTOS,Invesco Short Duration Total Return Bond ETF,stocks,us,BATS,ETF,True,usd,0001418144,BBG01BTSQZS5,BBG01BTSR0M7,2025-10-05T06:05:16.272712141Z
GTR,WisdomTree Target Range Fund,stocks,us,XNAS,ETF,True,usd,,BBG012VD0SK7,BBG012VD0TD3,2025-10-05T06:05:16.272712231Z
GTX,Garrett Motion Inc. Common Stock,stocks,us,XNAS,CS,True,usd,0001735707,BBG00HY28P97,BBG00HY28Q04,2025-10-05T06:05:16.272712311Z
GTY,Getty Realty Corp.,stocks,us,XNYS,CS,True,usd,0001052752,BBG000BB94N9,BBG001S5RQR9,2025-10-05T06:05:16.272712392Z
GUG,Guggenheim Active Allocation Fund,stocks,us,XNYS,FUND,True,usd,0001864208,BBG01191RFN6,BBG01191RGH1,2025-10-05T06:05:16.272712472Z
GUMI,Goldman Sachs Ultra Short Municipal Income ETF,stocks,us,ARCX,ETF,True,usd,,BBG01NYHFCG3,BBG01NYHFDB6,2025-10-05T06:05:16.272712562Z
GUNR,FlexShares Global Upstream Natural Resources Index Fund,stocks,us,ARCX,ETF,True,usd,0001491978,BBG00243P818,BBG00243P8S9,2025-10-05T06:05:16.272712642Z
GURE,"Gulf Resources, Inc. (NV) Common Stock",stocks,us,XNAS,CS,True,usd,0000885462,BBG000CV85K5,BBG001S72VJ0,2025-10-05T06:05:16.272712883Z
GURU,Global X Guru Index ETF,stocks,us,ARCX,ETF,True,usd,0001432353,BBG0032YYVM6,BBG0032YYWC5,2025-10-05T06:05:16.272712963Z
GUSA,Goldman Sachs MarketBeta U.S. 1000 Equity ETF,stocks,us,ARCX,ETF,True,usd,,BBG016DYJ7G3,BBG016DYJ8K6,2025-10-05T06:05:16.272713073Z
GUSH,Direxion Daily S&P Oil & Gas Exp. & Prod. Bull 2X Shares,stocks,us,ARCX,ETF,True,usd,,BBG0099SHZZ5,BBG0099SJ008,2025-10-05T06:05:16.272713153Z
GUT,GABELLI UTILITY TRUST,stocks,us,XNYS,FUND,True,usd,0001080720,BBG000BYYZD3,BBG001SCZVQ5,2025-10-05T06:05:16.272713233Z
GUTS,"Fractyl Health, Inc. Common Stock",stocks,us,XNAS,CS,True,usd,0001572616,BBG002Y7NH72,BBG002Y7NH81,2025-10-05T06:05:16.272713313Z
GUTpC,Gabelli Utility Trust   5.375% Series C Cumulative Preferred Shares,stocks,us,XNYS,PFD,True,usd,0001080720,,,2025-10-05T06:05:16.272713394Z
GV,Visionary Holdings Inc. Common Shares,stocks,us,XNAS,CS,True,usd,0001892274,BBG015TR2ZD2,BBG015TR3075,2025-10-05T06:05:16.272713474Z
GVA,Granite Construction Inc.,stocks,us,XNYS,CS,True,usd,0000861459,BBG000DVB833,BBG001S8WD96,2025-10-05T06:05:16.272713764Z
GVAL,Cambria Global Value ETF,stocks,us,BATS,ETF,True,usd,0001529390,BBG0064MXCS0,BBG0064MXCT9,2025-10-05T06:05:16.272713854Z
GVH,Globavend Holdings Limited Ordinary Shares,stocks,us,XNAS,CS,True,usd,0001978527,,,2025-10-05T06:05:16.272713935Z
GVI,iShares Intermediate Government/Credit Bond ETF,stocks,us,BATS,ETF,True,usd,0000913414,BBG000QN3319,BBG001SSD885,2025-10-05T06:05:16.272714015Z
GVIP,Goldman Sachs Hedge Industry VIP ETF,stocks,us,ARCX,ETF,True,usd,0001479026,BBG00F5SDB37,BBG00F5SDBV6,2025-10-05T06:05:16.272714105Z
GVLU,Gotham 1000 Value ETF,stocks,us,ARCX,ETF,True,usd,0001387131,BBG017ZFFK91,BBG017ZFFLL5,2025-10-05T06:05:16.272714175Z
GVUS,Goldman Sachs MarketBeta Russell 1000 Value Equity ETF,stocks,us,ARCX,ETF,True,usd,,BBG01KC4D463,BBG01KC4D515,2025-10-05T06:05:16.272714265Z
GWAV,"Greenwave Technology Solutions, Inc. Common Stock",stocks,us,XNAS,CS,True,usd,0001589149,BBG005ZMKSY0,BBG005ZMKSZ9,2025-10-05T06:05:16.272714345Z
GWH,"ESS Tech, Inc.",stocks,us,XNYS,CS,True,usd,0001819438,BBG00Y4B6KS5,BBG00Y4B6LN8,2025-10-05T06:05:16.272714576Z
GWH.WS,"ESS Tech, Inc. Warrant exercisable for one-fifteenth of a share of Common Stock at an exercise price of $172.50 per share",stocks,us,XNYS,WARRANT,True,usd,0001819438,BBG00Y4B8NP0,,2025-10-05T06:05:16.272714676Z
GWRE,"GUIDEWIRE SOFTWARE, INC.",stocks,us,XNYS,CS,True,usd,0001528396,BBG001C7PM75,BBG001TWHGX5,2025-10-05T06:05:16.272714766Z
GWRS,"Global Water Resources, Inc.",stocks,us,XNAS,CS,True,usd,0001434728,BBG000FV0NL0,BBG001T2PQ42,2025-10-05T06:05:16.272714846Z
GWW,"W.W. Grainger, Inc.",stocks,us,XNYS,CS,True,usd,0000277135,BBG000BKR1D6,BBG001S5RRD2,2025-10-05T06:05:16.272714926Z
GWX,SPDR S&P International Small Cap ETF,stocks,us,ARCX,ETF,True,usd,0001168164,BBG000Q8T4C0,BBG001SRXRK9,2025-10-05T06:05:16.272715007Z
GXAI,Gaxos.ai Inc. Common Stock,stocks,us,XNAS,CS,True,usd,0001895618,BBG01B210J25,BBG01B210JY0,2025-10-05T06:05:16.272715087Z
GXC,SPDR S&P China ETF,stocks,us,ARCX,ETF,True,usd,0001168164,BBG000Q8R7Y1,BBG001SRXRC8,2025-10-05T06:05:16.272715167Z
GXDW,Global X Funds Global X Dorsey Wright Thematic ETF,stocks,us,XNAS,ETF,True,usd,0001432353,BBG00QNKPX66,BBG00QNKPXY5,2025-10-05T06:05:16.272715247Z
GXIG,Global X Investment Grade Corporate Bond ETF,stocks,us,ARCX,ETF,True,usd,,BBG01VKCYWS3,BBG01VKCYXN6,2025-10-05T06:05:16.272715337Z
GXLC,Global X U.S. 500 ETF,stocks,us,ARCX,ETF,True,usd,,BBG01XG3K811,BBG01XG3K964,2025-10-05T06:05:16.272715728Z
GXO,"GXO Logistics, Inc.",stocks,us,XNYS,CS,True,usd,0001852244,BBG00YDGX945,BBG00YDGX9Z1,2025-10-05T06:05:16.272715818Z
GXPC,Global X PureCap MSCI Communication Services ETF,stocks,us,ARCX,ETF,True,usd,,BBG01W90Z642,BBG01W90Z7K2,2025-10-05T06:05:16.272715898Z
GXPD,Global X PureCap MSCI Consumer Discretionary ETF,stocks,us,ARCX,ETF,True,usd,,BBG01W9160Y2,BBG01W916250,2025-10-05T06:05:16.272715978Z
GXPE,Global X PureCap MSCI Energy ETF,stocks,us,ARCX,ETF,True,usd,,BBG01W91DLM1,BBG01W91DMT2,2025-10-05T06:05:16.272716069Z
GXPS,Global X PureCap MSCI Consumer Staples ETF,stocks,us,ARCX,ETF,True,usd,,BBG01W91H4T8,BBG01W91H5Q8,2025-10-05T06:05:16.272716149Z
GXPT,Global X PureCap MSCI Information Technology ETF,stocks,us,ARCX,ETF,True,usd,,BBG01W92D189,BBG01W92D2F9,2025-10-05T06:05:16.272716409Z
GXUS,Goldman Sachs MarketBeta Total International Equity ETF,stocks,us,ARCX,ETF,True,usd,,BBG01GXT3X25,BBG01GXT3XY0,2025-10-05T06:05:16.272716489Z
GYLD,Arrow Dow Jones Global Yield ETF,stocks,us,XNYS,ETF,True,usd,,BBG002YVHCD0,BBG002YVHD48,2025-10-05T06:05:16.2727166Z
GYRE,"Gyre Therapeutics, Inc. Common Stock",stocks,us,XNAS,CS,True,usd,0001124105,BBG000F88SY8,BBG001SDL5X7,2025-10-05T06:05:16.27271668Z
GYRO,"Gyrodyne, LLC Common Stock",stocks,us,XNAS,CS,True,usd,0001589061,BBG009XW6DC5,BBG009XW6DD4,2025-10-05T06:05:16.27271676Z
H,Hyatt Hotels Corporation,stocks,us,XNYS,CS,True,usd,0001468174,BBG000CVRFS4,BBG001SFNHB8,2025-10-05T06:05:16.27271684Z
HACK,Amplify Cybersecurity ETF,stocks,us,ARCX,ETF,True,usd,0001633061,BBG01L6XYP28,BBG01L6XYQ08,2025-10-05T06:05:16.27271692Z
HAE,Haemonetics Corporation,stocks,us,XNYS,CS,True,usd,0000313143,BBG000C7TF41,BBG001S6QB64,2025-10-05T06:05:16.272717Z
HAFC,Hanmi Financial Corp,stocks,us,XNAS,CS,True,usd,0001109242,BBG000M4M6Q0,BBG001SFGJ31,2025-10-05T06:05:16.272717081Z
HAFN,Hafnia Limited,stocks,us,XNYS,CS,True,usd,0001815779,,,2025-10-05T06:05:16.272717161Z
HAIL,SPDR S&P Kensho Smart Mobility ETF,stocks,us,ARCX,ETF,True,usd,0001081019,BBG00JHP5PG6,BBG00JHP5Q56,2025-10-05T06:05:16.272717241Z
HAIN,Hain Celestial Group Inc,stocks,us,XNAS,CS,True,usd,0000910406,BBG000BQW085,BBG001SBCKV0,2025-10-05T06:05:16.272717321Z
HAL,Halliburton Company,stocks,us,XNYS,CS,True,usd,0000045012,BBG000BKTFN2,BBG001S5RS59,2025-10-05T06:05:16.272717401Z
HALO,"Halozyme Therapeutics, Inc.",stocks,us,XNAS,CS,True,usd,0001159036,BBG000CZ8W54,BBG001SGX585,2025-10-05T06:05:16.272717481Z
HAO,Haoxi Health Technology Limited Class A Ordinary Shares,stocks,us,XNAS,CS,True,usd,0001954594,,,2025-10-05T06:05:16.272717561Z
HAP,VanEck Natural Resources ETF,stocks,us,ARCX,ETF,True,usd,0001137360,BBG000C0MB88,BBG001STNTP7,2025-10-05T06:05:16.272717642Z
HAPI,Harbor Human Capital Factor US Large Cap ETF,stocks,us,ARCX,ETF,True,usd,0001860434,BBG019Z2K8P9,BBG019Z2K9M0,2025-10-05T06:05:16.272717842Z
HAPS,Harbor Human Capital Factor US Small Cap ETF,stocks,us,ARCX,ETF,True,usd,0001860434,BBG01G1RQD96,BBG01G1RQF55,2025-10-05T06:05:16.272718022Z
HARD,Simplify Commodities Strategy No K-1 ETF,stocks,us,ARCX,ETF,True,usd,0001810747,BBG01G1P7BL1,BBG01G1P7CH4,2025-10-05T06:05:16.272718102Z
HAS,"Hasbro, Inc.",stocks,us,XNAS,CS,True,usd,0000046080,BBG000BKVJK4,BBG001S5RSQ6,2025-10-05T06:05:16.272718183Z
HASI,"HA Sustainable Infrastructure Capital, Inc.",stocks,us,XNYS,CS,True,usd,0001561894,BBG0044K5DM4,BBG0044K5DN3,2025-10-05T06:05:16.272718263Z
HAUS,Residential REIT ETF,stocks,us,BATS,ETF,True,usd,0001387131,BBG015H7TFW3,BBG015H7TGX0,2025-10-05T06:05:16.272718343Z
HAUZ,Xtrackers International Real Estate ETF,stocks,us,ARCX,ETF,True,usd,0001503123,BBG005BJ0T82,BBG005BJ0T91,2025-10-05T06:05:16.272718423Z
HAWX,iShares Currency Hedged MSCI ACWI ex U.S. ETF,stocks,us,ARCX,ETF,True,usd,0001100663,BBG009HYW4B1,BBG009HYW4C0,2025-10-05T06:05:16.272718503Z
HAYW,"Hayward Holdings, Inc.",stocks,us,XNYS,CS,True,usd,0001834622,BBG00Z9CCRH5,BBG00Z9CCSB9,2025-10-05T06:05:16.272718583Z
HBAN,Huntington Bancshares Inc,stocks,us,XNAS,CS,True,usd,0000049196,BBG000BKWSR6,BBG001S5RSZ6,2025-10-05T06:05:16.272718674Z
HBANL,"Huntington Bancshares Incorporated Depositary Shares, Each Representing a 1/40th Interest in a Share of 6.875% Series J Non-Cumulative Perpetual Preferred Stock",stocks,us,XNAS,CS,True,usd,0000049196,,,2025-10-05T06:05:16.272718754Z
HBANM,Huntington Bancshares Incorporated Depositary Shares each representing a 1/1000th interest in a share of Huntington Series I Preferred Stock,stocks,us,XNAS,CS,True,usd,0000049196,,,2025-10-05T06:05:16.272718834Z
HBANP,Huntington Bancshares Incorporated Depositary Shares 4.500% Series H Non-Cumulative Perpetual Preferred Stock,stocks,us,XNAS,PFD,True,usd,0000049196,,,2025-10-05T06:05:16.272718914Z
HBB,Hamilton Beach Brands Holding Company Class A Common Stock,stocks,us,XNYS,CS,True,usd,0001709164,BBG00HJ4P620,BBG00HJ4P6S2,2025-10-05T06:05:16.272718994Z
HBCP,"Home Bancorp, Inc.",stocks,us,XNAS,CS,True,usd,0001436425,BBG000J31X35,BBG001ST9B63,2025-10-05T06:05:16.272719084Z
HBDC,Hilton BDC Corporate Bond ETF,stocks,us,XNAS,ETF,True,usd,,BBG01VCKXQM4,BBG01VCKXRH8,2025-10-05T06:05:16.272719165Z
HBI,"Hanesbrands, Inc.",stocks,us,XNYS,CS,True,usd,0001359841,BBG000D2ZTS8,BBG001SMCKB8,2025-10-05T06:05:16.272719245Z
HBIO,Harvard Bioscience Inc,stocks,us,XNAS,CS,True,usd,0001123494,BBG000C58Q08,BBG001SG1ML8,2025-10-05T06:05:16.272719325Z
HBM,Hudbay Minerals Inc.,stocks,us,XNYS,CS,True,usd,0001322422,BBG000PM99H6,BBG001SL27N7,2025-10-05T06:05:16.272719405Z
HBNB,Hotel101 Global Holdings Corp. Class A Ordinary Shares,stocks,us,XNAS,CS,True,usd,0002054507,,,2025-10-05T06:05:16.272719485Z
HBNC,"Horizon Bancorp, Inc. Common Stock",stocks,us,XNAS,CS,True,usd,0000706129,BBG000BJ3LL2,BBG001S7SGW0,2025-10-05T06:05:16.272719565Z
HBT,"HBT Financial, Inc. Common Stock",stocks,us,XNAS,CS,True,usd,0000775215,BBG00Q8J72J0,BBG00Q8J7380,2025-10-05T06:05:16.272719645Z
HBTA,Horizon Expedition Plus ETF,stocks,us,ARCX,ETF,True,usd,,BBG01RXY46H2,BBG01RXY47X2,2025-10-05T06:05:16.272719736Z
HBTC,Fortuna Hedged Bitcoin Fund,stocks,us,BATS,ETF,True,usd,0001683471,BBG01RL1KLZ6,BBG01RL1KMX6,2025-10-05T06:05:16.272719816Z
HCA,"HCA Healthcare, Inc.",stocks,us,XNYS,CS,True,usd,0000860730,BBG000QW7VC1,BBG001T8NTY2,2025-10-05T06:05:16.272719896Z
HCAI,"Huachen AI Parking Management Technology Holding Co., Ltd. Ordinary Shares",stocks,us,XNAS,CS,True,usd,0001958399,,,2025-10-05T06:05:16.272719976Z
HCAT,"Health Catalyst, Inc Common Stock",stocks,us,XNAS,CS,True,usd,0001636422,BBG00LDPZMS6,BBG00LDPZMT5,2025-10-05T06:05:16.272720056Z
HCC,"Warrior Met Coal, Inc.",stocks,us,XNYS,CS,True,usd,0001691303,BBG00GD1JMV4,BBG00GD1JNK4,2025-10-05T06:05:16.272720257Z
HCHL,Happy City Holdings Limited Class A Ordinary shares,stocks,us,XNAS,CS,True,usd,0002046656,,,2025-10-05T06:05:16.272720337Z
HCI,"HCI Group, Inc.",stocks,us,XNYS,CS,True,usd,0001400810,BBG000F4DVC8,BBG001T2C2P6,2025-10-05T06:05:16.272720537Z
HCKT,Hackett Group Inc (The).,stocks,us,XNAS,CS,True,usd,0001057379,BBG000BBLQV7,BBG001S5VLP7,2025-10-05T06:05:16.272720617Z
HCM,HUTCHMED (China) Limited American Depositary Shares,stocks,us,XNAS,ADRC,True,usd,0001648257,BBG00B6VCGJ1,BBG00B6VCGK9,2025-10-05T06:05:16.272720697Z
HCMA,HCM III Acquisition Corp. Class A Ordinary Share,stocks,us,XNAS,CS,True,usd,0002069856,,,2025-10-05T06:05:16.272720948Z
HCMAU,HCM III Acquisition Corp. Units,stocks,us,XNAS,UNIT,True,usd,0002069856,,,2025-10-05T06:05:16.272721158Z
HCMAW,HCM III Acquisition Corp. Warrants,stocks,us,XNAS,WARRANT,True,usd,0002069856,,,2025-10-05T06:05:16.272721359Z
HCMT,Direxion HCM Tactical Enhanced US ETF,stocks,us,ARCX,ETF,True,usd,,BBG01H2QHQB3,BBG01H2QHR85,2025-10-05T06:05:16.272721439Z
HCOW,Amplify ETF Trust Amplify COWS Covered Call ETF,stocks,us,XNAS,ETF,True,usd,0001633061,BBG01JFNRP32,BBG01JFNRPY8,2025-10-05T06:05:16.272721519Z
HCRB,Hartford Core Bond ETF,stocks,us,BATS,ETF,True,usd,0001501825,BBG00RPV9B19,BBG00RPV9BV6,2025-10-05T06:05:16.272721599Z
HCSG,Healthcare Services Group,stocks,us,XNAS,CS,True,usd,0000731012,BBG000BKYVF0,BBG001S5RTV8,2025-10-05T06:05:16.272721679Z
HCTI,"Healthcare Triangle, Inc. Common Stock",stocks,us,XNAS,CS,True,usd,0001839285,BBG012C7MBP9,BBG012C7MCJ4,2025-10-05T06:05:16.272721759Z
HCWB,HCW Biologics Inc. Common Stock,stocks,us,XNAS,CS,True,usd,0001828673,BBG011769443,BBG0117694Z9,2025-10-05T06:05:16.27272184Z
HCWC,Healthy Choice Wellness Corp.,stocks,us,XASE,CS,True,usd,0001948864,BBG01J7XRRJ8,BBG01J7XRSC3,2025-10-05T06:05:16.27272193Z
HCXY,"Hercules Capital, Inc. 6.25% Notes due 2033",stocks,us,XNYS,SP,True,usd,0001280784,,,2025-10-05T06:05:16.27272201Z
HD,"Home Depot, Inc.",stocks,us,XNYS,CS,True,usd,0000354950,BBG000BKZB36,BBG001S5RTW7,2025-10-05T06:05:16.27272209Z
HDB,HDFC Bank Limited,stocks,us,XNYS,ADRC,True,usd,0001144967,BBG000NWKS18,BBG001SJB7J7,2025-10-05T06:05:16.27272217Z
HDEF,Xtrackers MSCI EAFE High Dividend Yield Equity ETF,stocks,us,ARCX,ETF,True,usd,0001503123,BBG009RY6HG5,BBG009RY6HH4,2025-10-05T06:05:16.27272225Z
HDG,ProShares Hedge Replication ETF,stocks,us,ARCX,ETF,True,usd,0001174610,BBG001WL7GT1,BBG001WL7HT9,2025-10-05T06:05:16.272722341Z
HDGE,AdvisorShares Ranger Equity Bear ETF,stocks,us,ARCX,ETF,True,usd,0001408970,BBG001F6QYW9,BBG001V08HN1,2025-10-05T06:05:16.272722421Z
HDL,SUPER HI INTERNATIONAL HOLDING LTD. American Depositary Shares,stocks,us,XNAS,ADRC,True,usd,0001995306,BBG01MN8HX15,BBG01MN8HXZ8,2025-10-05T06:05:16.272722621Z
HDLB,"ETRACS Monthly Pay 2xLeveraged US High Dividend Low Volatility ETN Series B due October 21, 2049",stocks,us,ARCX,ETN,True,usd,0001114446,BBG00QPKKXJ5,BBG00QPKKY85,2025-10-05T06:05:16.272722701Z
HDMV,First Trust Horizon Managed Volatility Developed International ETF,stocks,us,ARCX,ETF,True,usd,0001424212,BBG00DPCZ4J0,BBG00DPCZ4K8,2025-10-05T06:05:16.272722811Z
HDSN,Hudson Technologies Inc,stocks,us,XNAS,CS,True,usd,0000925528,BBG000DNV5K6,BBG001S77CN2,2025-10-05T06:05:16.272722892Z
HDUS,Hartford Disciplined US Equity ETF,stocks,us,ARCX,ETF,True,usd,,BBG01B7B3W71,BBG01B7B3X24,2025-10-05T06:05:16.272722972Z
HDV,iShares Core High Dividend ETF,stocks,us,ARCX,ETF,True,usd,0001006249,BBG001LRJC70,BBG001V0XLT8,2025-10-05T06:05:16.272723052Z
HE,"Hawaiian Electric Industries, Inc.",stocks,us,XNYS,CS,True,usd,0000354707,BBG000BL0P40,BBG001S5RV43,2025-10-05T06:05:16.272723132Z
HEAL,Global X Funds Global X HealthTech ETF,stocks,us,XNAS,ETF,True,usd,0001432353,BBG00WCNXFP8,BBG00WCNXGG6,2025-10-05T06:05:16.272723222Z
HEAT,Touchstone Climate Transition ETF,stocks,us,BATS,ETF,True,usd,,BBG01GGWGYY6,BBG01GGWH060,2025-10-05T06:05:16.272723302Z
HECA,Hedgeye Capital Allocation ETF,stocks,us,ARCX,ETF,True,usd,,BBG01VS4WDX1,BBG01VS4WGB8,2025-10-05T06:05:16.272723383Z
HECO,SPDR Galaxy Hedged Digital Asset Ecosystem ETF,stocks,us,XNAS,ETF,True,usd,0001516212,BBG01PNQ84Y6,BBG01PNQ85S0,2025-10-05T06:05:16.272723463Z
HEDJ,WisdomTree Europe Hedged Equity Fund,stocks,us,ARCX,ETF,True,usd,0001350487,BBG000Q3NW62,BBG001T6DPF6,2025-10-05T06:05:16.272723543Z
HEEM,iShares Currency Hedged MSCI Emerging Markets,stocks,us,BATS,ETF,True,usd,0000930667,BBG0076SN974,BBG0076SN965,2025-10-05T06:05:16.272723623Z
HEFA,iShares Currency Hedged MSCI EAFE ETF,stocks,us,BATS,ETF,True,usd,0001100663,BBG005XKVF63,BBG005XKVF72,2025-10-05T06:05:16.272723703Z
HEGD,Swan Hedged Equity US Large Cap ETF,stocks,us,BATS,ETF,True,usd,0001591505,BBG00YN70X92,BBG00YN70Y45,2025-10-05T06:05:16.272723793Z
HEI,HEICO Corporation,stocks,us,XNYS,CS,True,usd,0000046619,BBG000BL16Q7,BBG001S5RVC4,2025-10-05T06:05:16.272723863Z
HEI.A,HEICO CORP CL A,stocks,us,XNYS,CS,True,usd,0000046619,BBG000F0CD91,BBG001S96YM2,2025-10-05T06:05:16.272723964Z
HEJD,VictoryShares Hedged Equity Income ETF,stocks,us,XNAS,ETF,True,usd,,BBG01MY4CT16,BBG01MY4CTW2,2025-10-05T06:05:16.272724054Z
HELE,Helen Of Troy Ltd,stocks,us,XNAS,CS,True,usd,0000916789,,,2025-10-05T06:05:16.272724134Z
HELO,JPMorgan Hedged Equity Laddered Overlay ETF,stocks,us,ARCX,ETF,True,usd,0001485894,BBG01J345H02,BBG01J345HV8,2025-10-05T06:05:16.272724284Z
HELX,Franklin Genomic Advancements ETF,stocks,us,BATS,ETF,True,usd,0001655589,BBG00RRGPCJ1,BBG00RRGPD90,2025-10-05T06:05:16.272724364Z
HEPS,D-Market Electronic Services & Trading American Depositary Shares,stocks,us,XNAS,ADRC,True,usd,0001850235,BBG0118LTKW0,BBG0118LTLQ5,2025-10-05T06:05:16.272724445Z
HEQ,John Hancock Diversified Income Fund,stocks,us,XNYS,FUND,True,usd,0001496749,BBG001MN27S4,BBG001V12GM8,2025-10-05T06:05:16.272724525Z
HEQQ,JPMorgan Nasdaq Hedged Equity Laddered Overlay ETF,stocks,us,XNAS,ETF,True,usd,0001485894,BBG01SSHFJR2,BBG01SSHFL51,2025-10-05T06:05:16.272724595Z
HEQT,Simplify Hedged Equity ETF,stocks,us,ARCX,ETF,True,usd,0001810747,BBG0137XKTJ6,BBG0137XKVV7,2025-10-05T06:05:16.272724685Z
HERD,Pacer Cash Cows Fund of Funds ETF,stocks,us,XNAS,ETF,True,usd,0001616668,BBG00P1MB6B6,BBG00P1MB733,2025-10-05T06:05:16.272724785Z
HERO,Global X Video Games & Esports ETF,stocks,us,XNAS,ETF,True,usd,0001432353,BBG00QNKPFD7,BBG00QNKPG45,2025-10-05T06:05:16.272724875Z
HERZ,"Herzfeld Credit Income Fund, Inc. Common Stock",stocks,us,XNAS,CS,True,usd,0000880406,BBG000CGFS75,BBG001S813G4,2025-10-05T06:05:16.272725066Z
HESM,Hess Midstream LP Class A Share representing a limited partner Interest,stocks,us,XNYS,CS,True,usd,0001789832,BBG00R02H8D5,BBG00R02H8F3,2025-10-05T06:05:16.272725156Z
HEWJ,iShares Currency Hedged MSCI Japan ETF,stocks,us,ARCX,ETF,True,usd,0001100663,BBG005XKRJK4,BBG005XKRJL3,2025-10-05T06:05:16.272725236Z
HEZU,iShares Currency Hedged MSCI Eurozone ETF of ISHARES TRUST,stocks,us,ARCX,ETF,True,usd,0001100663,BBG006S5D508,BBG006S5D517,2025-10-05T06:05:16.272725316Z
HF,DGA Core Plus Absolute Return ETF,stocks,us,XNYS,ETF,True,usd,0001924868,BBG01GKCTGD3,BBG01GKCTH87,2025-10-05T06:05:16.272725396Z
HFBL,"Home Federal Bancorp, Inc. of Louisiana",stocks,us,XNAS,CS,True,usd,0001500375,BBG000QSM8F1,BBG001SNM403,2025-10-05T06:05:16.272725477Z
HFEQ,Unlimited HFEQ Equity Long/Short ETF,stocks,us,ARCX,ETF,True,usd,0001387131,BBG01W3F0MP5,BBG01W3F0RH3,2025-10-05T06:05:16.272725557Z
HFFG,HF Foods Group Inc. Common Stock,stocks,us,XNAS,CS,True,usd,0001680873,BBG00HMS9MR9,BBG00HMS9NG9,2025-10-05T06:05:16.272725637Z
HFGM,Unlimited HFGM Global Macro ETF,stocks,us,XNYS,ETF,True,usd,0001387131,BBG01T6HFZ16,BBG01T6HG003,2025-10-05T06:05:16.272725717Z
HFGO,Hartford Large Cap Growth ETF,stocks,us,BATS,ETF,True,usd,0001501825,BBG01396YP88,BBG01396YQ31,2025-10-05T06:05:16.272725797Z
HFMF,Unlimited HFMF Managed Futures ETF,stocks,us,ARCX,ETF,True,usd,0001387131,BBG01W3DV341,BBG01W3DV449,2025-10-05T06:05:16.272725877Z
HFND,Unlimited HFND Multi-Strategy Return Tracker ETF,stocks,us,XNYS,ETF,True,usd,0001387131,BBG019VDCT72,BBG019VDCV31,2025-10-05T06:05:16.272725957Z
HFRO,Highland Opportunities and Income Fund,stocks,us,XNYS,FUND,True,usd,0001710680,BBG001QMCH09,BBG001V1HXF3,2025-10-05T06:05:16.272726038Z
HFROpA,Highland Opportunities and Income Fund 5.375% Series A Cumulative Preferred Shares,stocks,us,XNYS,PFD,True,usd,0001710680,,,2025-10-05T06:05:16.272726118Z
HFROpB,Highland Opportunities and Income Fund 5.375% Series B Cumulative  Preferred Shares,stocks,us,XNYS,PFD,True,usd,0001710680,,,2025-10-05T06:05:16.272726198Z
HFSI,Hartford Strategic Income ETF,stocks,us,BATS,ETF,True,usd,0001501825,BBG012G1NXQ8,BBG012G1NYL1,2025-10-05T06:05:16.272726288Z
HFSP,TradersAI Large Cap Equity & Cash ETF,stocks,us,XNAS,ETF,True,usd,0001722388,BBG01QDBTVZ4,BBG01QDBTWV6,2025-10-05T06:05:16.272726368Z
HFWA,Heritage Financial Corp,stocks,us,XNAS,CS,True,usd,0001046025,BBG000BY3302,BBG001SBJ270,2025-10-05T06:05:16.272726448Z
HFXI,NYLI FTSE International Equity Currency Neutral ETF,stocks,us,ARCX,ETF,True,usd,0001415995,BBG009NMJ5M0,BBG009NMJ5N9,2025-10-05T06:05:16.272726519Z
HG,"Hamilton Insurance Group, Ltd. Class B Common Shares",stocks,us,XNYS,CS,True,usd,0001593275,,,2025-10-05T06:05:16.272726609Z
HGBL,HERITAGE GLOBAL INC,stocks,us,XNAS,CS,True,usd,0000849145,BBG000DSQ3Z0,BBG001S8SNN3,2025-10-05T06:05:16.272726689Z
HGER,Harbor Commodity All-Weather Strategy ETF,stocks,us,XNYS,ETF,True,usd,0001860434,BBG014VVQM55,BBG014VVQN17,2025-10-05T06:05:16.272726779Z
HGLB,Highland Global Allocation Fund,stocks,us,XNYS,FUND,True,usd,0001622148,BBG00MJH5G75,BBG00MJH5GZ4,2025-10-05T06:05:16.272726859Z
HGRO,Hedgeye Quality Growth ETF,stocks,us,ARCX,ETF,True,usd,,BBG01VFNHHG0,BBG01VFNHJX7,2025-10-05T06:05:16.272726939Z
HGTY,"Hagerty, Inc.",stocks,us,XNYS,CS,True,usd,0001840776,BBG00Z9FKMG1,BBG00Z9FKN97,2025-10-05T06:05:16.272727019Z
HGV,Hilton Grand Vacations Inc. Common Stock,stocks,us,XNYS,CS,True,usd,0001674168,BBG00CBYY6M1,BBG00CBYY6L2,2025-10-05T06:05:16.2727271Z
HHH,Howard Hughes Holdings Inc.,stocks,us,XNYS,CS,True,usd,0001981792,BBG01HTMDZ54,BBG01HTMDZ63,2025-10-05T06:05:16.27272718Z
HHS,"Harte-Hanks, Inc. Common Stock",stocks,us,XNAS,CS,True,usd,0000045919,BBG000BF3BG8,BBG001S6LQB0,2025-10-05T06:05:16.27272726Z
HI,"Hillenbrand, Inc.",stocks,us,XNYS,CS,True,usd,0001417398,BBG000KT0GV3,BBG001STH2P3,2025-10-05T06:05:16.27272734Z
HIBL,Direxion Daily S&P 500 High Beta Bull 3X Shares,stocks,us,ARCX,ETF,True,usd,0001424958,BBG00QRNDRW3,BBG00QRNDSM2,2025-10-05T06:05:16.27272742Z
HIBS,Direxion Daily S&P 500 High Beta Bear 3X Shares,stocks,us,ARCX,ETF,True,usd,0001424958,BBG00QRNF0V1,BBG00QRNF1L0,2025-10-05T06:05:16.2727275Z
HIDE,Alpha Architect High Inflation and Deflation ETF,stocks,us,XNAS,ETF,True,usd,,BBG01BFJ8864,BBG01BFJ8917,2025-10-05T06:05:16.272727581Z
HIDV,AB US High Dividend ETF,stocks,us,ARCX,ETF,True,usd,,BBG01FSQ5ZN9,BBG01FSQ60K8,2025-10-05T06:05:16.272727661Z
HIFS,Hingham Institution for Saving,stocks,us,XNAS,CS,True,usd,0001961415,BBG000C037V2,BBG001S614T2,2025-10-05T06:05:16.272727741Z
HIG,"The Hartford Insurance Group, Inc.",stocks,us,XNYS,CS,True,usd,0000874766,BBG000G0Z878,BBG001S8PXF3,2025-10-05T06:05:16.272727831Z
HIGH,Simplify Enhanced Income ETF,stocks,us,ARCX,ETF,True,usd,0001810747,BBG01B861FF1,BBG01B861GC2,2025-10-05T06:05:16.272727911Z
HIGpG,"The Hartford Insurance Group, Inc. Depositary Shares each representing a 1/1,000th interest in a share of 6.000% Non-Cumulative Preferred Stock, Series G, $0.01 par value",stocks,us,XNYS,PFD,True,usd,0000874766,,,2025-10-05T06:05:16.272728001Z
HIHO,Highway Holdings Ltd,stocks,us,XNAS,CS,True,usd,0001026785,,,2025-10-05T06:05:16.272728252Z
HII,"Huntington Ingalls Industries, Inc.",stocks,us,XNYS,CS,True,usd,0001501585,BBG001KJ2HM9,BBG001V0PDL3,2025-10-05T06:05:16.272728452Z
HIMS,"Hims & Hers Health, Inc.",stocks,us,XNYS,CS,True,usd,0001773751,BBG00Q53VYM7,BBG00Q5LQWK9,2025-10-05T06:05:16.272728643Z
HIMU,iShares High Yield Muni Active ETF,stocks,us,BATS,ETF,True,usd,0001804196,BBG01S6WC0B4,BBG01S6WC186,2025-10-05T06:05:16.272728873Z
HIMX,"Himax Technologies, Inc.",stocks,us,XNAS,ADRC,True,usd,0001342338,BBG000R01RJ8,BBG001SPKXV2,2025-10-05T06:05:16.272728953Z
HIMY,Defiance Leveraged Long Income HIMS ETF,stocks,us,XNAS,ETF,True,usd,,BBG01WT3Y075,BBG01WT3Y1M6,2025-10-05T06:05:16.272729033Z
HIMZ,Defiance Daily Target 2X Long HIMS ETF,stocks,us,XNAS,ETF,True,usd,,BBG01SRRQFG9,BBG01SRRQGH6,2025-10-05T06:05:16.272729404Z
HIND,"Vyome Holdings, Inc. Common Stock",stocks,us,XNAS,CS,True,usd,0001427570,BBG0036S6JY0,BBG0036S6JZ9,2025-10-05T06:05:16.272729484Z
HIO,"Western Asset High Income Opportunity Fund, Inc.",stocks,us,XNYS,FUND,True,usd,0000910068,BBG000BLHMB1,BBG001S7HQ69,2025-10-05T06:05:16.272729695Z
HIPO,Hippo Holdings Inc.,stocks,us,XNYS,CS,True,usd,0001828105,BBG00YRW91F7,BBG00YRW9292,2025-10-05T06:05:16.272729775Z
HIPS,GraniteShares HIPS US High Income ETF,stocks,us,ARCX,ETF,True,usd,0001689873,BBG007V9C408,BBG007V9C3Z2,2025-10-05T06:05:16.272729895Z
HISF,First Trust Exchange-Traded Fund IV First Trust High Income Strategic Focus ETF,stocks,us,XNAS,ETF,True,usd,0001517936,BBG006YSN859,BBG006YSN868,2025-10-05T06:05:16.272729975Z
HIT,"Health In Tech, Inc. Class A Common Stock",stocks,us,XNAS,CS,True,usd,0002019505,BBG01PK1D0N8,BBG01PK1D1P4,2025-10-05T06:05:16.272730055Z
HITI,High Tide Inc. Common Shares,stocks,us,XNAS,CS,True,usd,0001847409,BBG00N6WFFQ4,BBG00MF4XPP7,2025-10-05T06:05:16.272730135Z
HIVE,HIVE Digital Technologies Ltd. Common Shares,stocks,us,XNAS,CS,True,usd,0001720424,BBG000HSWHL3,BBG001SFKS45,2025-10-05T06:05:16.272730216Z
HIW,Highwoods Properties Inc.,stocks,us,XNYS,CS,True,usd,0000921082,BBG000C43744,BBG001S7X2X4,2025-10-05T06:05:16.272730296Z
HIX,"Western Asset High Income Fund II, Inc.",stocks,us,XNYS,FUND,True,usd,0001058239,BBG000BP8B71,BBG001S98MP3,2025-10-05T06:05:16.272730496Z
HIYS,Invesco High Yield Select ETF,stocks,us,BATS,ETF,True,usd,0001418144,BBG01BTSPGR9,BBG01BTSPHM2,2025-10-05T06:05:16.272730576Z
HIYY,YieldMax HIMS Option Income Strategy ETF,stocks,us,ARCX,ETS,True,usd,,BBG01XG3C4C7,BBG01XG3C6N0,2025-10-05T06:05:16.272730686Z
HKD,AMTD Digital Inc. American Depositary Shares (every five of which represent two Class A Ordinary Shares),stocks,us,XNYS,ADRC,True,usd,0001809691,BBG0115RG361,BBG0115RG414,2025-10-05T06:05:16.272730767Z
HKIT,Hitek Global Inc. Class A Ordinary Share,stocks,us,XNAS,CS,True,usd,0001742341,,,2025-10-05T06:05:16.272730847Z
HKND,Humankind US Stock ETF,stocks,us,ARCX,ETF,True,usd,,BBG00ZF383S4,BBG00ZF384M8,2025-10-05T06:05:16.272730927Z
HKPD,Hong Kong Pharma Digital Technology Holdings Limited Ordinary shares,stocks,us,XNAS,CS,True,usd,0002007702,,,2025-10-05T06:05:16.272731007Z
HL,Hecla Mining Company,stocks,us,XNYS,CS,True,usd,0000719413,BBG000BL5W86,BBG001S5RXF7,2025-10-05T06:05:16.272731308Z
HLAL,Wahed FTSE USA Shariah ETF,stocks,us,XNAS,ETF,True,usd,0001776878,BBG00PPRBND0,BBG00PPRBP63,2025-10-05T06:05:16.272731398Z
HLF,Herbalife Ltd.,stocks,us,XNYS,CS,True,usd,0001180262,,,2025-10-05T06:05:16.272731478Z
HLI,"Houlihan Lokey, Inc.",stocks,us,XNYS,CS,True,usd,0001302215,BBG000CZTB66,BBG001SFVN99,2025-10-05T06:05:16.272731558Z
HLIO,"Helios Technologies, Inc.",stocks,us,XNYS,CS,True,usd,0001024795,BBG000HL4L03,BBG001S99DF3,2025-10-05T06:05:16.272731638Z
HLIT,Harmonic Inc,stocks,us,XNAS,CS,True,usd,0000851310,BBG000BTXZ45,BBG001S73CC8,2025-10-05T06:05:16.272731718Z
HLLY,Holley Inc.,stocks,us,XNYS,CS,True,usd,0001822928,BBG00Y3N2SC4,BBG00Y3N2SD3,2025-10-05T06:05:16.272731799Z
HLLY.WS,"Holley Inc. Redeemable Warrants, each whole warrant exercisable for one share of Common Stock at an exercise price of $11.50",stocks,us,XNYS,WARRANT,True,usd,0001822928,BBG00Y7BV1L3,,2025-10-05T06:05:16.272731889Z
HLMN,Hillman Solutions Corp. Common Stock,stocks,us,XNAS,CS,True,usd,0001822492,BBG00XXPB3L3,BBG00YC6W7C4,2025-10-05T06:05:16.272731969Z
HLN,Haleon plc American Depositary Shares (Each representing two Ordinary Shares),stocks,us,XNYS,ADRC,True,usd,0001900304,BBG018GZNCH6,BBG018GZNDB0,2025-10-05T06:05:16.272732079Z
HLNE,Hamilton Lane Incorporated Class A Common Stock,stocks,us,XNAS,CS,True,usd,0001433642,BBG00FX58Q66,BBG00FX58Q75,2025-10-05T06:05:16.272732169Z
HLP,Hongli Group Inc. Ordinary Shares,stocks,us,XNAS,CS,True,usd,0001855557,,,2025-10-05T06:05:16.272732249Z
HLT,Hilton Worldwide Holdings Inc.,stocks,us,XNYS,CS,True,usd,0001585689,BBG0058KMH30,BBG0058KMH49,2025-10-05T06:05:16.27273233Z
HLX,"Helix Energy Solutions Group, Inc.",stocks,us,XNYS,CS,True,usd,0000866829,BBG000J7Q1L9,BBG001S978V8,2025-10-05T06:05:16.27273252Z
HLpB,Hecla Mining Company Series B Cumulative Convertible Preferred,stocks,us,XNYS,PFD,True,usd,0000719413,,,2025-10-05T06:05:16.2727326Z
HMC,"Honda Motor Co., Ltd. American Depositary Share, each representing three (3) shares of Common Stock",stocks,us,XNYS,ADRC,True,usd,0000715153,BBG000BL6B45,BBG001S5RXR4,2025-10-05T06:05:16.27273268Z
HMN,Horace Mann Educators Corporation,stocks,us,XNYS,CS,True,usd,0000850141,BBG000BL7VL1,BBG001S5RY01,2025-10-05T06:05:16.27273276Z
HMOP,Hartford Municipal Opportunities ETF,stocks,us,ARCX,ETF,True,usd,0001501825,BBG00JGMYWX8,BBG00JGMYXN7,2025-10-05T06:05:16.272732841Z
HMR,Heidmar Maritime Holdings Corp. Common Stock,stocks,us,XNAS,CS,True,usd,0002029471,,,2025-10-05T06:05:16.272732921Z
HMY,Harmony Gold Mining Company Limited,stocks,us,XNYS,ADRC,True,usd,0001023514,BBG000BX93G1,BBG001S64W80,2025-10-05T06:05:16.272733001Z
HNDL,Strategy Shares Nasdaq 7HANDL Index ETF,stocks,us,XNAS,ETF,True,usd,,BBG00JRGTR66,BBG00JRGTRX6,2025-10-05T06:05:16.272733081Z
HNGE,"Hinge Health, Inc.",stocks,us,XNYS,CS,True,usd,0001673743,BBG00H8V6LH4,BBG00H8V6LJ2,2025-10-05T06:05:16.272733161Z
HNI,HNI Corporation,stocks,us,XNYS,CS,True,usd,0000048287,BBG000C7QK61,BBG001S6Q6F5,2025-10-05T06:05:16.272733241Z
HNNA,"Hennessy Advisors, Inc.",stocks,us,XNAS,CS,True,usd,0001145255,BBG000F4P4Z0,BBG001SKT8Q5,2025-10-05T06:05:16.272733322Z
HNNAZ,"Hennessy Advisors, Inc. 4.875% Notes due 2026",stocks,us,XNAS,CS,True,usd,0001145255,,,2025-10-05T06:05:16.272733402Z
HNRG,Hallador Energy Company,stocks,us,XNAS,CS,True,usd,0000788965,BBG000DP9RS0,BBG001S8HST8,2025-10-05T06:05:16.272733742Z
HNST,"The Honest Company, Inc. Common Stock",stocks,us,XNAS,CS,True,usd,0001530979,BBG002TWLBL2,BBG002TWLBM1,2025-10-05T06:05:16.272733822Z
HNVR,"Hanover Bancorp, Inc. Common Stock",stocks,us,XNAS,CS,True,usd,0001828588,BBG01VV1VPD9,BBG01VV1VPV9,2025-10-05T06:05:16.272733953Z
HODL,VanEck Bitcoin ETF,stocks,us,BATS,ETF,True,usd,0001838028,BBG01KY678Y1,BBG01KY679S6,2025-10-05T06:05:16.272734033Z
HOFT,Hooker Furnishings Corporation Common Stock,stocks,us,XNAS,CS,True,usd,0001077688,BBG000BNSKG4,BBG001S9JGQ3,2025-10-05T06:05:16.272734113Z
HOG,"Harley-Davidson, Inc.",stocks,us,XNYS,CS,True,usd,0000793952,BBG000BKZTP3,BBG001S5RTY5,2025-10-05T06:05:16.272734193Z
HOLA,JPMorgan International Hedged Equity Laddered Overlay ETF,stocks,us,ARCX,ETF,True,usd,0001485894,BBG01VRS2042,BBG01VRS2122,2025-10-05T06:05:16.272734273Z
HOLD,Harbor Alpha Layering ETF,stocks,us,ARCX,ETF,True,usd,0001860434,BBG01WJ033C4,BBG01WJ034G8,2025-10-05T06:05:16.272734353Z
HOLO,MicroCloud Hologram Inc. Ordinary Shares,stocks,us,XNAS,CS,True,usd,0001841209,,,2025-10-05T06:05:16.272734444Z
HOLOW,MicroCloud Hologram Inc. Warrant,stocks,us,XNAS,WARRANT,True,usd,0001841209,,,2025-10-05T06:05:16.272734524Z
HOLX,Hologic Inc,stocks,us,XNAS,CS,True,usd,0000859737,BBG000C3NTN5,BBG001S6HWB2,2025-10-05T06:05:16.272734604Z
HOMB,"Home BancShares, Inc.",stocks,us,XNYS,CS,True,usd,0001331520,BBG000QJXDW9,BBG001SN0R60,2025-10-05T06:05:16.272734684Z
HOMZ,Hoya Capital Housing ETF,stocks,us,ARCX,ETF,True,usd,0001539639,BBG00NLMS587,BBG00NLMS603,2025-10-05T06:05:16.272734764Z
HON,"Honeywell International, Inc.",stocks,us,XNAS,CS,True,usd,0000773840,BBG000H556T9,BBG001S5X1N1,2025-10-05T06:05:16.272734844Z
HOND,HCM II Acquisition Corp. Class A Ordinary Shares,stocks,us,XNAS,CS,True,usd,0002019804,,,2025-10-05T06:05:16.272734925Z
HONDU,HCM II Acquisition Corp. Unit,stocks,us,XNAS,UNIT,True,usd,0002019804,,,2025-10-05T06:05:16.272735005Z
HONDW,HCM II Acquisition Corp. Warrant,stocks,us,XNAS,WARRANT,True,usd,0002019804,,,2025-10-05T06:05:16.272735085Z
HONE,"HarborOne Bancorp, Inc. Common Stock",stocks,us,XNAS,CS,True,usd,0001769617,BBG00NKZNGB6,BBG00NKZNGC5,2025-10-05T06:05:16.272735175Z
HOOD,"Robinhood Markets, Inc. Class A Common Stock",stocks,us,XNAS,CS,True,usd,0001783879,BBG008NMBXN8,BBG008NMBXP6,2025-10-05T06:05:16.272735255Z
HOOG,Leverage Shares 2X Long HOOD Daily ETF,stocks,us,XNAS,ETF,True,usd,0001976322,BBG01SX2GR72,BBG01SX2GS70,2025-10-05T06:05:16.272735335Z
HOOI,Defiance Leveraged Long Income HOOD ETF,stocks,us,XNAS,ETF,True,usd,,BBG01WT3ZX72,BBG01WT3ZY34,2025-10-05T06:05:16.272735416Z
HOOW,Roundhill HOOD WeeklyPay ETF,stocks,us,BATS,ETF,True,usd,,BBG01VKS3654,BBG01VKS3761,2025-10-05T06:05:16.272735496Z
HOOX,Defiance Daily Target 2X Long HOOD ETF,stocks,us,XNAS,ETF,True,usd,,BBG01SRRT3H2,BBG01SRRT4C5,2025-10-05T06:05:16.272735576Z
HOOY,YieldMax HOOD Option Income Strategy ETF,stocks,us,ARCX,ETS,True,usd,,BBG01TNZHB36,BBG01TNZHC43,2025-10-05T06:05:16.272735656Z
HOPE,"Hope Bancorp, Inc.",stocks,us,XNAS,CS,True,usd,0001128361,BBG000DXHBN4,BBG001S8F2H0,2025-10-05T06:05:16.272735746Z
HOTH,"Hoth Therapeutics, Inc. Common Stock",stocks,us,XNAS,CS,True,usd,0001711786,BBG00H0HZ8S8,BBG00H0HZ8T7,2025-10-05T06:05:16.272735826Z
HOUR,"Hour Loop, Inc. Common Stock",stocks,us,XNAS,CS,True,usd,0001874875,BBG0137W8PC7,BBG0137W8QC5,2025-10-05T06:05:16.272735906Z
HOUS,Anywhere Real Estate Inc.,stocks,us,XNYS,CS,True,usd,0001398987,BBG000QN4GY3,BBG001SSDCC1,2025-10-05T06:05:16.272735987Z
HOV,"Hovnanian Enterprises, Inc. Class A",stocks,us,XNYS,CS,True,usd,0000357294,BBG000BLCBN7,BBG001S5RZM4,2025-10-05T06:05:16.272736067Z
HOVNP,Hovnanian Enterprises Inc. Dep Shr Srs A Pfd,stocks,us,XNAS,PFD,True,usd,0000357294,,,2025-10-05T06:05:16.272736147Z
HOVR,New Horizon Aircraft Ltd. Class A Ordinary Share,stocks,us,XNAS,CS,True,usd,0001930021,BBG01G281P33,BBG01G281PY9,2025-10-05T06:05:16.272736227Z
HOVRW,New Horizon Aircraft Ltd. Warrant,stocks,us,XNAS,WARRANT,True,usd,0001930021,BBG01G3N7FK6,,2025-10-05T06:05:16.272736307Z
HOWL,"Werewolf Therapeutics, Inc. Common Stock",stocks,us,XNAS,CS,True,usd,0001785530,BBG00QXQ9XK4,BBG00QXQ9XL3,2025-10-05T06:05:16.272736397Z
HOYY,GraniteShares YieldBOOST HOOD ETF,stocks,us,XNAS,ETF,True,usd,0001689873,BBG01XHHPH78,BBG01XHHPJ56,2025-10-05T06:05:16.272736488Z
HP,"Helmerich & Payne, Inc.",stocks,us,XNYS,CS,True,usd,0000046765,BBG000BLCPY4,BBG001S5RZP1,2025-10-05T06:05:16.272736558Z
HPAI,Helport AI Limited Ordinary Shares,stocks,us,XNAS,CS,True,usd,0002001699,,,2025-10-05T06:05:16.272736648Z
HPAIW,Helport AI Limited Warrants,stocks,us,XNAS,WARRANT,True,usd,0002001699,,,2025-10-05T06:05:16.272736718Z
HPE,Hewlett Packard Enterprise Company,stocks,us,XNYS,CS,True,usd,0001645590,BBG0078W3NQ3,BBG0078W3NP4,2025-10-05T06:05:16.272736808Z
HPEpC,Hewlett Packard Enterprise Company 7.625% Series C Mandatory Convertible Preferred Stock,stocks,us,XNYS,SP,True,usd,0001645590,,,2025-10-05T06:05:16.272736888Z
HPF,John Hancock Preferred Income Fund II,stocks,us,XNYS,FUND,True,usd,0001189740,BBG000F4BBK5,BBG001SGPCF1,2025-10-05T06:05:16.272736968Z
HPI,John Hancock Preferred Income Fund,stocks,us,XNYS,FUND,True,usd,0001176199,BBG000BDH0T8,BBG001S6WS24,2025-10-05T06:05:16.272737189Z
HPK,"HighPeak Energy, Inc. Common Stock",stocks,us,XNAS,CS,True,usd,0001792849,BBG00RD1PYM7,BBG00RD1PYR2,2025-10-05T06:05:16.272737269Z
HPP,"Hudson Pacific Properties, Inc.",stocks,us,XNYS,CS,True,usd,0001482512,BBG000QC4T33,BBG001T6TCN9,2025-10-05T06:05:16.272737349Z
HPPpC,"Hudson Pacific Properties, Inc. 4.750% Series C Cumulative Redeemable Preferred Stock",stocks,us,XNYS,PFD,True,usd,0001482512,,,2025-10-05T06:05:16.272737429Z
HPQ,HP Inc.,stocks,us,XNYS,CS,True,usd,0000047217,BBG000KHWT55,BBG001S6W7N7,2025-10-05T06:05:16.27273751Z
HPS,John Hancock Preferred Income Fund III,stocks,us,XNYS,FUND,True,usd,0001215913,BBG000C16LM6,BBG001SDH3R4,2025-10-05T06:05:16.27273759Z
HQGO,Hartford US Quality Growth ETF,stocks,us,XNAS,ETF,True,usd,,BBG01KD9HBJ7,BBG01KD9HCD1,2025-10-05T06:05:16.27273767Z
HQH,abrdn Healthcare Investors,stocks,us,XNYS,FUND,True,usd,0000805267,BBG000BLDGG3,BBG001S5S013,2025-10-05T06:05:16.27273775Z
HQI,"HireQuest, Inc. Common Stock (DE)",stocks,us,XNAS,CS,True,usd,0001140102,BBG000CX93B5,BBG001SGSP96,2025-10-05T06:05:16.272738101Z
HQL,abrdn Life Sciences Investors,stocks,us,XNYS,FUND,True,usd,0000884121,BBG000BCDQC5,BBG001S6TBF1,2025-10-05T06:05:16.272738191Z
HQY,"HealthEquity, Inc",stocks,us,XNAS,CS,True,usd,0001428336,BBG000TYXCT9,BBG001T8JKN8,2025-10-05T06:05:16.272738301Z
HR,Healthcare Realty Trust Incorporated,stocks,us,XNYS,CS,True,usd,0001360604,BBG000PRJCX9,BBG001T5WP21,2025-10-05T06:05:16.272738381Z
HRB,"H&R Block, Inc.",stocks,us,XNYS,CS,True,usd,0000012659,BBG000BLDV98,BBG001S5S031,2025-10-05T06:05:16.272738461Z
HRI,Herc Holdings Inc.,stocks,us,XNYS,CS,True,usd,0001364479,BBG000FNRZ69,BBG001SNNBX0,2025-10-05T06:05:16.272738541Z
HRL,Hormel Foods Corporation,stocks,us,XNYS,CS,True,usd,0000048465,BBG000BLF8D2,BBG001S5S0D0,2025-10-05T06:05:16.272738622Z
HRMY,"Harmony Biosciences Holdings, Inc. Common Stock",stocks,us,XNAS,CS,True,usd,0001802665,BBG00WBPG4C2,BBG00WBPG548,2025-10-05T06:05:16.272738702Z
HROW,"Harrow, Inc. Common Stock",stocks,us,XNAS,CS,True,usd,0001360214,BBG000QXWY44,BBG001SSTRN9,2025-10-05T06:05:16.272739022Z
HROWL,"Harrow, Inc. 8.625% Senior Notes due 2026",stocks,us,XNAS,CS,True,usd,0001360214,,,2025-10-05T06:05:16.272739103Z
HROWM,"Harrow, Inc. 11.875% Senior Notes due 2027",stocks,us,XNAS,CS,True,usd,0001360214,,,2025-10-05T06:05:16.272739203Z
HRTG,HERITAGE INSURANCE HOLDINGS INC,stocks,us,XNYS,CS,True,usd,0001598665,BBG006D4PF48,BBG006D4PF57,2025-10-05T06:05:16.272739293Z
HRTS,Tema ETF Trust Tema Heart & Health ETF,stocks,us,XNAS,ETF,True,usd,0002056807,BBG01K8GXRJ4,BBG01K8GXSF6,2025-10-05T06:05:16.272739373Z
HRTX,"Heron Therapeutics, Inc.",stocks,us,XNAS,CS,True,usd,0000818033,BBG000G2GJT7,BBG001SB92D4,2025-10-05T06:05:16.272739453Z
HRZN,Horizon Technology Finance Corporation,stocks,us,XNAS,CS,True,usd,0001487428,BBG000QJZTT6,BBG001T7JC58,2025-10-05T06:05:16.272739543Z
HSAI,"Hesai Group American Depositary Share, each ADS represents one Class B ordinary share",stocks,us,XNAS,CS,True,usd,0001861737,BBG01CCYDD47,BBG01CCYDDZ3,2025-10-05T06:05:16.272739624Z
HSBC,HSBC Holdings PLC,stocks,us,XNYS,ADRC,True,usd,0001089113,BBG000C1K7N0,BBG001SCZVC0,2025-10-05T06:05:16.272739704Z
HSBH,HSBC Holdings plc ADRhedged,stocks,us,ARCX,ETS,True,usd,,BBG01Q37TG78,BBG01Q37THL0,2025-10-05T06:05:16.272739784Z
HSCS,HeartSciences Inc. Common Stock,stocks,us,XNAS,CS,True,usd,0001468492,BBG0185L0044,BBG0185L0106,2025-10-05T06:05:16.272739864Z
HSCSW,HeartSciences Inc. Warrant,stocks,us,XNAS,WARRANT,True,usd,0001468492,BBG0185L9036,,2025-10-05T06:05:16.272739944Z
HSCZ,iShares Currency Hedged MSCI EAFE Small-Cap ETF,stocks,us,ARCX,ETF,True,usd,0001100663,BBG009HYWS28,BBG009HYWS37,2025-10-05T06:05:16.272740024Z
HSDT,Solana Company Class A Common Stock (DE),stocks,us,XNAS,CS,True,usd,0001610853,BBG006QSQYY6,BBG006NXG8C0,2025-10-05T06:05:16.272740104Z
HSHP,Himalaya Shipping Ltd.,stocks,us,XNYS,CS,True,usd,0001959455,,,2025-10-05T06:05:16.272740185Z
HSIC,Henry Schein Inc,stocks,us,XNAS,CS,True,usd,0001000228,BBG000BNMMJ3,BBG001S6S7F1,2025-10-05T06:05:16.272740525Z
HSII,Heidrick & Struggles Inc,stocks,us,XNAS,CS,True,usd,0001066605,BBG000CYTZ93,BBG001SCQ2H9,2025-10-05T06:05:16.272740605Z
HSMV,First Trust Horizon Managed Volatility Small/Mid ETF,stocks,us,ARCX,ETF,True,usd,0001424212,BBG00SK8GX99,BBG00SK8GY15,2025-10-05T06:05:16.272740716Z
HSPO,Horizon Space Acquisition I Corp. Ordinary Shares,stocks,us,XNAS,CS,True,usd,0001946021,,,2025-10-05T06:05:16.272740796Z
HSPOR,Horizon Space Acquisition I Corp. Right,stocks,us,XNAS,RIGHT,True,usd,0001946021,,,2025-10-05T06:05:16.272740876Z
HSPOU,Horizon Space Acquisition I Corp. Unit,stocks,us,XNAS,UNIT,True,usd,0001946021,,,2025-10-05T06:05:16.272740956Z
HSPOW,Horizon Space Acquisition I Corp. Warrant,stocks,us,XNAS,WARRANT,True,usd,0001946021,,,2025-10-05T06:05:16.272741036Z
